指標名,文化財,,,,,,,,,,,,,,,,,
出典,国指定文化財等データベース,,,,,,,,,,,,,,,,,
年次,2024/1/8取得,,,,,,,,,,,,,,,,,
URL,https://kunishitei.bunka.go.jp/,,,,,,,,,,,,,,,,,
備考,（2019年：482件。2020年：516件、2021年：548件、2022年：553件、2023年：559件、2024年：578件）※所在地の記載のないもの、無形を除く,,,,,,,,,,,,,,,,,
,,,,,,,,,,,,,,,,,,
区,町丁,エリア,住所,緯度,経度,名称,棟名,文化財種類,種別1,種別2,国,時代,重文指定年月日,国宝指定年月日,保管施設の名称,所有者名,管理団体又は責任者,
渋谷区,猿楽町,-,東京都渋谷区猿楽町２９−２０,35.64751567,139.700901,旧朝倉家住宅,主屋,国宝・重要文化財（建造物）,重要文化財,近代／住居,,大正,20041210,,,国（文部科学省）,渋谷区,
江東区,永代１丁目,-,東京都江東区永代１丁目３１ ～中央区新川１丁目 永代橋,35.67629726,139.787536,永代橋,,国宝・重要文化財（建造物）,重要文化財,近代／産業・交通・土木,,大正,20070618,,,東京都,,
千代田区,北の丸公園,-,東京都千代田区北の丸公園２−２ 清水門,35.69276557,139.7525933,旧江戸城清水門,櫓門,国宝・重要文化財（建造物）,重要文化財,近世以前／城郭,,江戸前期,19610607,,,国(環境省),,
千代田区,北の丸公園,-,東京都千代田区北の丸公園２−２ 清水門,35.69278731,139.7528028,旧江戸城清水門,清水門,国宝・重要文化財（建造物）,重要文化財,近世以前／城郭,,江戸前期,19610607,,,国(環境省),,
千代田区,皇居外苑,-,東京都千代田区皇居外苑１−１,35.67862284,139.753793,旧江戸城外桜田門,櫓門,国宝・重要文化財（建造物）,重要文化財,近世以前／城郭,,江戸中期,19610607,,,国(環境省),皇居外苑管理事務所,
千代田区,北の丸公園,-,東京都千代田区北の丸公園２−５,35.69428302,139.7493702,旧江戸城田安門,田安門,国宝・重要文化財（建造物）,重要文化財,近世以前／城郭,,江戸前期,19610607,,,国(環境省),,
新宿区,大久保３丁目,-,東京都新宿区大久保３丁目１４−９,35.70720648,139.7091152,学習院旧正門,,国宝・重要文化財（建造物）,重要文化財,近代／学校,,明治,19730602,,,学校法人学習院,,
中央区,築地６丁目,-,東京都中央区築地６丁目１９−２０ 墨田区吾妻橋1丁目12,35.66223484,139.7749182,勝鬨橋,,国宝・重要文化財（建造物）,重要文化財,近代／産業・交通・土木,,昭和,20070618,,,東京都,,
港区,白金台５丁目,-,東京都港区白金台５丁目２１−９,35.635675,139.720813,旧朝香宮邸,正門,国宝・重要文化財（建造物）,重要文化財,近代／住居,,昭和,20150708,,,東京都,,
港区,白金台５丁目,-,東京都港区白金台５丁目２１−２２,35.636367,139.718837,旧朝香宮邸,茶室,国宝・重要文化財（建造物）,重要文化財,近代／住居,,昭和,20150708,,,東京都,,
港区,白金台５丁目,-,東京都港区白金台５丁目２１−９,35.636848,139.719315,旧朝香宮邸,本館,国宝・重要文化財（建造物）,重要文化財,近代／住居,,昭和,20150708,,,東京都,,
港区,白金台５丁目,-,東京都港区白金台５丁目２１−１８,35.637252,139.719401,旧朝香宮邸,倉庫,国宝・重要文化財（建造物）,重要文化財,近代／住居,,昭和,20150708,,,東京都,,
港区,白金台５丁目,-,東京都港区白金台５丁目２１−１８,35.637264,139.719702,旧朝香宮邸,自動車庫,国宝・重要文化財（建造物）,重要文化財,近代／住居,,昭和,20150708,,,東京都,,
渋谷区,猿楽町,-,東京都渋谷区猿楽町２９−２９ ヒルサイドテラスC棟 内,35.64764275,139.700699,旧朝倉家住宅,土蔵,国宝・重要文化財（建造物）,重要文化財,近代／住居,,大正,20041210,,,国（文部科学省）,渋谷区,
千代田区,皇居外苑,-,東京都千代田区皇居外苑１−１,35.67855529,139.753678,旧江戸城外桜田門,外桜田門,国宝・重要文化財（建造物）,重要文化財,近世以前／城郭,,江戸中期,19610607,,,国(環境省),,
千代田区,北の丸公園,-,東京都千代田区北の丸公園２−５,35.69405624,139.7493098,旧江戸城田安門,櫓門,国宝・重要文化財（建造物）,重要文化財,近世以前／城郭,,江戸前期,19610607,,,国(環境省),,
渋谷区,広尾４丁目,-,東京都渋谷区広尾４丁目１−４,35.65442778,139.7203678,旧久邇宮邸（聖心女子大学）,御常御殿・小食堂,国宝・重要文化財（建造物）,重要文化財,近代／住居,,大正,20171128,,,学校法人聖心女子学院,,
渋谷区,広尾４丁目,-,東京都渋谷区広尾４丁目１−４,35.65442778,139.7203678,旧久邇宮邸（聖心女子大学）,正門,国宝・重要文化財（建造物）,重要文化財,近代／住居,,大正,20171128,,,学校法人聖心女子学院,,
品川区,東五反田３丁目,-,東京都品川区東五反田３丁目１−４,35.63072694,139.7295889,旧島津家本邸,本館,国宝・重要文化財（建造物）,重要文化財,近代／住居,,大正,20191227,,,学校法人　清泉女子大学,,
品川区,東五反田３丁目,-,東京都品川区東五反田３丁目１−４,35.63072694,139.7295889,旧島津家本邸,事務所,国宝・重要文化財（建造物）,重要文化財,近代／住居,,大正,20191227,,,学校法人　清泉女子大学,,
新宿区,若宮町,-,東京都新宿区若宮町３９,35.6984222,139.73849,旧馬場家牛込邸,,国宝・重要文化財（建造物）,重要文化財,近代／住居,,昭和,20140918,,,国（最高裁判所）,,
江東区,清澄１丁目,-,東京都江東区清澄１丁目１ ～中央区日本橋中洲 清洲橋,35.68242422,139.7918821,清洲橋,,国宝・重要文化財（建造物）,重要文化財,近代／産業・交通・土木,,昭和,20070618,,,東京都,,
港区,三田２丁目,-,東京都港区三田２丁目１５−５０,35.64829815,139.7422828,慶応義塾図書館,,国宝・重要文化財（建造物）,重要文化財,近代／学校,,明治,19690312,,,学校法人慶応義塾,,
港区,三田２丁目,-,東京都港区三田２丁目１５−５０,35.64829815,139.7422828,慶応義塾三田演説館,,国宝・重要文化財（建造物）,重要文化財,近代／学校,,明治,19670615,,,学校法人慶応義塾,,
千代田区,北の丸公園,-,東京都千代田区北の丸公園１−１,35.68963434,139.750447,旧近衛師団司令部庁舎,,国宝・重要文化財（建造物）,重要文化財,近代／官公庁舎,,明治,19721002,,,独立行政法人国立美術館,,
新宿区,内藤町,-,東京都新宿区内藤町１１,35.68693114,139.7109775,新宿御苑旧洋館御休所,,国宝・重要文化財（建造物）,重要文化財,近代／文化施設,,明治,20011114,,,国（環境省）,,
千代田区,永田町１丁目,赤坂,東京都千代田区永田町１丁目１,35.67786583,139.7475769,水準原点,原点,国宝・重要文化財（建造物）,重要文化財,近代／産業・交通・土木,,明治,20191227,,,国（国土交通省）,,
千代田区,永田町１丁目,赤坂,東京都千代田区永田町１丁目１,35.67786583,139.7475769,水準原点,掩蓋,国宝・重要文化財（建造物）,重要文化財,近代／産業・交通・土木,,明治,20191227,,,国（国土交通省）,,
港区,白金台３丁目,-,東京都港区白金台３丁目２−１９,35.63729375,139.7269331,瑞聖寺大雄宝殿,,国宝・重要文化財（建造物）,重要文化財,近世以前／寺院,,江戸後期,19920810,,,瑞聖寺,,
新宿区,霞ヶ丘町,-,東京都新宿区霞ヶ丘町１−１,35.67877212,139.7176305,聖徳記念絵画館,,国宝・重要文化財（建造物）,重要文化財,近代／文化施設,,大正,20110620,,,,,
港区,芝公園４丁目,-,東京都港区芝公園４丁目７,35.65724511,139.7500273,増上寺三解脱門,,国宝・重要文化財（建造物）,重要文化財,近世以前／寺院,,江戸前期,19150326,,,増上寺,,
港区,芝公園４丁目,-,東京都港区芝公園４丁目８,35.65613406,139.7498382,旧台徳院霊廟惣門,,国宝・重要文化財（建造物）,重要文化財,近世以前／神社,,江戸前期,19300523,,,,株式会社西武・プリンスホテルズワールドワイド,
中央区,日本橋２丁目,日八京,東京都中央区日本橋２丁目４−１,35.68078334,139.7734784,髙島屋東京店,髙島屋東京店,国宝・重要文化財（建造物）,重要文化財,近代／商業・業務,,昭和,20090630,,,株式会社髙島屋,,
江東区,富岡１丁目,-,東京都江東区富岡１丁目１９−１ 八幡橋(旧弾正橋)【国指定重要文化財】,35.67185701,139.8006076,旧弾正橋（八幡橋）,,国宝・重要文化財（建造物）,重要文化財,近代／産業・交通・土木,,明治,19770627,,,東京都江東区,,
中央区,築地３丁目,-,東京都中央区築地３丁目１５−１,35.66651194,139.7722719,築地本願寺本堂,,国宝・重要文化財（建造物）,重要文化財,近代／宗教,,昭和,20141210,,,築地本願寺,,
千代田区,丸の内１丁目,大丸有,東京都千代田区丸の内１丁目９−１ 東京ステーションホテル,35.6813841,139.7660102,東京駅丸ノ内本屋,,国宝・重要文化財（建造物）,重要文化財,近代／産業・交通・土木,,大正,20030530,,,東日本旅客鉄道株式会社,,
港区,元赤坂２丁目,-,東京都港区元赤坂２丁目１−１,35.68021736,139.7287584,旧東宮御所（迎賓館赤坂離宮）,旧東宮御所（迎賓館赤坂離宮）,国宝・重要文化財（建造物）,国宝,近代／住居,,明治,20091208,,,内閣府,,
中央区,日本橋本石町２丁目,日八京,東京都中央区日本橋本石町２丁目１−１,35.68656247,139.7715401,日本銀行本店本館,,国宝・重要文化財（建造物）,重要文化財,近代／商業・業務,,明治,19740205,,,日本銀行,,
中央区,日本橋室町１丁目,日八京,東京都中央区日本橋室町１丁目１−１,35.684057,139.7744929,日本橋,,国宝・重要文化財（建造物）,重要文化財,近代／産業・交通・土木,,明治,19990513,,,国（国土交通省）,,
千代田区,神田駿河台４丁目,-,東京都千代田区神田駿河台４丁目１−３,35.69799403,139.7655446,日本ハリストス正教会教団復活大聖堂（ニコライ堂）,,国宝・重要文化財（建造物）,重要文化財,近代／宗教,,明治,19620621,,,日本ハリストス正教会教団,,
港区,赤坂４丁目,赤坂,東京都港区赤坂４丁目１０−３６,35.67512778,139.7334861,武家屋敷門,,国宝・重要文化財（建造物）,重要文化財,近世以前／住宅,,江戸末期,19470226,,,学校法人山脇学園,,
品川区,西五反田４丁目,-,東京都品川区西五反田４丁目１２−１,35.62640833,139.7100222,宝篋印塔,-1,国宝・重要文化財（建造物）,重要文化財,近世以前／その他,,鎌倉後期,19530829,,,宗教法人　安養院,,
品川区,西五反田４丁目,-,東京都品川区西五反田４丁目１２−１,35.62640833,139.7100222,宝篋印塔,-2,国宝・重要文化財（建造物）,重要文化財,近世以前／その他,,鎌倉後期,19530829,,,宗教法人　安養院,,
千代田区,霞が関１丁目,虎ノ門広域,東京都千代田区霞が関１丁目１ 法務省赤れんが棟3階,35.67640241,139.7533893,法務省旧本館,,国宝・重要文化財（建造物）,重要文化財,近代／官公庁舎,,明治,19941227,,,国（法務省）,,
港区,赤坂４丁目,赤坂,東京都港区赤坂４丁目１０−３６,35.67512778,139.7334861,三井本館,,国宝・重要文化財（建造物）,重要文化財,近代／商業・業務,,昭和,19981225,,,三井不動産株式会社,,
中央区,日本橋室町１丁目,日八京,東京都中央区日本橋室町１丁目４−１ 本館6階,35.685597,139.773352,三越日本橋本店,,国宝・重要文化財（建造物）,重要文化財,近代／商業・業務,,昭和,20160725,,,株式会社三越伊勢丹,,
港区,白金台１丁目,-,東京都港区白金台１丁目２−３７,35.63679011,139.7311146,明治学院インブリー館,,国宝・重要文化財（建造物）,重要文化財,近代／学校,,明治,19981225,,,学校法人明治学院,,
渋谷区,代々木神園町,-,東京都渋谷区代々木神園町１−１,35.67300778,139.702605,明治神宮,本殿,国宝・重要文化財（建造物）,重要文化財,近代／宗教,,昭和,20201223,,,宗教法人明治神宮,,
渋谷区,代々木神園町,-,東京都渋谷区代々木神園町１−１,35.67300778,139.702605,明治神宮,内拝殿及び祝詞殿,国宝・重要文化財（建造物）,重要文化財,近代／宗教,,昭和,20201223,,,宗教法人明治神宮,,
渋谷区,代々木神園町,-,東京都渋谷区代々木神園町１−１,35.67300778,139.702605,明治神宮,内院渡廊,国宝・重要文化財（建造物）,重要文化財,近代／宗教,,昭和,20201223,,,宗教法人明治神宮,,
渋谷区,代々木神園町,-,東京都渋谷区代々木神園町１−１,35.67300778,139.702605,明治神宮,内院渡廊,国宝・重要文化財（建造物）,重要文化財,近代／宗教,,昭和,20201223,,,宗教法人明治神宮,,
渋谷区,代々木神園町,-,東京都渋谷区代々木神園町１−１,35.67300778,139.702605,明治神宮,外拝殿,国宝・重要文化財（建造物）,重要文化財,近代／宗教,,昭和,20201223,,,宗教法人明治神宮,,
渋谷区,代々木神園町,-,東京都渋谷区代々木神園町１−１,35.67300778,139.702605,明治神宮,宝庫,国宝・重要文化財（建造物）,重要文化財,近代／宗教,,昭和,20201223,,,宗教法人明治神宮,,
渋谷区,代々木神園町,-,東京都渋谷区代々木神園町１−１,35.67300778,139.702605,明治神宮,神庫,国宝・重要文化財（建造物）,重要文化財,近代／宗教,,昭和,20201223,,,宗教法人明治神宮,,
渋谷区,代々木神園町,-,東京都渋谷区代々木神園町１−１,35.67300778,139.702605,明治神宮,内透塀及び北門,国宝・重要文化財（建造物）,重要文化財,近代／宗教,,昭和,20201223,,,宗教法人明治神宮,,
渋谷区,代々木神園町,-,東京都渋谷区代々木神園町１−１,35.67300778,139.702605,明治神宮,神饌所及び渡廊,国宝・重要文化財（建造物）,重要文化財,近代／宗教,,昭和,20201223,,,宗教法人明治神宮,,
渋谷区,代々木神園町,-,東京都渋谷区代々木神園町１−１,35.67300778,139.702605,明治神宮,旧祭器庫,国宝・重要文化財（建造物）,重要文化財,近代／宗教,,昭和,20201223,,,宗教法人明治神宮,,
渋谷区,代々木神園町,-,東京都渋谷区代々木神園町１−１,35.67300778,139.702605,明治神宮,北廻廊,国宝・重要文化財（建造物）,重要文化財,近代／宗教,,大正,20201223,,,宗教法人明治神宮,,
渋谷区,代々木神園町,-,東京都渋谷区代々木神園町１−１,35.67300778,139.702605,明治神宮,北廻廊,国宝・重要文化財（建造物）,重要文化財,近代／宗教,,大正,20201223,,,宗教法人明治神宮,,
渋谷区,代々木神園町,-,東京都渋谷区代々木神園町１−１,35.67300778,139.702605,明治神宮,外透塀,国宝・重要文化財（建造物）,重要文化財,近代／宗教,,昭和,20201223,,,宗教法人明治神宮,,
渋谷区,代々木神園町,-,東京都渋谷区代々木神園町１−１,35.67300778,139.702605,明治神宮,外透塀,国宝・重要文化財（建造物）,重要文化財,近代／宗教,,昭和,20201223,,,宗教法人明治神宮,,
渋谷区,代々木神園町,-,東京都渋谷区代々木神園町１−１,35.67300778,139.702605,明治神宮,外透塀,国宝・重要文化財（建造物）,重要文化財,近代／宗教,,昭和,20201223,,,宗教法人明治神宮,,
渋谷区,代々木神園町,-,東京都渋谷区代々木神園町１−１,35.67300778,139.702605,明治神宮,北神門,国宝・重要文化財（建造物）,重要文化財,近代／宗教,,大正,20201223,,,宗教法人明治神宮,,
渋谷区,代々木神園町,-,東京都渋谷区代々木神園町１−１,35.67300778,139.702605,明治神宮,外院廻廊,国宝・重要文化財（建造物）,重要文化財,近代／宗教,,大正,20201223,,,宗教法人明治神宮,,
渋谷区,代々木神園町,-,東京都渋谷区代々木神園町１−１,35.67300778,139.702605,明治神宮,外院廻廊,国宝・重要文化財（建造物）,重要文化財,近代／宗教,,大正,20201223,,,宗教法人明治神宮,,
渋谷区,代々木神園町,-,東京都渋谷区代々木神園町１−１,35.67300778,139.702605,明治神宮,外院廻廊,国宝・重要文化財（建造物）,重要文化財,近代／宗教,,大正,20201223,,,宗教法人明治神宮,,
渋谷区,代々木神園町,-,東京都渋谷区代々木神園町１−１,35.67300778,139.702605,明治神宮,外院廻廊,国宝・重要文化財（建造物）,重要文化財,近代／宗教,,昭和,20201223,,,宗教法人明治神宮,,
渋谷区,代々木神園町,-,東京都渋谷区代々木神園町１−１,35.67300778,139.702605,明治神宮,東神門,国宝・重要文化財（建造物）,重要文化財,近代／宗教,,大正,20201223,,,宗教法人明治神宮,,
渋谷区,代々木神園町,-,東京都渋谷区代々木神園町１−１,35.67300778,139.702605,明治神宮,西神門,国宝・重要文化財（建造物）,重要文化財,近代／宗教,,大正,20201223,,,宗教法人明治神宮,,
渋谷区,代々木神園町,-,東京都渋谷区代々木神園町１−１,35.67300778,139.702605,明治神宮,南神門,国宝・重要文化財（建造物）,重要文化財,近代／宗教,,大正,20201223,,,宗教法人明治神宮,,
渋谷区,代々木神園町,-,東京都渋谷区代々木神園町１−１,35.67300778,139.702605,明治神宮,宿衛舎,国宝・重要文化財（建造物）,重要文化財,近代／宗教,,大正,20201223,,,宗教法人明治神宮,,
渋谷区,代々木神園町,-,東京都渋谷区代々木神園町１−１,35.67300778,139.702605,明治神宮,玉垣,国宝・重要文化財（建造物）,重要文化財,近代／宗教,,大正,20201223,,,宗教法人明治神宮,,
渋谷区,代々木神園町,-,東京都渋谷区代々木神園町１−１,35.67300778,139.702605,明治神宮,玉垣,国宝・重要文化財（建造物）,重要文化財,近代／宗教,,大正,20201223,,,宗教法人明治神宮,,
渋谷区,代々木神園町,-,東京都渋谷区代々木神園町１−１,35.67300778,139.702605,明治神宮,玉垣,国宝・重要文化財（建造物）,重要文化財,近代／宗教,,大正,20201223,,,宗教法人明治神宮,,
渋谷区,代々木神園町,-,東京都渋谷区代々木神園町１−１,35.67300778,139.702605,明治神宮,玉垣,国宝・重要文化財（建造物）,重要文化財,近代／宗教,,大正,20201223,,,宗教法人明治神宮,,
渋谷区,代々木神園町,-,東京都渋谷区代々木神園町１−１,35.67300778,139.702605,明治神宮,祓舎,国宝・重要文化財（建造物）,重要文化財,近代／宗教,,大正,20201223,,,宗教法人明治神宮,,
渋谷区,代々木神園町,-,東京都渋谷区代々木神園町１−１,35.67300778,139.702605,明治神宮,南手水舎,国宝・重要文化財（建造物）,重要文化財,近代／宗教,,大正,20201223,,,宗教法人明治神宮,,
渋谷区,代々木神園町,-,東京都渋谷区代々木神園町１−１,35.67300778,139.702605,明治神宮,西手水舎,国宝・重要文化財（建造物）,重要文化財,近代／宗教,,大正,20201223,,,宗教法人明治神宮,,
渋谷区,代々木神園町,-,東京都渋谷区代々木神園町１−１,35.67300778,139.702605,明治神宮,東手水舎,国宝・重要文化財（建造物）,重要文化財,近代／宗教,,大正,20201223,,,宗教法人明治神宮,,
渋谷区,代々木神園町,-,東京都渋谷区代々木神園町１−１,35.67300778,139.702605,明治神宮,神橋,国宝・重要文化財（建造物）,重要文化財,近代／宗教,,大正,20201223,,,宗教法人明治神宮,,
渋谷区,代々木神園町,-,東京都渋谷区代々木神園町１−１,35.67300778,139.702605,明治神宮,南制札,国宝・重要文化財（建造物）,重要文化財,近代／宗教,,大正,20201223,,,宗教法人明治神宮,,
渋谷区,代々木神園町,-,東京都渋谷区代々木神園町１−１,35.67300778,139.702605,明治神宮,北制札,国宝・重要文化財（建造物）,重要文化財,近代／宗教,,大正,20201223,,,宗教法人明治神宮,,
渋谷区,代々木神園町,-,東京都渋谷区代々木神園町１−１,35.67300778,139.702605,明治神宮,西制札,国宝・重要文化財（建造物）,重要文化財,近代／宗教,,大正,20201223,,,宗教法人明治神宮,,
渋谷区,代々木神園町,-,東京都渋谷区代々木神園町１,35.67958317,139.6981155,明治神宮宝物殿,正門,国宝・重要文化財（建造物）,重要文化財,近代／文化施設,,大正,20110620,,,,,
渋谷区,代々木神園町,-,東京都渋谷区代々木神園町１−１,35.67970941,139.6977011,明治神宮宝物殿,東西廊（西廊）,国宝・重要文化財（建造物）,重要文化財,近代／文化施設,,大正,20110620,,,,,
渋谷区,代々木神園町,-,東京都渋谷区代々木神園町１ 明治神宮宝物殿,35.67987315,139.6975582,明治神宮宝物殿,東西渡廊（西渡廊）,国宝・重要文化財（建造物）,重要文化財,近代／文化施設,,大正,20110620,,,,,
渋谷区,代々木神園町,-,東京都渋谷区代々木神園町１ 明治神宮宝物殿,35.67989696,139.6983828,明治神宮宝物殿,東西廊（東廊）,国宝・重要文化財（建造物）,重要文化財,近代／文化施設,,大正,20110620,,,,,
渋谷区,代々木神園町,-,東京都渋谷区代々木神園町１−１,35.67991986,139.697727,明治神宮宝物殿,東西橋廊（西橋廊）,国宝・重要文化財（建造物）,重要文化財,近代／文化施設,,大正,20110620,,,,,
渋谷区,代々木神園町,-,東京都渋谷区代々木神園町１−１,35.67994526,139.6979869,明治神宮宝物殿,中倉,国宝・重要文化財（建造物）,重要文化財,近代／文化施設,,大正,20110620,,,,,
渋谷区,代々木神園町,-,東京都渋谷区代々木神園町１ 明治神宮宝物殿,35.67994533,139.697429,明治神宮宝物殿,東西倉(西倉）,国宝・重要文化財（建造物）,重要文化財,近代／文化施設,,大正,20110620,,,,,
渋谷区,代々木神園町,-,東京都渋谷区代々木神園町１−１,35.68005707,139.6982257,明治神宮宝物殿,東西橋廊（東橋廊）,国宝・重要文化財（建造物）,重要文化財,近代／文化施設,,大正,20110620,,,,,
渋谷区,代々木神園町,-,東京都渋谷区代々木神園町１−１ 明治神宮 宝物殿,35.68009643,139.6983858,明治神宮宝物殿,東西渡廊（東渡廊）,国宝・重要文化財（建造物）,重要文化財,近代／文化施設,,大正,20110620,,,,,
渋谷区,代々木神園町,-,東京都渋谷区代々木神園町１−１,35.68009855,139.6979225,明治神宮宝物殿,北廊,国宝・重要文化財（建造物）,重要文化財,近代／文化施設,,大正,20110620,,,,,
渋谷区,代々木神園町,-,東京都渋谷区代々木神園町１−１ 明治神宮 宝物殿,35.68018191,139.6984489,明治神宮宝物殿,東西倉(東倉）,国宝・重要文化財（建造物）,重要文化財,近代／文化施設,,大正,20110620,,,,,
渋谷区,代々木神園町,-,東京都渋谷区代々木神園町１−１ 明治神宮 宝物殿,35.68018952,139.6978837,明治神宮宝物殿,車寄,国宝・重要文化財（建造物）,重要文化財,近代／文化施設,,大正,20110620,,,,,
渋谷区,代々木神園町,-,東京都渋谷区代々木神園町１−１ 明治神宮 宝物殿,35.68029292,139.6978508,明治神宮宝物殿,事務所,国宝・重要文化財（建造物）,重要文化財,近代／文化施設,,大正,20110620,,,,,
千代田区,丸の内２丁目,大丸有,東京都千代田区丸の内２丁目１−１,35.67896494,139.7616318,明治生命保険相互会社本社本館,,国宝・重要文化財（建造物）,重要文化財,近代／商業・業務,,昭和,19970529,,,明治生命保険相互会社,,
江東区,越中島２丁目,-,東京都江東区越中島２丁目１,35.66659034,139.7931396,明治丸,,国宝・重要文化財（建造物）,重要文化財,近代／産業・交通・土木,,明治,19780531,,,国立大学法人東京海洋大学,,
港区,芝公園３丁目,虎ノ門,東京都港区芝公園３丁目３,35.6591557,139.7503624,有章院（徳川家継）霊廟二天門,,国宝・重要文化財（建造物）,重要文化財,近世以前／神社,,江戸中期,19300523,,,,,
渋谷区,神南２丁目,-,東京都渋谷区神南２丁目１−１,35.66647222,139.6985806,代々木競技場,第二体育館,国宝・重要文化財（建造物）,重要文化財,近代／文化施設,,昭和,20210802,,,独立行政法人日本スポーツ振興センター,,
渋谷区,神南２丁目,-,東京都渋谷区神南２丁目１−１,35.66765556,139.7001667,代々木競技場,第一体育館,国宝・重要文化財（建造物）,重要文化財,近代／文化施設,,昭和,20210802,,,独立行政法人日本スポーツ振興センター,,
新宿区,戸塚町,#N/A,東京都新宿区戸塚町１−１０４,35.70891402,139.7215361,早稲田大学大隈記念講堂,,国宝・重要文化財（建造物）,重要文化財,近代／学校,,昭和,20071204,,,学校法人早稲田大学,,
港区,南青山６丁目,-,東京都港区南青山６丁目４−５ 弘仁亭・無事庵,35.66156583,139.7175169,｛百草蒔絵薬簞笥／内容品｝,,国宝・重要文化財（美術工芸品）,重要文化財,工芸品,日本,江戸,20240827,,根津美術館,根津美術館,,
千代田区,丸の内３丁目,大丸有,東京都千代田区丸の内３丁目１−１ 国際ビル 地下１階,35.67675889,139.76111,赤楽兎文香合〈光悦作／〉,,国宝・重要文化財（美術工芸品）,重要文化財,工芸品,日本,江戸,20120906,,出光美術館,公益財団法人出光美術館,,
港区,三田２丁目,-,東京都港区三田２丁目１５ 第1校舎: 101-147,35.64923529,139.7428676,秋草文壺,,国宝・重要文化財（美術工芸品）,国宝,工芸品,日本,平安,19490218,19530331,東京国立博物館,学校法人慶應義塾,,
港区,南青山６丁目,-,東京都港区南青山６丁目５−１,35.66225119,139.7170835,秋野蒔絵手箱,,国宝・重要文化財（美術工芸品）,重要文化財,工芸品,日本,鎌倉,19540320,,公益財団法人根津美術館,公益財団法人根津美術館,,
港区,南青山６丁目,-,東京都港区南青山６丁目５−１,35.66225119,139.7170835,蘆屋松梅図真形釜,,国宝・重要文化財（美術工芸品）,重要文化財,工芸品,日本,室町,19540320,,公益財団法人根津美術館,公益財団法人根津美術館,,
港区,南青山６丁目,-,東京都港区南青山６丁目５−１,35.66225119,139.7170835,飛鳥井雅経筆懐紙（詠暁紅葉和歌）,,国宝・重要文化財（美術工芸品）,重要文化財,書跡・典籍,日本,鎌倉,19591218,,公益財団法人根津美術館,公益財団法人根津美術館,,
千代田区,北の丸公園,-,東京都千代田区北の丸公園３−２,35.69025464,139.7538694,吾妻鏡（北条本）,,国宝・重要文化財（美術工芸品）,重要文化財,書跡・典籍,日本,室町～江戸,19930120,,独立行政法人国立公文書館,独立行政法人国立公文書館,,
港区,南青山６丁目,-,東京都港区南青山６丁目５−１,35.66225119,139.7170835,雨漏茶碗,,国宝・重要文化財（美術工芸品）,重要文化財,工芸品,朝鮮,李朝,19531114,,公益財団法人根津美術館,公益財団法人根津美術館,,
渋谷区,東４丁目,-,東京都渋谷区東４丁目１０−２８ ３号館 2F,35.65564213,139.7120399,石枕（立花二箇共）,,国宝・重要文化財（美術工芸品）,重要文化財,考古資料,日本,古墳,19740608,,國學院大学,國學院大学,,
千代田区,神田駿河台１丁目,-,東京都千代田区神田駿河台１丁目６−７,35.69678304,139.7632123,医心方〈巻第廿ニ／〉,,国宝・重要文化財（美術工芸品）,重要文化財,書跡・典籍,日本,平安,19330123,,一般財団法人石川武美記念図書館,一般財団法人石川武美記念図書館,,
港区,南青山６丁目,-,東京都港区南青山６丁目５−１,35.66225119,139.7170835,一山一寧墨蹟（正和丙辰十月下澣）,,国宝・重要文化財（美術工芸品）,重要文化財,書跡・典籍,中国,元,19420626,,公益財団法人根津美術館,公益財団法人根津美術館,,
港区,南青山６丁目,-,東京都港区南青山６丁目５−１,35.66225119,139.7170835,井戸茶碗（柴田）,,国宝・重要文化財（美術工芸品）,重要文化財,工芸品,朝鮮,李朝,19520329,,公益財団法人根津美術館,公益財団法人根津美術館,,
港区,白金台２丁目,-,東京都港区白金台２丁目２０−１２,35.63231263,139.7268709,井戸茶碗（細川）,,国宝・重要文化財（美術工芸品）,重要文化財,工芸品,朝鮮,李朝,19780615,,畠山記念館,公益財団法人荏原畠山記念文化財団,,
港区,赤坂９丁目,六本木,東京都港区赤坂９丁目７−４ 東京ミッドタウン ガーデンテラス3F,35.66684968,139.7307138,色絵花鳥文八角大壺〈伊万里／〉,,国宝・重要文化財（美術工芸品）,重要文化財,工芸品,日本,江戸,19960627,,サントリー美術館,公益財団法人サントリー芸術財団,,
千代田区,丸の内３丁目,大丸有,東京都千代田区丸の内３丁目１−１ 国際ビル 地下2F,35.67659694,139.7607586,色絵花鳥文八角大壺〈伊万里／〉,,国宝・重要文化財（美術工芸品）,重要文化財,工芸品,日本,江戸時代,20000627,,財団法人出光美術館,財団法人出光美術館,,
千代田区,丸の内３丁目,大丸有,東京都千代田区丸の内３丁目１−１ 国際ビル 地下2F,35.67659694,139.7607586,色絵罌粟文茶壺〈仁清作／〉,,国宝・重要文化財（美術工芸品）,重要文化財,工芸品,日本,江戸,19600609,,財団法人出光美術館,財団法人出光美術館,,
港区,赤坂９丁目,六本木,東京都港区赤坂９丁目７−４ 東京ミッドタウン ガーデンテラス3F,35.66684968,139.7307138,色絵五艘船図大平鉢〈伊万里／〉,,国宝・重要文化財（美術工芸品）,重要文化財,工芸品,日本,江戸,19970630,,サントリー美術館,公益財団法人サントリー芸術財団,,
千代田区,丸の内３丁目,大丸有,東京都千代田区丸の内３丁目１−１ 国際ビル 地下2F,35.67659694,139.7607586,色絵鳳凰文壺〈仁清作／〉,,国宝・重要文化財（美術工芸品）,重要文化財,工芸品,日本,江戸,19310119,,財団法人出光美術館,財団法人出光美術館,,
港区,南青山６丁目,-,東京都港区南青山６丁目５−１,35.66225119,139.7170835,色絵山寺図茶壺〈仁清作／〉,,国宝・重要文化財（美術工芸品）,重要文化財,工芸品,日本,江戸,19420626,,公益財団法人根津美術館,公益財団法人根津美術館,,
千代田区,神田駿河台１丁目,-,東京都千代田区神田駿河台１丁目１−１ リバティタワー,35.69771686,139.7617647,岩宿遺跡出土品,,国宝・重要文化財（美術工芸品）,重要文化財,考古資料,日本,旧石器,19750612,,明治大学,明治大学,,
千代田区,富士見２丁目,-,東京都千代田区富士見２丁目１７−１,35.69569815,139.7421543,謡本〈百二十番／（車屋本）鳥養道晰筆〉,,国宝・重要文化財（美術工芸品）,重要文化財,書跡・典籍,日本,桃山,19600609,,法政大学,法政大学,,
中央区,京橋３丁目,日八京,東京都中央区京橋３丁目７−６,35.67550341,139.77061,映画フィルム「小林富次郎葬儀」,,国宝・重要文化財（美術工芸品）,重要文化財,歴史資料,日本,明治,20110627,,国立映画アーカイブ相模原分館,独立行政法人国立美術館,,
千代田区,丸の内３丁目,大丸有,東京都千代田区丸の内３丁目１−１ 国際ビル 地下2F,35.67659694,139.7607586,絵唐津芦文壺,,国宝・重要文化財（美術工芸品）,重要文化財,工芸品,日本,桃山,20080710,,財団法人出光美術館,財団法人出光美術館,,
千代田区,丸の内３丁目,大丸有,東京都千代田区丸の内３丁目１−１ 国際ビル 地下2F,35.67659694,139.7607586,絵唐津柿文三耳壺,,国宝・重要文化財（美術工芸品）,重要文化財,工芸品,日本,江戸,20050609,,財団法人出光美術館,財団法人出光美術館,,
千代田区,神田駿河台２丁目,-,東京都千代田区神田駿河台２丁目９−９,35.70097188,139.7585946,絵唐津松樹文大皿,,国宝・重要文化財（美術工芸品）,重要文化財,工芸品,日本,江戸,19770611,,梅澤記念館,梅澤記念館,,
港区,南麻布５丁目,-,東京都港区南麻布５丁目７−１３,35.65211683,139.7264722,江戸城造営関係資料（甲良家伝来）,,国宝・重要文化財（美術工芸品）,重要文化財,歴史資料,日本,江戸,19870606,,東京都立中央図書館　,東京都,,
千代田区,北の丸公園,-,東京都千代田区北の丸公園３−２,35.69027778,139.7538444,江戸幕府書物方関係資料,,国宝・重要文化財（美術工芸品）,重要文化財,歴史資料,日本,江戸時代,20181031,,独立行政法人国立公文書館,独立行政法人国立公文書館,,
千代田区,北の丸公園,-,東京都千代田区北の丸公園３−１,35.6905681,139.7547253,エロシェンコ像〈中村　彜筆　一九二〇年／油絵　麻布〉,,国宝・重要文化財（美術工芸品）,重要文化財,絵画,日本,大正,19770611,,東京国立近代美術館,独立行政法人国立美術館,,
新宿区,西早稲田１丁目,-,東京都新宿区西早稲田１丁目２０−１４ 早稲田大学総合学術情報センター,35.71078887,139.7181109,近江国香庄文書（三十一通）,,国宝・重要文化財（美術工芸品）,重要文化財,古文書,日本,平安～南北朝,19780615,,早稲田大学,早稲田大学,,
新宿区,西早稲田１丁目,-,東京都新宿区西早稲田１丁目２０−１４ 早稲田大学総合学術情報センター,35.71078887,139.7181109,大槻玄沢関係資料,,国宝・重要文化財（美術工芸品）,重要文化財,歴史資料,日本,江戸,19940628,,早稲田大学,早稲田大学,,
港区,赤坂９丁目,六本木,東京都港区赤坂９丁目７−４ 東京ミッドタウン ガーデンテラス3F,35.66684968,139.7307138,小倉山蒔絵硯箱,,国宝・重要文化財（美術工芸品）,重要文化財,工芸品,日本,室町,19530331,,サントリー美術館,公益財団法人サントリー芸術財団,,
千代田区,永田町１丁目,赤坂,東京都千代田区永田町１丁目１０−１ 本館,35.67859889,139.7443289,小野蘭山関係資料,,国宝・重要文化財（美術工芸品）,重要文化財,歴史資料,日本,江戸時代,20150904,,国立国会図書館,国,,
千代田区,北の丸公園,-,東京都千代田区北の丸公園３−２,35.69025464,139.7538694,阿蘭陀本草和解〈野呂玄丈抄訳／〉,,国宝・重要文化財（美術工芸品）,重要文化財,歴史資料,日本,江戸,19990607,,独立行政法人国立公文書館,独立行政法人国立公文書館,,
港区,三田２丁目,-,東京都港区三田２丁目１５−４５,35.64912698,139.7435054,解剖存真図（南小柿寧一筆）,,国宝・重要文化財（美術工芸品）,重要文化財,歴史資料,日本,江戸,20030529,,慶應義塾図書館,学校法人慶應義塾,,
港区,白金台２丁目,-,東京都港区白金台２丁目２０−１２,35.63231263,139.7268709,柿蔕茶碗（毘沙門堂）,,国宝・重要文化財（美術工芸品）,重要文化財,工芸品,朝鮮,李朝,19531114,,畠山記念館,公益財団法人荏原畠山記念文化財団,,
千代田区,丸の内３丁目,大丸有,東京都千代田区丸の内３丁目１−１ 国際ビル 地下１階,35.67675889,139.76111,柏木菟蒔絵料紙箱及春日野蒔絵硯箱〈小川破笠作／〉,,国宝・重要文化財（美術工芸品）,重要文化財,工芸品,日本,江戸,20130619,,出光美術館,公益財団法人出光美術館,,
港区,南青山６丁目,-,東京都港区南青山６丁目５−１,35.66225119,139.7170835,春日山蒔絵硯箱,,国宝・重要文化財（美術工芸品）,重要文化財,工芸品,日本,室町,19531114,,公益財団法人根津美術館,公益財団法人根津美術館,,
港区,南青山６丁目,-,東京都港区南青山６丁目５−１,35.66225119,139.7170835,堅手茶碗（長崎）,,国宝・重要文化財（美術工芸品）,重要文化財,工芸品,朝鮮,李朝,19531114,,公益財団法人根津美術館,公益財団法人根津美術館,,
中央区,日本橋室町２丁目,日八京,東京都中央区日本橋室町２丁目１−１,35.68641691,139.7735268,刀〈銘国広／〉,,国宝・重要文化財（美術工芸品）,重要文化財,工芸品,日本,桃山,19500829,,三井記念美術館　,公益財団法人三井文庫,,
港区,赤坂８丁目,赤坂,東京都港区赤坂８丁目１１−２７,35.66895083,139.7279281,刀〈銘備前国住長船次郎左衛門尉勝光子次郎兵衛尉治光／一期一腰作之佐々木伊予守〉,,国宝・重要文化財（美術工芸品）,重要文化財,工芸品,日本,室町,19500829,,東京国立博物館,乃木神社,,
千代田区,神田駿河台１丁目,-,東京都千代田区神田駿河台１丁目１−１ リバティタワー,35.69771686,139.7617647,神奈川県夏島貝塚出土品,,国宝・重要文化財（美術工芸品）,重要文化財,考古資料,日本,縄文,19980630,,明治大学,明治大学,,
港区,白金台２丁目,-,東京都港区白金台２丁目２０−１２,35.63231263,139.7268709,唐物肩衝茶入（油屋）,,国宝・重要文化財（美術工芸品）,重要文化財,工芸品,中国,南宋,19780615,,畠山記念館,公益財団法人荏原畠山記念文化財団,,
中央区,日本橋室町２丁目,日八京,東京都中央区日本橋室町２丁目１−１,35.68641691,139.7735268,唐物肩衝茶入（北野）,,国宝・重要文化財（美術工芸品）,重要文化財,工芸品,中国,南宋時代,20030529,,三井記念美術館　,公益財団法人三井文庫,,
港区,南青山６丁目,-,東京都港区南青山６丁目５−１,35.66225119,139.7170835,唐物肩衝茶入〈銘松屋／〉,,国宝・重要文化財（美術工芸品）,重要文化財,工芸品,中国,南宋,19591218,,公益財団法人根津美術館,公益財団法人根津美術館,,
港区,三田２丁目,-,東京都港区三田２丁目１５ 第1校舎: 101-147,35.64923529,139.7428676,岩偶,,国宝・重要文化財（美術工芸品）,重要文化財,考古資料,日本,縄文,19740608,,学校法人慶應義塾,学校法人慶應義塾,,
千代田区,北の丸公園,-,東京都千代田区北の丸公園３−２,35.69025464,139.7538694,管見抄〈（第三冊欠）／〉,,国宝・重要文化財（美術工芸品）,重要文化財,書跡・典籍,日本,鎌倉,19570219,,独立行政法人国立公文書館,独立行政法人国立公文書館,,
港区,南青山６丁目,-,東京都港区南青山６丁目５−１,35.66225119,139.7170835,観世音菩薩受記経,,国宝・重要文化財（美術工芸品）,重要文化財,書跡・典籍,日本,奈良,19311214,,公益財団法人根津美術館,公益財団法人根津美術館,,
港区,三田２丁目,-,東京都港区三田２丁目１５ 第1校舎: 101-147,35.64923529,139.7428676,岩版,,国宝・重要文化財（美術工芸品）,重要文化財,考古資料,日本,縄文,19740608,,学校法人慶應義塾,学校法人慶應義塾,,
港区,南青山６丁目,-,東京都港区南青山６丁目５−１,35.66225119,139.7170835,観普賢経〈（裝飾経）／〉,,国宝・重要文化財（美術工芸品）,国宝,書跡・典籍,日本,平安,,19750612,公益財団法人根津美術館,公益財団法人根津美術館,,
港区,白金台２丁目,-,東京都港区白金台２丁目２０−１２,35.63231263,139.7268709,菊枝蒔絵手箱,,国宝・重要文化財（美術工芸品）,重要文化財,工芸品,日本,鎌倉,19790606,,畠山記念館,公益財団法人荏原畠山記念文化財団,,
中央区,日本橋室町２丁目,日八京,東京都中央区日本橋室町２丁目１−１,35.68641476,139.7735316,旧金剛宗家伝来能面,,国宝・重要文化財（美術工芸品）,重要文化財,彫刻,,室町、桃山、江戸,20080710,,三井記念美術館,公益財団法人三井文庫,,
新宿区,西早稲田１丁目,-,東京都新宿区西早稲田１丁目２０−１４ 早稲田大学総合学術情報センター,35.71078887,139.7181109,玉篇巻第九残巻,,国宝・重要文化財（美術工芸品）,国宝,書跡・典籍,中国,唐,,19510609,早稲田大学,早稲田大学,,
港区,南青山６丁目,-,東京都港区南青山６丁目５−１,35.66225119,139.7170835,居涇和尚墨蹟〈弔白雲恵曉偈／〉,,国宝・重要文化財（美術工芸品）,重要文化財,書跡・典籍,中国,元,19540320,,公益財団法人根津美術館,公益財団法人根津美術館,,
港区,赤坂９丁目,六本木,東京都港区赤坂９丁目７−４ 東京ミッドタウン ガーデンテラス3F,35.66684968,139.7307138,桐竹鳳凰蒔絵文台及硯箱,,国宝・重要文化財（美術工芸品）,重要文化財,工芸品,日本,桃山,19610217,,サントリー美術館,公益財団法人サントリー芸術財団,,
千代田区,北の丸公園,-,東京都千代田区北の丸公園３−１,35.69056809,139.7547253,騎竜観音〈原田直次郎筆　一八九〇年／油絵　麻布〉,,国宝・重要文化財（美術工芸品）,重要文化財,絵画,日本,近代,20070608,,東京国立近代美術館,宗教法人護国寺,,
千代田区,丸の内３丁目,大丸有,東京都千代田区丸の内３丁目１−１ 国際ビル 地下2F,35.67659694,139.7607586,金銀藍絵松樹文蓋物〈尾形乾山作／〉,,国宝・重要文化財（美術工芸品）,重要文化財,工芸品,日本,江戸,19870606,,財団法人出光美術館,財団法人出光美術館,,
渋谷区,東４丁目,-,東京都渋谷区東４丁目１０−２８ ３号館 2F,35.65564213,139.7120399,金葉和歌集（二奏本）,,国宝・重要文化財（美術工芸品）,重要文化財,書跡・典籍,日本,鎌倉,19820605,,國學院大学,國學院大学,,
港区,南青山６丁目,-,東京都港区南青山６丁目５−１,35.66225119,139.7170835,金襴手下蕪花生,,国宝・重要文化財（美術工芸品）,重要文化財,工芸品,中国,明,19550622,,公益財団法人根津美術館,公益財団法人根津美術館,,
港区,白金台２丁目,-,東京都港区白金台２丁目２０−１２,35.63231263,139.7268709,金襴手六角瓢形花生,,国宝・重要文化財（美術工芸品）,重要文化財,工芸品,中国,明,19560628,,畠山記念館,公益財団法人荏原畠山記念文化財団,,
港区,白金台２丁目,-,東京都港区白金台２丁目２０−１２,35.63231263,139.7268709,金襴手六角瓢形花生,,国宝・重要文化財（美術工芸品）,重要文化財,工芸品,中国,明,19560628,,畠山記念館,公益財団法人荏原畠山記念文化財団,,
千代田区,富士見２丁目,-,東京都千代田区富士見２丁目１７−１,35.69569815,139.7421543,曲舞〈三十番／（車屋本）鳥養道晰筆〉,,国宝・重要文化財（美術工芸品）,重要文化財,書跡・典籍,日本,桃山,19600609,,法政大学,法政大学,,
千代田区,北の丸公園,-,東京都千代田区北の丸公園３−２,35.69025464,139.7538694,国絵図並郷帳,,国宝・重要文化財（美術工芸品）,重要文化財,歴史資料,日本,江戸,19830606,,独立行政法人国立公文書館,独立行政法人国立公文書館,,
中央区,日本橋室町２丁目,日八京,東京都中央区日本橋室町２丁目１−１,35.68641691,139.7735268,熊野御幸記〈藤原定家筆／建仁元年十月〉,,国宝・重要文化財（美術工芸品）,国宝,古文書,日本,鎌倉,,19670615,三井記念美術館　,公益財団法人三井文庫,,
中央区,日本橋室町２丁目,日八京,東京都中央区日本橋室町２丁目１−１,35.68641691,139.7735268,古林清茂墨蹟〈与無夢一清偈／泰定四年至節後三日〉,,国宝・重要文化財（美術工芸品）,重要文化財,書跡・典籍,中国,元,19890612,,三井記念美術館　,公益財団法人三井文庫,,
港区,南青山６丁目,-,東京都港区南青山６丁目４−５ 弘仁亭・無事庵,35.66156583,139.7175169,黒韋威肩取腹巻〈大袖付／〉,,国宝・重要文化財（美術工芸品）,重要文化財,工芸品,日本,室町,20230627,,公益財団法人根津美術館,公益財団法人根津美術館,,
中央区,日本橋室町２丁目,日八京,東京都中央区日本橋室町２丁目１−１,35.68641691,139.7735268,黒楽茶碗（俊寛）〈長次郎作／〉,,国宝・重要文化財（美術工芸品）,重要文化財,工芸品,日本,桃山,19960627,,三井記念美術館　,公益財団法人三井文庫,,
渋谷区,東２丁目,-,東京都渋谷区東２丁目９−１９,35.65350537,139.7111386,群書類従版木,,国宝・重要文化財（美術工芸品）,重要文化財,歴史資料,日本,江戸,19570219,,社団法人温故学会,社団法人温故学会,,
港区,南青山６丁目,-,東京都港区南青山６丁目５−１,35.66225119,139.7170835,月礀文明墨蹟〈拈香語／〉,,国宝・重要文化財（美術工芸品）,重要文化財,書跡・典籍,中国,元,19591208,,公益財団法人根津美術館,公益財団法人根津美術館,,
港区,南青山６丁目,-,東京都港区南青山６丁目５−１,35.66225119,139.7170835,月江正印墨蹟〈玉泉字号偈／至正八年仲冬〉,,国宝・重要文化財（美術工芸品）,重要文化財,書跡・典籍,中国,元,19591218,,公益財団法人根津美術館,公益財団法人根津美術館,,
港区,南青山６丁目,-,東京都港区南青山６丁目５−１,35.66225119,139.7170835,月江正印墨蹟〈与楚雙峯偈語／至正三年二月十八日〉,,国宝・重要文化財（美術工芸品）,重要文化財,書跡・典籍,中国,元,19710622,,公益財団法人根津美術館,公益財団法人根津美術館,,
千代田区,北の丸公園,-,東京都千代田区北の丸公園３−２,35.69025464,139.7538694,元版全相平話,,国宝・重要文化財（美術工芸品）,重要文化財,書跡・典籍,中国,元,19550622,,独立行政法人国立公文書館,独立行政法人国立公文書館,,
港区,南青山６丁目,-,東京都港区南青山６丁目５−１,35.66225119,139.7170835,絹本著色愛染曼荼羅図,,国宝・重要文化財（美術工芸品）,重要文化財,絵画,日本,鎌倉,19600609,,公益財団法人根津美術館,公益財団法人根津美術館,,
港区,南青山６丁目,-,東京都港区南青山６丁目５−１,35.66225119,139.7170835,絹本著色愛染明王像,,国宝・重要文化財（美術工芸品）,重要文化財,絵画,日本,鎌倉,19420626,,公益財団法人根津美術館,公益財団法人根津美術館,,
港区,南青山６丁目,-,東京都港区南青山６丁目５−１,35.66225119,139.7170835,絹本著色愛染明王像,,国宝・重要文化財（美術工芸品）,重要文化財,絵画,日本,鎌倉,19600609,,公益財団法人根津美術館,公益財団法人根津美術館,,
港区,南青山６丁目,-,東京都港区南青山６丁目５−１,35.66225119,139.7170835,絹本著色阿弥陀如来像,,国宝・重要文化財（美術工芸品）,重要文化財,絵画,朝鮮,高麗,19720530,,公益財団法人根津美術館,公益財団法人根津美術館,,
港区,南青山６丁目,-,東京都港区南青山６丁目５−１,35.66225119,139.7170835,絹本著色鶉図,,国宝・重要文化財（美術工芸品）,国宝,絵画,中国,南宋,,19531114,公益財団法人根津美術館,公益財団法人根津美術館,,
千代田区,千代田,-,東京都千代田区千代田１−１,35.68393389,139.75289,絹本著色春日権現験記絵〈高階隆兼筆／〉,,国宝・重要文化財（美術工芸品）,国宝,絵画,日本,鎌倉,20210930,20210930,皇居三の丸尚蔵館,国（文化庁保管）,,
港区,南青山６丁目,-,東京都港区南青山６丁目５−１,35.66225118,139.7170835,絹本著色春日補陀落山曼荼羅図,,国宝・重要文化財（美術工芸品）,重要文化財,絵画,日本,鎌倉,20060609,,公益財団法人根津美術館,公益財団法人根津美術館,,
港区,南青山６丁目,-,東京都港区南青山６丁目５−１,35.66225119,139.7170835,絹本著色春日宮曼荼羅図,,国宝・重要文化財（美術工芸品）,重要文化財,絵画,日本,鎌倉,20050609,,公益財団法人根津美術館,公益財団法人根津美術館,,
千代田区,丸の内３丁目,大丸有,東京都千代田区丸の内３丁目１−１ 国際ビル 地下2F,35.67659694,139.7607586,絹本著色漁釣図〈徐祚筆／〉,,国宝・重要文化財（美術工芸品）,重要文化財,絵画,中国,南宋,19370525,,公益財団法人出光美術館,公益財団法人出光美術館,,
港区,南青山６丁目,-,東京都港区南青山６丁目５−１,35.66225119,139.7170835,絹本著色華厳五十五所絵,,国宝・重要文化財（美術工芸品）,重要文化財,絵画,日本,平安,19490218,,公益財団法人根津美術館,公益財団法人根津美術館,,
千代田区,北の丸公園,-,東京都千代田区北の丸公園３−１,35.6905681,139.7547253,絹本著色賢首菩薩図〈菱田春草筆／〉,,国宝・重要文化財（美術工芸品）,重要文化財,絵画,日本,明治,19790606,,東京国立近代美術館,独立行政法人国立美術館,,
千代田区,丸の内３丁目,大丸有,東京都千代田区丸の内３丁目１−１ 国際ビル 地下2F,35.67659694,139.7607586,絹本著色更衣美人図〈喜多川歌麿筆／〉,,国宝・重要文化財（美術工芸品）,重要文化財,絵画,日本,江戸,19990607,,公益財団法人出光美術館,公益財団法人出光美術館,,
港区,南青山６丁目,-,東京都港区南青山６丁目５−１,35.66225119,139.7170835,絹本著色五百羅漢図〈伝明兆筆／東福寺伝来〉,,国宝・重要文化財（美術工芸品）,重要文化財,絵画,日本,南北朝,19420626,,公益財団法人根津美術館,公益財団法人根津美術館,,
港区,南青山６丁目,-,東京都港区南青山６丁目５−１,35.66225119,139.7170835,絹本著色金剛界八十一尊大曼荼羅図,,国宝・重要文化財（美術工芸品）,重要文化財,絵画,日本,鎌倉,19490218,,公益財団法人根津美術館,公益財団法人根津美術館,,
港区,南青山６丁目,-,東京都港区南青山６丁目５−１,35.66225119,139.7170835,絹本著色釈迦如来像,,国宝・重要文化財（美術工芸品）,重要文化財,絵画,日本,鎌倉,19840606,,公益財団法人根津美術館,公益財団法人根津美術館,,
港区,南青山６丁目,-,東京都港区南青山６丁目５−１,35.66225119,139.7170835,絹本著色釈迦八相図,,国宝・重要文化財（美術工芸品）,重要文化財,絵画,日本,鎌倉,19630701,,公益財団法人根津美術館,公益財団法人根津美術館,,
千代田区,丸の内３丁目,大丸有,東京都千代田区丸の内３丁目１−１ 国際ビル 地下2F,35.67659694,139.7607586,絹本著色十王図,,国宝・重要文化財（美術工芸品）,重要文化財,絵画,日本,南北朝,19680425,,公益財団法人出光美術館,公益財団法人出光美術館,,
千代田区,丸の内３丁目,大丸有,東京都千代田区丸の内３丁目１−１ 国際ビル 地下2F,35.67659694,139.7607586,絹本著色真言八祖行状図,,国宝・重要文化財（美術工芸品）,重要文化財,絵画,日本,平安,20020626,,公益財団法人出光美術館,公益財団法人出光美術館,,
港区,南青山６丁目,-,東京都港区南青山６丁目５−１,35.66225119,139.7170835,絹本著色夕陽山水図〈馬麟筆／〉,,国宝・重要文化財（美術工芸品）,重要文化財,絵画,中国,南宋,19490530,,公益財団法人根津美術館,公益財団法人根津美術館,,
港区,南青山６丁目,-,東京都港区南青山６丁目５−１,35.66225119,139.7170835,絹本著色善光寺如来縁起絵,,国宝・重要文化財（美術工芸品）,重要文化財,絵画,日本,鎌倉,19750612,,公益財団法人根津美術館,公益財団法人根津美術館,,
港区,南青山６丁目,-,東京都港区南青山６丁目５−１,35.66225119,139.7170835,絹本著色銭塘観潮図,,国宝・重要文化財（美術工芸品）,重要文化財,絵画,中国,南宋,19590627,,公益財団法人根津美術館,公益財団法人根津美術館,,
港区,南青山６丁目,-,東京都港区南青山６丁目５−１,35.66225119,139.7170835,絹本著色大威徳明王像,,国宝・重要文化財（美術工芸品）,重要文化財,絵画,日本,鎌倉,19430609,,公益財団法人根津美術館,公益財団法人根津美術館,,
港区,南青山６丁目,-,東京都港区南青山６丁目５−１,35.66225119,139.7170835,絹本著色大日如来像,,国宝・重要文化財（美術工芸品）,重要文化財,絵画,日本,平安,19490218,,公益財団法人根津美術館,公益財団法人根津美術館,,
千代田区,千代田,-,東京都千代田区千代田１−１,35.68393389,139.75289,絹本著色動植綵絵〈伊藤若冲筆／〉,,国宝・重要文化財（美術工芸品）,国宝,絵画,日本,江戸,20210930,20210930,皇居三の丸尚蔵館,国（文化庁保管）,,
港区,南青山６丁目,-,東京都港区南青山６丁目５−１,35.66225119,139.7170835,絹本著色那智滝図,,国宝・重要文化財（美術工芸品）,国宝,絵画,日本,鎌倉,,19510609,公益財団法人根津美術館,公益財団法人根津美術館,,
千代田区,北の丸公園,-,東京都千代田区北の丸公園３−１,35.6905681,139.7547253,絹本著色日高河清姫図〈村上華岳筆／〉,,国宝・重要文化財（美術工芸品）,重要文化財,絵画,日本,大正,19990607,,東京国立近代美術館,独立行政法人国立美術館,,
港区,南青山６丁目,-,東京都港区南青山６丁目５−１,35.66225119,139.7170835,絹本著色普賢十羅刹女像,,国宝・重要文化財（美術工芸品）,重要文化財,絵画,日本,平安,19990607,,公益財団法人根津美術館,公益財団法人根津美術館,,
港区,南青山６丁目,-,東京都港区南青山６丁目５−１,35.66225119,139.7170835,絹本著色仏涅槃図,,国宝・重要文化財（美術工芸品）,重要文化財,絵画,日本,南北朝,19590627,,公益財団法人根津美術館,財団法人根津美術館,,
港区,南青山６丁目,-,東京都港区南青山６丁目５−１,35.66225119,139.7170835,絹本著色法相宗曼荼羅図,,国宝・重要文化財（美術工芸品）,重要文化財,絵画,日本,鎌倉,19590627,,公益財団法人根津美術館,公益財団法人根津美術館,,
千代田区,北の丸公園,-,東京都千代田区北の丸公園３−１,35.6905681,139.7547253,絹本著色湯女図〈土田麦僊筆／二曲屏風〉,,国宝・重要文化財（美術工芸品）,重要文化財,絵画,日本,大正,19990607,,東京国立近代美術館,独立行政法人国立美術館,,
港区,南青山６丁目,-,東京都港区南青山６丁目５−１,35.66225119,139.7170835,絹本墨画古木牧牛図〈毛倫筆／〉,,国宝・重要文化財（美術工芸品）,重要文化財,絵画,中国,元,19860606,,公益財団法人根津美術館,公益財団法人根津美術館,,
千代田区,北の丸公園,-,東京都千代田区北の丸公園３−１,35.6905681,139.7547253,絹本墨画生々流転図〈横山大観筆／〉,,国宝・重要文化財（美術工芸品）,重要文化財,絵画,日本,大正,19670615,,東京国立近代美術館,独立行政法人国立美術館,,
港区,南青山６丁目,-,東京都港区南青山６丁目５−１,35.66225119,139.7170835,絹本墨画羅漢図〈／（第五諾矩尊者）〉,,国宝・重要文化財（美術工芸品）,重要文化財,絵画,中国,元,19540320,,公益財団法人根津美術館,公益財団法人根津美術館,,
港区,白金台２丁目,-,東京都港区白金台２丁目２０−１２,35.63231263,139.7268709,古伊賀花生〈銘からたち／〉,,国宝・重要文化財（美術工芸品）,重要文化財,工芸品,日本,桃山,19560628,,畠山記念館,公益財団法人荏原畠山記念文化財団,,
千代田区,永田町１丁目,赤坂,東京都千代田区永田町１丁目１０−１ 本館,35.67859889,139.7443289,弘安礼節,,国宝・重要文化財（美術工芸品）,重要文化財,書跡・典籍,日本,鎌倉,20140821,,国立国会図書館,国（国会図書館保管）,,
千代田区,北の丸公園,-,東京都千代田区北の丸公園３−２,35.69025464,139.7538694,公文録（図表共）並索引,,国宝・重要文化財（美術工芸品）,重要文化財,歴史資料,日本,明治,19980630,,独立行政法人国立公文書館,独立行政法人国立公文書館,,
港区,南青山６丁目,-,東京都港区南青山６丁目５−１,35.66225119,139.7170835,高麗青磁蓮華唐草文水瓶,,国宝・重要文化財（美術工芸品）,重要文化財,工芸品,朝鮮,高麗,19420626,,公益財団法人根津美術館,公益財団法人根津美術館,,
渋谷区,東４丁目,-,東京都渋谷区東４丁目１０−２８ ３号館 2F,35.65564213,139.7120399,久我家文書,,国宝・重要文化財（美術工芸品）,重要文化財,古文書,日本,平安～明治,19880606,,國學院大学,國學院大学,,
千代田区,丸の内３丁目,大丸有,東京都千代田区丸の内３丁目１−１ 国際ビル 地下2F,35.67659694,139.7607586,虎関師錬筆消息〈六月十八日／檀溪心涼宛〉,,国宝・重要文化財（美術工芸品）,重要文化財,古文書,日本,鎌倉,19490530,,公益財団法人出光美術館,公益財団法人出光美術館,,
港区,南青山６丁目,-,東京都港区南青山６丁目５−１,35.66225119,139.7170835,古今集〈藤原為氏筆／〉,,国宝・重要文化財（美術工芸品）,重要文化財,書跡・典籍,日本,鎌倉,19430609,,公益財団法人根津美術館,公益財団法人根津美術館,,
千代田区,丸の内３丁目,大丸有,東京都千代田区丸の内３丁目１−１ 国際ビル 地下１階,35.67675889,139.76111,古今和歌集巻第一断簡〈（高野切）／（寛平の）〉,,国宝・重要文化財（美術工芸品）,重要文化財,書跡・典籍,日本,平安,20130619,,公益財団法人出光美術館,公益財団法人出光美術館,,
千代田区,神田駿河台２丁目,-,東京都千代田区神田駿河台２丁目９−９,35.70097188,139.7585946,古瀬戸黄釉巴文壺,,国宝・重要文化財（美術工芸品）,重要文化財,工芸品,日本,鎌倉,19530331,,梅澤記念館,梅澤記念館,,
港区,三田２丁目,-,東京都港区三田２丁目１５ 第1校舎: 101-147,35.64923529,139.7428676,後鳥羽院御抄〈并／〉越部禅尼消息,,国宝・重要文化財（美術工芸品）,重要文化財,書跡・典籍,日本,南北朝,19740608,,学校法人慶應義塾,学校法人慶應義塾,,
中央区,日本橋室町２丁目,日八京,東京都中央区日本橋室町２丁目１−１,35.686695,139.7729789,粉引茶碗（三好）,,国宝・重要文化財（美術工芸品）,重要文化財,工芸品,朝鮮,朝鮮,20160817,,三井記念美術館,公益財団法人三井文庫,,
港区,白金台２丁目,-,東京都港区白金台２丁目２０−１２,35.63231263,139.7268709,古備前火襷水指,,国宝・重要文化財（美術工芸品）,重要文化財,工芸品,日本,桃山,19591218,,畠山記念館,公益財団法人荏原畠山記念文化財団,,
千代田区,丸の内３丁目,大丸有,東京都千代田区丸の内３丁目１−１ 国際ビル 地下2F,35.67659694,139.7607586,古文孝経（金沢文庫本）,,国宝・重要文化財（美術工芸品）,重要文化財,書跡・典籍,日本,鎌倉,19760605,,公益財団法人出光美術館,公益財団法人出光美術館,,
千代田区,神田駿河台１丁目,-,東京都千代田区神田駿河台１丁目６−７,35.69678304,139.7632123,古葉略類聚鈔,,国宝・重要文化財（美術工芸品）,重要文化財,書跡・典籍,日本,鎌倉,19311214,,一般財団法人石川武美記念図書館,一般財団法人石川武美記念図書館,,
千代田区,神田駿河台１丁目,-,東京都千代田区神田駿河台１丁目６−７,35.69678304,139.7632123,古律書残篇,,国宝・重要文化財（美術工芸品）,重要文化財,書跡・典籍,日本,平安,19330123,,一般財団法人石川武美記念図書館,一般財団法人石川武美記念図書館,,
港区,南青山６丁目,-,東京都港区南青山６丁目５−１,35.66225119,139.7170835,金光明最勝王経註釈〈巻第二断筒／（飯室切）〉,,国宝・重要文化財（美術工芸品）,重要文化財,書跡・典籍,日本,平安,19360506,,公益財団法人根津美術館,公益財団法人根津美術館,,
港区,南青山６丁目,-,東京都港区南青山６丁目５−１,35.66225119,139.7170835,紺紙銀字華厳経巻第〓六〈（二月堂焼経）／〉,,国宝・重要文化財（美術工芸品）,重要文化財,書跡・典籍,日本,奈良,19440905,,公益財団法人根津美術館,公益財団法人根津美術館,,
千代田区,丸の内３丁目,大丸有,東京都千代田区丸の内３丁目１−１ 国際ビル 地下2F,35.67659694,139.7607586,金銅蓮唐草文透彫経箱,,国宝・重要文化財（美術工芸品）,重要文化財,工芸品,日本,室町,19590627,,財団法人出光美術館,財団法人出光美術館,,
港区,南青山６丁目,-,東京都港区南青山６丁目５−１,35.66225119,139.7170835,金銅鉢,,国宝・重要文化財（美術工芸品）,重要文化財,工芸品,日本,奈良,19591218,,公益財団法人根津美術館,公益財団法人根津美術館,,
港区,南青山６丁目,-,東京都港区南青山６丁目５−１,35.66225119,139.7170835,根本百一羯磨〈巻第六／〉,,国宝・重要文化財（美術工芸品）,国宝,書跡・典籍,日本,奈良,,19510609,公益財団法人根津美術館,公益財団法人根津美術館,,
千代田区,神田駿河台１丁目,-,東京都千代田区神田駿河台１丁目１−１ リバティタワー,35.69771686,139.7617647,埼玉県砂川遺跡出土品,,国宝・重要文化財（美術工芸品）,重要文化財,考古資料,日本,旧石器,19930120,,明治大学,明治大学,,
港区,南青山６丁目,-,東京都港区南青山６丁目５−１,35.66225119,139.7170835,嵯峨山蒔絵硯箱,,国宝・重要文化財（美術工芸品）,重要文化財,工芸品,日本,室町,19531114,,公益財団法人根津美術館,公益財団法人根津美術館,,
港区,三田２丁目,-,東京都港区三田２丁目１５ 第1校舎: 101-147,35.64923529,139.7428676,相良家文書,,国宝・重要文化財（美術工芸品）,重要文化財,古文書,日本,鎌倉～江戸,19770611,,学校法人慶應義塾,学校法人慶應義塾,,
千代田区,丸の内３丁目,大丸有,東京都千代田区丸の内３丁目１−１ 国際ビル 地下2F,35.67659694,139.7607586,定頼集〈藤原定家筆／〉,,国宝・重要文化財（美術工芸品）,重要文化財,書跡・典籍,日本,鎌倉,19360506,,公益財団法人出光美術館,公益財団法人出光美術館,,
港区,南青山６丁目,-,東京都港区南青山６丁目５−１,35.66225119,139.7170835,銹藍金絵絵替皿〈尾形乾山作／〉,,国宝・重要文化財（美術工芸品）,重要文化財,工芸品,日本,江戸,19870606,,公益財団法人根津美術館,公益財団法人根津美術館,,
港区,南青山６丁目,-,東京都港区南青山６丁目５−１,35.66225119,139.7170835,子元祖元墨蹟（弘安三年中夏）,,国宝・重要文化財（美術工芸品）,重要文化財,書跡・典籍,中国・日本,南宋～鎌倉,19420626,,公益財団法人根津美術館,公益財団法人根津美術館,,
港区,南麻布５丁目,-,東京都港区南麻布５丁目１２−８ 有栖川ガーデン,35.65247932,139.7241833,即休契了墨蹟〈五言古詩／〉,,国宝・重要文化財（美術工芸品）,重要文化財,書跡・典籍,中国,元,19560628,,東京国立博物館,独立行政法人国立文化財機構,,
港区,白金台２丁目,-,東京都港区白金台２丁目２０−１２,35.63231263,139.7268709,志野芦絵水指（古岸）,,国宝・重要文化財（美術工芸品）,重要文化財,工芸品,日本,桃山,19580208,,畠山記念館,公益財団法人荏原畠山記念文化財団,,
中央区,日本橋室町２丁目,日八京,東京都中央区日本橋室町２丁目１−１,35.68641691,139.7735268,志野茶碗〈銘卯花墻／〉,,国宝・重要文化財（美術工芸品）,国宝,工芸品,日本,桃山,19550202,19590627,三井記念美術館　,公益財団法人三井文庫,,
港区,南青山６丁目,-,東京都港区南青山６丁目５−１,35.66225119,139.7170835,紙本淡彩山水図〈祥啓筆／〉,,国宝・重要文化財（美術工芸品）,重要文化財,絵画,日本,室町,19420626,,公益財団法人根津美術館,公益財団法人根津美術館,,
千代田区,丸の内３丁目,大丸有,東京都千代田区丸の内３丁目１−１ 国際ビル 地下2F,35.67659694,139.7607586,紙本淡彩山水図〈与謝蕪村筆／宝暦十三年四月の年記がある／六曲屏風〉,,国宝・重要文化財（美術工芸品）,重要文化財,絵画,日本,江戸,19760605,,公益財団法人出光美術館,公益財団法人出光美術館,,
千代田区,千代田,-,東京都千代田区千代田１−１,35.68393389,139.75289,紙本金地著色唐獅子図〈狩野永徳筆／六曲屛風〉,,国宝・重要文化財（美術工芸品）,国宝,絵画,日本,桃山　（附）江戸,20210930,20210930,皇居三の丸尚蔵館,国（文化庁保管）,,
千代田区,北の丸公園,-,東京都千代田区北の丸公園３−１,35.6905681,139.7547253,紙本著色黄瀬川陣〈安田靫彦筆/六曲屏風〉,,国宝・重要文化財（美術工芸品）,重要文化財,絵画,日本,近代,20110627,,東京国立近代美術館,独立行政法人国立美術館,,
港区,赤坂９丁目,六本木,東京都港区赤坂９丁目７−４ 東京ミッドタウン ガーデンテラス3F,35.66684968,139.7307138,紙本著色三十六歌仙切〈（順）／佐竹家伝来〉,,国宝・重要文化財（美術工芸品）,重要文化財,絵画,日本,鎌倉,19360506,,サントリー美術館,公益財団法人サントリー芸術財団,,
千代田区,丸の内３丁目,大丸有,東京都千代田区丸の内３丁目１−１ 国際ビル 地下2F,35.67659694,139.7607586,紙本著色三十六歌仙切〈（遍昭）／佐竹家伝来〉,,国宝・重要文化財（美術工芸品）,重要文化財,絵画,日本,鎌倉,19370525,,公益財団法人出光美術館,公益財団法人出光美術館,,
港区,赤坂９丁目,六本木,東京都港区赤坂９丁目７−４ 東京ミッドタウン ガーデンテラス3F,35.66684968,139.7307138,紙本著色四季花鳥図〈／六曲屏風〉,,国宝・重要文化財（美術工芸品）,重要文化財,絵画,日本,室町,19840606,,サントリー美術館,公益財団法人サントリー芸術財団,,
千代田区,丸の内３丁目,大丸有,東京都千代田区丸の内３丁目１−１ 国際ビル 地下2F,35.67659233,139.7607531,紙本著色四季日待図〈英一蝶筆〉,,国宝・重要文化財（美術工芸品）,重要文化財,絵画,日本,江戸,20060609,,公益財団法人出光美術館,公益財団法人出光美術館,,
港区,赤坂９丁目,六本木,東京都港区赤坂９丁目７−１,35.66665583,139.7296939,紙本著色酒伝童子絵巻〈狩野元信筆／〉,,国宝・重要文化財（美術工芸品）,重要文化財,絵画,日本,室町,20150904,,サントリー美術館,公益財団法人サントリー芸術財団,,
中央区,日本橋室町２丁目,日八京,東京都中央区日本橋室町２丁目１−１,35.68641476,139.7735316,紙本著色東福門院入内図〈／四曲屏風〉,,国宝・重要文化財（美術工芸品）,重要文化財,絵画,日本,江戸,20060609,,三井記念美術館,公益財団法人三井文庫,,
千代田区,千代田,-,東京都千代田区千代田１−１,35.68393389,139.75289,紙本著色蒙古襲来絵詞,,国宝・重要文化財（美術工芸品）,国宝,絵画,日本,鎌倉,20210930,20210930,皇居三の丸尚蔵館,国（文化庁保管）,,
千代田区,丸の内３丁目,大丸有,東京都千代田区丸の内３丁目１−１ 国際ビル 地下2F,35.67659694,139.7607586,紙本墨画花鳥図〈能阿弥筆／〉,,国宝・重要文化財（美術工芸品）,重要文化財,絵画,日本,室町,19980630,,公益財団法人出光美術館,公益財団法人出光美術館,,
港区,南青山６丁目,-,東京都港区南青山６丁目５−１,35.66225119,139.7170835,紙本墨画淡彩山水図〈曽我紹仙筆／〉,,国宝・重要文化財（美術工芸品）,重要文化財,絵画,日本,室町,19590627,,公益財団法人根津美術館,公益財団法人根津美術館,,
千代田区,丸の内３丁目,大丸有,東京都千代田区丸の内３丁目１−１ 国際ビル 7階,35.676525,139.7611667,紙本墨画淡彩野々宮図,,国宝・重要文化財（美術工芸品）,重要文化財,絵画,日本,江戸,20181031,,公益財団法人出光美術館,公益財団法人出光美術館,,
新宿区,西早稲田１丁目,-,東京都新宿区西早稲田１丁目２０−１４ 早稲田大学総合学術情報センター,35.71078887,139.7181109,紙本墨書尾張国解文,,国宝・重要文化財（美術工芸品）,重要文化財,古文書,日本,鎌倉,19430609,,早稲田大学,早稲田大学,,
千代田区,丸の内３丁目,大丸有,東京都千代田区丸の内３丁目１−１ 国際ビル 地下2F,35.67659694,139.7607586,紙本墨書光厳院宸翰御消息（十一月五日）,,国宝・重要文化財（美術工芸品）,重要文化財,古文書,日本,南北朝,19350430,,公益財団法人出光美術館,公益財団法人出光美術館,,
千代田区,丸の内３丁目,大丸有,東京都千代田区丸の内３丁目１−１ 国際ビル 地下2F,35.67659694,139.7607586,紙本墨書後光厳院宸翰御消息（七月廿九日）,,国宝・重要文化財（美術工芸品）,重要文化財,古文書,日本,南北朝,19350430,,公益財団法人出光美術館,公益財団法人出光美術館,,
千代田区,丸の内３丁目,大丸有,東京都千代田区丸の内３丁目１−１ 国際ビル 地下2F,35.67659694,139.7607586,紙本墨書後小松天皇宸翰御消息（七月廿五日）,,国宝・重要文化財（美術工芸品）,重要文化財,古文書,日本,室町,19400503,,公益財団法人出光美術館,公益財団法人出光美術館,,
新宿区,西早稲田１丁目,-,東京都新宿区西早稲田１丁目２０−１４ 早稲田大学総合学術情報センター,35.71078887,139.7181109,紙本墨書東大寺文書（十五通）,,国宝・重要文化財（美術工芸品）,重要文化財,古文書,日本,奈良～平安,19400503,,早稲田大学,早稲田大学,,
千代田区,丸の内３丁目,大丸有,東京都千代田区丸の内３丁目１−１ 国際ビル 地下2F,35.67659694,139.7607586,紙本墨書陽光院御筆御消息（七十三通）,,国宝・重要文化財（美術工芸品）,重要文化財,古文書,日本,桃山,19380704,,公益財団法人出光美術館,公益財団法人出光美術館,,
千代田区,神田駿河台１丁目,-,東京都千代田区神田駿河台１丁目１−１ リバティタワー,35.69771686,139.7617647,下野出流原遺跡出土品,,国宝・重要文化財（美術工芸品）,重要文化財,考古資料,日本,弥生,19820605,,明治大学,明治大学,,
千代田区,永田町１丁目,赤坂,東京都千代田区永田町１丁目１０−１ 本館,35.67859889,139.7443289,釈氏往来,,国宝・重要文化財（美術工芸品）,重要文化財,書跡・典籍,日本,鎌倉,20120906,,国立国会図書館,国立国会図書館,,
中央区,日本橋室町２丁目,日八京,東京都中央区日本橋室町２丁目１−１,35.686695,139.7729789,拾遺抄,,国宝・重要文化財（美術工芸品）,重要文化財,書跡・典籍,日本,鎌倉,20160817,,三井記念美術館,公益財団法人三井文庫,,
渋谷区,東１丁目,-,東京都渋谷区東１丁目１−３７ 大希青山ビル,35.65727767,139.7090066,拾遺和歌集〈上（寂恵本）／〉,,国宝・重要文化財（美術工芸品）,重要文化財,書跡・典籍,日本,鎌倉,19700525,,実践女子学園図書館,学校法人実践女子学園,,
港区,南青山６丁目,-,東京都港区南青山６丁目５−１,35.66225119,139.7170835,宗峰妙超墨蹟（元亨壬戌）,,国宝・重要文化財（美術工芸品）,重要文化財,書跡・典籍,日本,鎌倉～南北朝,19420626,,公益財団法人根津美術館,公益財団法人根津美術館,,
港区,虎ノ門２丁目,虎ノ門,東京都港区虎ノ門２丁目１０−３,35.66694364,139.7433111,寿老図六角皿〈尾形乾山作／尾形光琳画〉,,国宝・重要文化財（美術工芸品）,重要文化財,工芸品,日本,江戸,19390527,,大倉集古館,公益財団法人大倉文化財団,,
港区,南青山６丁目,-,東京都港区南青山６丁目５−１,35.66225119,139.7170835,順正理論巻第六残巻,,国宝・重要文化財（美術工芸品）,重要文化財,書跡・典籍,日本,平安,19440905,,公益財団法人根津美術館,公益財団法人根津美術館,,
千代田区,北の丸公園,-,東京都千代田区北の丸公園３−２,35.69025464,139.7538694,貞享暦〈渋川春海筆／（巻四補写本）〉,,国宝・重要文化財（美術工芸品）,重要文化財,歴史資料,日本,江戸,19940628,,独立行政法人国立公文書館,独立行政法人国立公文書館,,
千代田区,北の丸公園,-,東京都千代田区北の丸公園３−２,35.69025464,139.7538694,正保城絵図,,国宝・重要文化財（美術工芸品）,重要文化財,歴史資料,日本,江戸,19860606,,独立行政法人国立公文書館,独立行政法人国立公文書館,,
港区,虎ノ門２丁目,虎ノ門,東京都港区虎ノ門２丁目１０−３,35.66694364,139.7433111,徐公文集（宋刊本）,,国宝・重要文化財（美術工芸品）,重要文化財,書跡・典籍,中国,南宋,19490218,,大倉集古館,公益財団法人大倉文化財団,,
千代田区,北の丸公園,-,東京都千代田区北の丸公園３−２,35.69025464,139.7538694,諸宗末寺帳,,国宝・重要文化財（美術工芸品）,重要文化財,歴史資料,日本,江戸,19890612,,独立行政法人国立公文書館,独立行政法人国立公文書館,,
千代田区,北の丸公園,-,東京都千代田区北の丸公園３−２,35.69025464,139.7538694,庶物類纂,,国宝・重要文化財（美術工芸品）,重要文化財,歴史資料,日本,江戸,19960627,,独立行政法人国立公文書館,独立行政法人国立公文書館,,
千代田区,北の丸公園,-,東京都千代田区北の丸公園３−２,35.69025464,139.7538694,庶物類纂図翼,,国宝・重要文化財（美術工芸品）,重要文化財,歴史資料,日本,江戸,19960627,,独立行政法人国立公文書館,独立行政法人国立公文書館,,
千代田区,北の丸公園,-,東京都千代田区北の丸公園３−２,35.69025465,139.7538694,尋憲記,,国宝・重要文化財（美術工芸品）,重要文化財,古文書,日本,室町～安土桃山,20110627,,独立行政法人国立公文書館,独立行政法人国立公文書館,,
渋谷区,東４丁目,-,東京都渋谷区東４丁目１０−２８ ３号館 2F,35.65564213,139.7120399,神皇正統記〈上中下／〉,,国宝・重要文化財（美術工芸品）,重要文化財,書跡・典籍,日本,室町,19360506,,國學院大学,國學院大学,,
新宿区,西早稲田１丁目,-,東京都新宿区西早稲田１丁目２０−１４ 早稲田大学総合学術情報センター,35.71078887,139.7181109,崇光天皇宸翰御願文〈永和二年十一月十一日／伊勢太神宮宛〉,,国宝・重要文化財（美術工芸品）,重要文化財,古文書,日本,南北朝,19780615,,早稲田大学,早稲田大学,,
港区,南青山６丁目,-,東京都港区南青山６丁目５−１,35.66225119,139.7170835,青磁花瓶,,国宝・重要文化財（美術工芸品）,重要文化財,工芸品,中国,南宋,19420626,,公益財団法人根津美術館,公益財団法人根津美術館,,
千代田区,丸の内３丁目,大丸有,東京都千代田区丸の内３丁目１−１ 国際ビル 地下2F,35.67659694,139.7607586,青磁下蕪花生,,国宝・重要文化財（美術工芸品）,重要文化財,工芸品,中国,南宋,19780615,,財団法人出光美術館,財団法人出光美術館,,
港区,南青山６丁目,-,東京都港区南青山６丁目５−１,35.66225119,139.7170835,青磁筒花生〈銘大内筒／〉,,国宝・重要文化財（美術工芸品）,重要文化財,工芸品,中国,南宋,19540320,,公益財団法人根津美術館,公益財団法人根津美術館,,
千代田区,丸の内３丁目,大丸有,東京都千代田区丸の内３丁目１−１ 国際ビル 地下2F,35.67659694,139.7607586,青磁袴腰大香炉,,国宝・重要文化財（美術工芸品）,重要文化財,工芸品,中国,南宋,19550202,,財団法人出光美術館,財団法人出光美術館,,
中央区,日本橋室町２丁目,日八京,東京都中央区日本橋室町２丁目１−１,35.68641691,139.7735268,清拙正澄墨蹟〈霊致別称偈／延元元年仲夏〉,,国宝・重要文化財（美術工芸品）,重要文化財,書跡・典籍,中国・日本,元～南北朝,19531114,,三井記念美術館　,公益財団法人三井文庫,,
港区,南青山６丁目,-,東京都港区南青山６丁目５−１,35.66225119,139.7170835,石造浮彫十一面観音龕,,国宝・重要文化財（美術工芸品）,重要文化財,彫刻,中国,唐,19360918,,公益財団法人根津美術館,公益財団法人根津美術館,,
千代田区,丸の内３丁目,大丸有,東京都千代田区丸の内３丁目１−１ 国際ビル 地下2F,35.67659694,139.7607586,禅院額字〈選仏場／〉,,国宝・重要文化財（美術工芸品）,重要文化財,書跡・典籍,中国,南宋,19520329,,公益財団法人出光美術館,公益財団法人出光美術館,,
千代田区,北の丸公園,-,東京都千代田区北の丸公園３−２,35.69025464,139.7538694,宋版頴浜先生大全文集,,国宝・重要文化財（美術工芸品）,重要文化財,書跡・典籍,中国,南宋,19570219,,独立行政法人国立公文書館,独立行政法人国立公文書館,,
港区,虎ノ門２丁目,虎ノ門,東京都港区虎ノ門２丁目１０−３,35.66694364,139.7433111,宋版韓集挙正,,国宝・重要文化財（美術工芸品）,重要文化財,書跡・典籍,中国,南宋,19640526,,大倉集古館,公益財団法人大倉文化財団,,
千代田区,北の丸公園,-,東京都千代田区北の丸公園３−２,35.69025464,139.7538694,宋版鉅宋広韻,,国宝・重要文化財（美術工芸品）,重要文化財,書跡・典籍,中国,南宋,19570219,,独立行政法人国立公文書館,独立行政法人国立公文書館,,
千代田区,北の丸公園,-,東京都千代田区北の丸公園３−２,35.69025464,139.7538694,宋版周易新講義,,国宝・重要文化財（美術工芸品）,重要文化財,書跡・典籍,中国,南宋,19560628,,独立行政法人国立公文書館,独立行政法人国立公文書館,,
千代田区,北の丸公園,-,東京都千代田区北の丸公園３−２,35.69025464,139.7538694,宋版子略,,国宝・重要文化財（美術工芸品）,重要文化財,書跡・典籍,中国,南宋,19560628,,独立行政法人国立公文書館,独立行政法人国立公文書館,,
千代田区,北の丸公園,-,東京都千代田区北の丸公園３−２,35.69025464,139.7538694,宋版史略,,国宝・重要文化財（美術工芸品）,重要文化財,書跡・典籍,中国,南宋,19560628,,独立行政法人国立公文書館,独立行政法人国立公文書館,,
千代田区,永田町１丁目,赤坂,東京都千代田区永田町１丁目１０−１,35.67842018,139.7442156,宋版姓解,,国宝・重要文化財（美術工芸品）,重要文化財,書跡・典籍,中国,南宋,19560628,,国立国会図書館,国（国立国会図書館）,,
港区,虎ノ門２丁目,虎ノ門,東京都港区虎ノ門２丁目１０−３,35.66694364,139.7433111,宋版大唐三蔵取経詩話（高山寺本）,,国宝・重要文化財（美術工芸品）,重要文化財,書跡・典籍,中国,南宋,19590627,,大倉集古館,公益財団法人大倉文化財団,,
千代田区,北の丸公園,-,東京都千代田区北の丸公園３−２,35.69025464,139.7538694,宋版東坡集,,国宝・重要文化財（美術工芸品）,重要文化財,書跡・典籍,中国,南宋,19560628,,独立行政法人国立公文書館,独立行政法人国立公文書館,,
千代田区,北の丸公園,-,東京都千代田区北の丸公園３−２,35.69025464,139.7538694,宋版梅亭先生四六標準,,国宝・重要文化財（美術工芸品）,重要文化財,書跡・典籍,中国,南宋,19570219,,独立行政法人国立公文書館,独立行政法人国立公文書館,,
千代田区,北の丸公園,-,東京都千代田区北の丸公園３−２,35.69025464,139.7538694,宋版平斉文集,,国宝・重要文化財（美術工芸品）,重要文化財,書跡・典籍,中国,南宋,19570219,,独立行政法人国立公文書館,独立行政法人国立公文書館,,
千代田区,北の丸公園,-,東京都千代田区北の丸公園３−２,35.69025464,139.7538694,宋版予章先生集,,国宝・重要文化財（美術工芸品）,重要文化財,書跡・典籍,中国,南宋,19570219,,独立行政法人国立公文書館,独立行政法人国立公文書館,,
千代田区,北の丸公園,-,東京都千代田区北の丸公園３−２,35.69025464,139.7538694,宋版廬山記,,国宝・重要文化財（美術工芸品）,重要文化財,書跡・典籍,中国,南宋,19550622,,独立行政法人国立公文書館,独立行政法人国立公文書館,,
千代田区,北の丸公園,-,東京都千代田区北の丸公園３−２,35.69025464,139.7538694,宋版准海集,,国宝・重要文化財（美術工芸品）,重要文化財,書跡・典籍,中国,南宋,19560628,,独立行政法人国立公文書館,独立行政法人国立公文書館,,
港区,南青山６丁目,-,東京都港区南青山６丁目５−１,35.66225119,139.7170835,双羊尊,,国宝・重要文化財（美術工芸品）,重要文化財,考古資料,中国,西周,19710622,,財団法人根津美術館,財団法人根津美術館,,
港区,赤坂９丁目,六本木,東京都港区赤坂９丁目７−４ 東京ミッドタウン ガーデンテラス3F,35.66684968,139.7307138,染付松樹文三脚皿〈鍋島／〉,,国宝・重要文化財（美術工芸品）,重要文化財,工芸品,日本,江戸,20001204,,サントリー美術館,公益財団法人サントリー芸術財団,,
港区,白金台２丁目,-,東京都港区白金台２丁目２０−１２,35.63231263,139.7268709,染付龍濤文大瓶,,国宝・重要文化財（美術工芸品）,重要文化財,工芸品,中国,明,19710622,,畠山記念館,公益財団法人荏原畠山記念文化財団,,
港区,三田２丁目,-,東京都港区三田２丁目１５ 第1校舎: 101-147,35.64923529,139.7428676,大かうさまくんきのうち〈太田牛一筆／〉,,国宝・重要文化財（美術工芸品）,重要文化財,書跡・典籍,日本,江戸,19740608,,学校法人慶應義塾,学校法人慶應義塾,,
港区,南青山６丁目,-,東京都港区南青山６丁目５−１,35.66225119,139.7170835,大乗掌珍論〈巻上残巻／〉,,国宝・重要文化財（美術工芸品）,重要文化財,書跡・典籍,日本,奈良,19440905,,公益財団法人根津美術館,公益財団法人根津美術館,,
港区,南青山６丁目,-,東京都港区南青山６丁目５−１,35.66225119,139.7170835,大乗法界無差別論疏〈成弁筆／〉,,国宝・重要文化財（美術工芸品）,重要文化財,書跡・典籍,日本,鎌倉,19610217,,公益財団法人根津美術館,公益財団法人根津美術館,,
千代田区,丸の内３丁目,大丸有,東京都千代田区丸の内３丁目１−１ 国際ビル 地下2F,35.67659694,139.7607586,大燈国師墨蹟〈偈頌／（夏日）〉,,国宝・重要文化財（美術工芸品）,重要文化財,書跡・典籍,日本,鎌倉～南北朝,19610630,,公益財団法人出光美術館,公益財団法人出光美術館,,
千代田区,丸の内３丁目,大丸有,東京都千代田区丸の内３丁目１−１ 国際ビル 地下2F,35.67659694,139.7607586,大燈国師墨蹟〈偈語（興作）／〉,,国宝・重要文化財（美術工芸品）,重要文化財,書跡・典籍,日本,鎌倉～南北朝,19610630,,公益財団法人出光美術館,公益財団法人出光美術館,,
港区,南青山６丁目,-,東京都港区南青山６丁目５−１,35.66225119,139.7170835,大唐内典録〈巻第九　第十残巻／〉,,国宝・重要文化財（美術工芸品）,重要文化財,書跡・典籍,日本,奈良,19490530,,公益財団法人根津美術館,公益財団法人根津美術館,,
港区,南青山６丁目,-,東京都港区南青山６丁目５−１,35.66225119,139.7170835,大般若経巻五十七残巻,,国宝・重要文化財（美術工芸品）,重要文化財,書跡・典籍,日本,奈良,19440905,,公益財団法人根津美術館,公益財団法人根津美術館,,
港区,南青山６丁目,-,東京都港区南青山６丁目５−１,35.66225119,139.7170835,大般若経巻第二十三,,国宝・重要文化財（美術工芸品）,重要文化財,書跡・典籍,日本,奈良,19311214,,公益財団法人根津美術館,公益財団法人根津美術館,,
港区,南青山６丁目,-,東京都港区南青山６丁目５−１,35.66225119,139.7170835,大般若経巻第二百六十七,,国宝・重要文化財（美術工芸品）,重要文化財,書跡・典籍,日本,奈良,19440905,,公益財団法人根津美術館,公益財団法人根津美術館,,
渋谷区,神宮前１丁目,-,東京都渋谷区神宮前１丁目５−３,35.67175841,139.7058746,太刀〈額銘吉房／〉,,国宝・重要文化財（美術工芸品）,重要文化財,工芸品,日本,鎌倉,19500829,,刀剣博物館,東郷神社,,
渋谷区,代々木４丁目,-,東京都渋谷区代々木４丁目２５−１０,35.68148377,139.6906684,太刀〈無銘福岡一文字／〉附糸巻太刀拵,,国宝・重要文化財（美術工芸品）,重要文化財,工芸品,日本,鎌倉,19710622,,刀剣博物館,公益財団法人日本美術刀剣保存協会,,
渋谷区,代々木４丁目,-,東京都渋谷区代々木４丁目２５−１０,35.68148377,139.6906684,太刀〈銘兼永／〉,,国宝・重要文化財（美術工芸品）,重要文化財,工芸品,日本,平安,19500829,,刀剣博物館,公益財団法人日本美術刀剣保存協会,,
中央区,日本橋室町２丁目,日八京,東京都中央区日本橋室町２丁目１−１,35.68641691,139.7735268,太刀〈銘国信／〉,,国宝・重要文化財（美術工芸品）,重要文化財,工芸品,日本,南北朝,19550622,,三井記念美術館　,公益財団法人三井文庫,,
千代田区,丸の内３丁目,大丸有,東京都千代田区丸の内３丁目１−１ 国際ビル 地下2F,35.67659694,139.7607586,太刀〈銘国村／〉,,国宝・重要文化財（美術工芸品）,重要文化財,工芸品,日本,鎌倉,19500829,,財団法人出光美術館,財団法人出光美術館,,
渋谷区,代々木４丁目,-,東京都渋谷区代々木４丁目２５−１０,35.68148377,139.6906684,太刀〈銘国行／〉,,国宝・重要文化財（美術工芸品）,国宝,工芸品,日本,鎌倉,19370525,19530331,刀剣博物館,公益財団法人日本美術刀剣保存協会,,
渋谷区,代々木４丁目,-,東京都渋谷区代々木４丁目２５−１０,35.68148377,139.6906684,太刀〈銘国行／〉,,国宝・重要文化財（美術工芸品）,国宝,工芸品,日本,鎌倉,19540320,19540320,刀剣博物館,公益財団法人日本美術刀剣保存協会,,
中央区,日本橋室町２丁目,日八京,東京都中央区日本橋室町２丁目１−１,35.68641691,139.7735268,太刀〈銘助真／〉,,国宝・重要文化財（美術工芸品）,重要文化財,工芸品,日本,鎌倉,19570219,,三井記念美術館　,公益財団法人三井文庫,,
渋谷区,代々木４丁目,-,東京都渋谷区代々木４丁目２５−１０,35.68148377,139.6906684,太刀〈銘信房作／〉,,国宝・重要文化財（美術工芸品）,重要文化財,工芸品,日本,平安,19500829,,刀剣博物館,公益財団法人日本美術刀剣保存協会,,
渋谷区,代々木４丁目,-,東京都渋谷区代々木４丁目２５−１０,35.68148377,139.6906684,太刀〈銘延吉／〉,,国宝・重要文化財（美術工芸品）,国宝,工芸品,日本,鎌倉,19360918,19530331,刀剣博物館,公益財団法人日本美術刀剣保存協会,,
中央区,日本橋室町２丁目,日八京,東京都中央区日本橋室町２丁目１−１,35.68641691,139.7735268,太刀〈銘則宗／〉,,国宝・重要文化財（美術工芸品）,重要文化財,工芸品,日本,鎌倉,19500829,,三井記念美術館　,公益財団法人三井文庫,,
中央区,日本橋室町２丁目,日八京,東京都中央区日本橋室町２丁目１−１,35.68641691,139.7735268,太刀〈銘備州長船住兼光／暦応二年正月日〉,,国宝・重要文化財（美術工芸品）,重要文化財,工芸品,日本,南北朝,19520329,,三井記念美術館　,公益財団法人三井文庫,,
中央区,日本橋室町２丁目,日八京,東京都中央区日本橋室町２丁目１−１,35.68641691,139.7735268,太刀〈銘備州長鉛基光／〉,,国宝・重要文化財（美術工芸品）,重要文化財,工芸品,日本,南北朝,19530331,,三井記念美術館　,公益財団法人三井文庫,,
渋谷区,代々木４丁目,-,東京都渋谷区代々木４丁目２５−１０,35.68148377,139.6906684,太刀〈銘備前国住人雲次／正和二二年十月日〉,,国宝・重要文化財（美術工芸品）,重要文化財,工芸品,日本,鎌倉,19540320,,刀剣博物館,公益財団法人日本美術刀剣保存協会,,
中央区,日本橋室町２丁目,日八京,東京都中央区日本橋室町２丁目１−１,35.68641691,139.7735268,短刀〈無銘貞宗（名物徳善院貞宗）／〉,,国宝・重要文化財（美術工芸品）,国宝,工芸品,日本,鎌倉,19370525,19521122,三井記念美術館　,公益財団法人三井文庫,,
中央区,日本橋室町２丁目,日八京,東京都中央区日本橋室町２丁目１−１,35.68641691,139.7735268,短刀〈無銘正宗（名物日向正宗）／〉,,国宝・重要文化財（美術工芸品）,国宝,工芸品,日本,鎌倉,19410703,19521122,三井記念美術館　,公益財団法人三井文庫,,
港区,虎ノ門２丁目,虎ノ門,東京都港区虎ノ門２丁目１０−３,35.66694364,139.7433111,短刀〈銘則重／〉,,国宝・重要文化財（美術工芸品）,重要文化財,工芸品,日本,鎌倉,19500829,,大倉集古館,公益財団法人大倉文化財団,,
港区,南青山６丁目,-,東京都港区南青山６丁目５−１,35.66225119,139.7170835,註楞伽経〈巻第七／〉,,国宝・重要文化財（美術工芸品）,重要文化財,書跡・典籍,日本,奈良,19311214,,公益財団法人根津美術館,公益財団法人根津美術館,,
港区,虎ノ門２丁目,虎ノ門,東京都港区虎ノ門２丁目１０−３,35.66694364,139.7433111,長生殿蒔絵手筥,,国宝・重要文化財（美術工芸品）,重要文化財,工芸品,日本,鎌倉,19330123,,大倉集古館,公益財団法人大倉文化財団,,
渋谷区,東４丁目,-,東京都渋谷区東４丁目１０−２８ ３号館 2F,35.65564213,139.7120399,朝野群載〈巻第一／〉,,国宝・重要文化財（美術工芸品）,重要文化財,書跡・典籍,日本,鎌倉,19360506,,國學院大学,國學院大学,,
千代田区,丸の内３丁目,大丸有,東京都千代田区丸の内３丁目１−１ 国際ビル 地下2F,35.67659694,139.7607586,継色紙（むめのかの）,,国宝・重要文化財（美術工芸品）,重要文化財,書跡・典籍,日本,平安,19870606,,公益財団法人出光美術館,公益財団法人出光美術館,,
港区,三田２丁目,-,東京都港区三田２丁目１５ 第1校舎: 101-147,35.64923529,139.7428676,対馬宗家関係資料,,国宝・重要文化財（美術工芸品）,重要文化財,歴史資料,日本,江戸～明治,20080710,,学校法人慶應義塾,学校法人慶應義塾,,
千代田区,永田町１丁目,赤坂,東京都千代田区永田町１丁目１０−１,35.67842018,139.7442156,対馬宗家倭館関係資料,,国宝・重要文化財（美術工芸品）,重要文化財,歴史資料,日本,江戸,20070608,,国立国会図書館,国（国立国会図書館）,,
千代田区,丸の内３丁目,大丸有,東京都千代田区丸の内３丁目１−１ 国際ビル 地下2F,35.67659694,139.7607586,壺形土器,,国宝・重要文化財（美術工芸品）,重要文化財,考古資料,日本,弥生,19740608,,財団法人出光美術館,財団法人出光美術館,,
中央区,日本橋室町２丁目,日八京,東京都中央区日本橋室町２丁目１−１,35.68641691,139.7735268,手鑑「たかまつ」（百八十六葉）,,国宝・重要文化財（美術工芸品）,重要文化財,書跡・典籍,日本,奈良～江戸,19890612,,三井記念美術館　,公益財団法人三井文庫,,
千代田区,丸の内３丁目,大丸有,東京都千代田区丸の内３丁目１−１ 国際ビル 地下2F,35.67659694,139.7607586,手鑑「見ぬ世の友」（二百二十九葉）,,国宝・重要文化財（美術工芸品）,国宝,書跡・典籍,日本,奈良～室町,,19521122,公益財団法人出光美術館,公益財団法人出光美術館,,
千代田区,永田町１丁目,赤坂,東京都千代田区永田町１丁目１０−１,35.67842018,139.7442156,天台山記,,国宝・重要文化財（美術工芸品）,重要文化財,書跡・典籍,日本,平安,19550622,,国立国会図書館,国（国立国会図書館）,,
港区,虎ノ門２丁目,虎ノ門,東京都港区虎ノ門２丁目１０−３,35.66694364,139.7433111,東大寺文書〈（二十四通）／六曲屏風〉,,国宝・重要文化財（美術工芸品）,重要文化財,古文書,日本,奈良～鎌倉,19600609,,大倉集古館,公益財団法人大倉文化財団,,
港区,南青山６丁目,-,東京都港区南青山６丁目５−１,35.66225119,139.7170835,饕餮〓鳳文〓〈図形文字一／〉,,国宝・重要文化財（美術工芸品）,重要文化財,考古資料,中国,殷,19690620,,財団法人根津美術館,財団法人根津美術館,,
港区,南青山６丁目,-,東京都港区南青山６丁目５−１,35.66225119,139.7170835,饕餮〓竜文尊〈図形文字一／〉,,国宝・重要文化財（美術工芸品）,重要文化財,考古資料,中国,殷,19690620,,財団法人根津美術館,財団法人根津美術館,,
港区,南青山６丁目,-,東京都港区南青山６丁目５−１,35.66225119,139.7170835,饕餮文〓〈図形文字一／〉,,国宝・重要文化財（美術工芸品）,重要文化財,考古資料,中国,殷,19690620,,財団法人根津美術館,財団法人根津美術館,,
港区,南青山６丁目,-,東京都港区南青山６丁目５−１,35.66225119,139.7170835,饕餮文方〓〈文字一／〉,,国宝・重要文化財（美術工芸品）,重要文化財,考古資料,中国,殷,19690620,,財団法人根津美術館,財団法人根津美術館,,
港区,南青山６丁目,-,東京都港区南青山６丁目５−１,35.66225119,139.7170835,内大臣殿歌合〈／元永二年七月〉,,国宝・重要文化財（美術工芸品）,重要文化財,書跡・典籍,日本,平安,19360506,,公益財団法人根津美術館,公益財団法人根津美術館,,
千代田区,丸の内３丁目,大丸有,東京都千代田区丸の内３丁目１−１ 国際ビル 地下2F,35.67659694,139.7607586,中務集,,国宝・重要文化財（美術工芸品）,重要文化財,書跡・典籍,日本,鎌倉,19370525,,公益財団法人出光美術館,公益財団法人出光美術館,,
中央区,日本橋室町２丁目,日八京,東京都中央区日本橋室町２丁目１−１,35.68641691,139.7735268,薙刀〈銘一／〉,,国宝・重要文化財（美術工芸品）,重要文化財,工芸品,日本,鎌倉,19520719,,三井記念美術館　,公益財団法人三井文庫,,
千代田区,北の丸公園,-,東京都千代田区北の丸公園３−１,35.69056389,139.7546917,南風,,国宝・重要文化財（美術工芸品）,重要文化財,絵画,日本,近代,20181031,,東京国立近代美術館,独立行政法人国立美術館,,
港区,麻布台１丁目,虎ノ門,東京都港区麻布台１丁目５−３ 外務省飯倉公館,35.66122149,139.739448,日英修好通商条約,,国宝・重要文化財（美術工芸品）,重要文化財,歴史資料,日本,江戸,19970630,,外務省外交史料館,国（外務省外交史料館）,,
港区,麻布台１丁目,虎ノ門,東京都港区麻布台１丁目５−３ 外務省飯倉公館,35.66122149,139.739448,日仏修好通商条約,,国宝・重要文化財（美術工芸品）,重要文化財,歴史資料,日本,江戸,19970630,,外務省外交史料館,国（外務省外交史料館）,,
港区,麻布台１丁目,虎ノ門,東京都港区麻布台１丁目５−３ 外務省飯倉公館,35.66122149,139.739448,日米修好通商条約,,国宝・重要文化財（美術工芸品）,重要文化財,歴史資料,日本,江戸,19970630,,外務省外交史料館,国（外務省外交史料館）,,
港区,麻布台１丁目,虎ノ門,東京都港区麻布台１丁目５−３ 外務省飯倉公館,35.66122149,139.739448,日米条約調印書〈／安政四年五月二十六日〉,,国宝・重要文化財（美術工芸品）,重要文化財,歴史資料,日本,江戸,19970630,,外務省外交史料館,国（外務省外交史料館）,,
港区,麻布台１丁目,虎ノ門,東京都港区麻布台１丁目５−３ 外務省飯倉公館,35.66122149,139.739448,日米和親条約批准書交換証書〈／安政二年正月五日〉,,国宝・重要文化財（美術工芸品）,重要文化財,歴史資料,日本,江戸,19970630,,外務省外交史料館,国（外務省外交史料館）,,
中央区,日本橋室町２丁目,日八京,東京都中央区日本橋室町２丁目１−１,35.68641691,139.7735268,日本航海図〈（羊皮紙著色）／〉,,国宝・重要文化財（美術工芸品）,重要文化財,歴史資料,日本,江戸,19950615,,三井記念美術館　,公益財団法人三井文庫,,
港区,南青山６丁目,-,東京都港区南青山６丁目５−１,35.66225119,139.7170835,鼠志野亀甲文茶碗（山端）,,国宝・重要文化財（美術工芸品）,重要文化財,工芸品,日本,桃山,20020626,,公益財団法人根津美術館,公益財団法人根津美術館,,
渋谷区,恵比寿南１丁目,-,東京都渋谷区恵比寿南１丁目２１−１４,35.6435429,139.7108274,能本〈世阿弥筆／〉,,国宝・重要文化財（美術工芸品）,重要文化財,書跡・典籍,日本,室町,19720530,,一般財団法人観世文庫,一般財団法人観世文庫,,
港区,南青山６丁目,-,東京都港区南青山６丁目５−１,35.66225119,139.7170835,花白河蒔絵硯箱,,国宝・重要文化財（美術工芸品）,重要文化財,工芸品,日本,室町,19530331,,公益財団法人根津美術館,公益財団法人根津美術館,,
新宿区,西早稲田１丁目,-,東京都新宿区西早稲田１丁目２０−１４ 早稲田大学総合学術情報センター,35.71078887,139.7181109,埴輪女子像,,国宝・重要文化財（美術工芸品）,重要文化財,考古資料,日本,古墳,19580208,,早稲田大学,早稲田大学,,
千代田区,神田駿河台１丁目,-,東京都千代田区神田駿河台１丁目６−７,35.69678304,139.7632123,秘府略〈巻第八百六十四／〉,,国宝・重要文化財（美術工芸品）,重要文化財,書跡・典籍,日本,平安,19311214,,一般財団法人石川武美記念図書館,一般財団法人石川武美記念図書館,,
千代田区,神田駿河台１丁目,-,東京都千代田区神田駿河台１丁目６−７,35.69678304,139.7632123,不空三蔵表制集〈巻第六／（紙背）〉,,国宝・重要文化財（美術工芸品）,重要文化財,書跡・典籍,日本,平安,19330123,,一般財団法人石川武美記念図書館,一般財団法人石川武美記念図書館,,
港区,南青山６丁目,-,東京都港区南青山６丁目５−１,35.66225119,139.7170835,不空三蔵表制集巻第五,,国宝・重要文化財（美術工芸品）,重要文化財,書跡・典籍,日本,平安,20050609,,公益財団法人根津美術館,公益財団法人根津美術館,,
千代田区,丸の内３丁目,大丸有,東京都千代田区丸の内３丁目１−１ 国際ビル 地下2F,35.67659694,139.7607586,伏見天皇宸翰御歌集（五十六首）,,国宝・重要文化財（美術工芸品）,重要文化財,書跡・典籍,日本,鎌倉,19430609,,公益財団法人出光美術館,公益財団法人出光美術館,,
千代田区,丸の内３丁目,大丸有,東京都千代田区丸の内３丁目１−１ 国際ビル 地下2F,35.67659694,139.7607586,藤原定家筆消息〈九月十日／〉,,国宝・重要文化財（美術工芸品）,重要文化財,古文書,日本,鎌倉,19531114,,公益財団法人出光美術館,公益財団法人出光美術館,,
港区,赤坂９丁目,六本木,東京都港区赤坂９丁目７−４ 東京ミッドタウン ガーデンテラス3F,35.66684968,139.7307138,浮線綾螺鈿蒔絵手箱,,国宝・重要文化財（美術工芸品）,国宝,工芸品,日本,鎌倉,19370525,19640526,サントリー美術館,公益財団法人サントリー芸術財団,,
港区,南青山６丁目,-,東京都港区南青山６丁目５−１,35.66225119,139.7170835,宝相華銀平文袈裟箱,,国宝・重要文化財（美術工芸品）,重要文化財,工芸品,日本,平安,19540320,,公益財団法人根津美術館,公益財団法人根津美術館,,
港区,白金台２丁目,-,東京都港区白金台２丁目２０−１２,35.63231263,139.7268709,蓬莱山蒔絵櫛箱,,国宝・重要文化財（美術工芸品）,重要文化財,工芸品,日本,南北朝,19591218,,畠山記念館,公益財団法人荏原畠山記念文化財団,,
千代田区,北の丸公園,-,東京都千代田区北の丸公園３−２,35.69025464,139.7538694,北槎聞略〈寛政六年八月／〉,,国宝・重要文化財（美術工芸品）,重要文化財,歴史資料,日本,江戸,19930120,,独立行政法人国立公文書館,独立行政法人国立公文書館,,
千代田区,北の丸公園,-,東京都千代田区北の丸公園３−１,35.6905681,139.7547253,母子〈上村松園筆/絹本著色〉,,国宝・重要文化財（美術工芸品）,重要文化財,絵画,日本,近代,20110627,,東京国立近代美術館,独立行政法人国立美術館,,
千代田区,北の丸公園,-,東京都千代田区北の丸公園３−２,35.69025464,139.7538694,法曹類林〈巻第百九十二断簡／第百九十七断簡、第二百（金沢文庫本）〉,,国宝・重要文化財（美術工芸品）,重要文化財,書跡・典籍,日本,鎌倉,19550622,,独立行政法人国立公文書館,独立行政法人国立公文書館,,
千代田区,北の丸公園,-,東京都千代田区北の丸公園３−２,35.69025464,139.7538694,本朝続文粋（金沢文庫本）,,国宝・重要文化財（美術工芸品）,重要文化財,書跡・典籍,日本,鎌倉,19550622,,独立行政法人国立公文書館,独立行政法人国立公文書館,,
千代田区,北の丸公園,-,東京都千代田区北の丸公園３−２,35.69025464,139.7538694,間宮林蔵北蝦夷等見分関係記録,,国宝・重要文化財（美術工芸品）,重要文化財,歴史資料,日本,江戸,19910621,,独立行政法人国立公文書館,独立行政法人国立公文書館,,
港区,南青山６丁目,-,東京都港区南青山６丁目５−１,35.66225119,139.7170835,丸壺茶入（相坂）〈瀬戸／〉,,国宝・重要文化財（美術工芸品）,重要文化財,工芸品,日本,室町～桃山時代,20040608,,公益財団法人根津美術館,公益財団法人根津美術館,,
千代田区,永田町１丁目,赤坂,東京都千代田区永田町１丁目１０−１,35.67842018,139.7442156,満済准后日記〈自筆本／〉,,国宝・重要文化財（美術工芸品）,重要文化財,古文書,日本,室町,19560628,,国立国会図書館,国（国立国会図書館）,,
千代田区,丸の内３丁目,大丸有,東京都千代田区丸の内３丁目１−１ 国際ビル 地下2F,35.67659694,139.7607586,明恵上人筆消息,,国宝・重要文化財（美術工芸品）,重要文化財,古文書,日本,鎌倉,19490218,,公益財団法人出光美術館,公益財団法人出光美術館,,
港区,南青山６丁目,-,東京都港区南青山６丁目５−１,35.66225119,139.7170835,明極楚俊墨蹟（元徳二年仲春上澣五日）,,国宝・重要文化財（美術工芸品）,重要文化財,書跡・典籍,中国,元,19420626,,公益財団法人根津美術館,公益財団法人根津美術館,,
港区,南青山６丁目,-,東京都港区南青山６丁目５−１,35.66225119,139.7170835,明染付花卉文大皿,,国宝・重要文化財（美術工芸品）,重要文化財,工芸品,中国,明,19540320,,公益財団法人根津美術館,公益財団法人根津美術館,,
港区,三田２丁目,-,東京都港区三田２丁目１５ 第1校舎: 101-147,35.64923529,139.7428676,武蔵国日吉矢上古墳出土品,,国宝・重要文化財（美術工芸品）,重要文化財,考古資料,日本,古墳,19400503,,学校法人慶應義塾,学校法人慶應義塾,,
港区,南青山６丁目,-,東京都港区南青山６丁目５−１,35.66225119,139.7170835,無量義経（裝飾経）,,国宝・重要文化財（美術工芸品）,国宝,書跡・典籍,日本,平安,,19750612,公益財団法人根津美術館,公益財団法人根津美術館,,
千代田区,永田町１丁目,赤坂,東京都千代田区永田町１丁目１０−１,35.67842018,139.7442156,銘尽〈（観智院本）／〉,,国宝・重要文化財（美術工芸品）,重要文化財,工芸品,日本,室町,19680425,,国立国会図書館,国（国立国会図書館）,,
港区,南青山６丁目,-,東京都港区南青山６丁目５−１,35.66225119,139.7170835,木造地蔵菩薩立像,,国宝・重要文化財（美術工芸品）,重要文化財,彫刻,日本,平安,20030529,,公益財団法人根津美術館,公益財団法人根津美術館,,
千代田区,永田町１丁目,赤坂,東京都千代田区永田町１丁目１０−１,35.67842018,139.7442156,師守記〈自筆本／〉,,国宝・重要文化財（美術工芸品）,重要文化財,古文書,日本,南北朝,20040608,,国立国会図書館,国（国立国会図書館）,,
千代田区,神田駿河台２丁目,-,東京都千代田区神田駿河台２丁目９−９,35.70097188,139.7585946,釉裏紅草花文大壺,,国宝・重要文化財（美術工芸品）,重要文化財,工芸品,中国,元,19690620,,梅澤記念館,梅澤記念館,,
新宿区,西早稲田１丁目,-,東京都新宿区西早稲田１丁目２０−１４ 早稲田大学総合学術情報センター,35.71078887,139.7181109,礼記子本疏義巻第五十九,,国宝・重要文化財（美術工芸品）,国宝,書跡・典籍,中国,唐,,19521122,早稲田大学,早稲田大学,,
港区,白金台２丁目,-,東京都港区白金台２丁目２０−１２,35.63231263,139.7268709,楽焼赤茶碗（雪峯）〈光悦作／〉,,国宝・重要文化財（美術工芸品）,重要文化財,工芸品,日本,江戸,19591218,,畠山記念館,公益財団法人荏原畠山記念文化財団,,
中央区,日本橋室町２丁目,日八京,東京都中央区日本橋室町２丁目１−１,35.68641691,139.7735268,楽焼黒茶碗（雨雲）〈光悦作／〉,,国宝・重要文化財（美術工芸品）,重要文化財,工芸品,日本,江戸,19550622,,三井記念美術館　,公益財団法人三井文庫,,
中央区,日本橋室町２丁目,日八京,東京都中央区日本橋室町２丁目１−１,35.68641691,139.7735268,鸞天目茶碗,,国宝・重要文化財（美術工芸品）,重要文化財,工芸品,中国,南宋時代,20000627,,三井記念美術館　,公益財団法人三井文庫,,
千代田区,丸の内３丁目,大丸有,東京都千代田区丸の内３丁目１−１ 国際ビル 地下2F,35.67659694,139.7607586,理趣経種子曼荼羅,,国宝・重要文化財（美術工芸品）,重要文化財,書跡・典籍,日本,平安,20001204,,公益財団法人出光美術館,公益財団法人出光美術館,,
港区,南青山６丁目,-,東京都港区南青山６丁目５−１,35.66225119,139.7170835,竜巖徳真墨蹟〈与無夢一清偈／至順二年辛未重陽後十日〉,,国宝・重要文化財（美術工芸品）,重要文化財,書跡・典籍,中国,元,19540320,,公益財団法人根津美術館,公益財団法人根津美術館,,
渋谷区,東４丁目,-,東京都渋谷区東４丁目１０−２８ ３号館 2F,35.65564213,139.7120399,梁塵秘抄口伝集巻第十残巻,,国宝・重要文化財（美術工芸品）,重要文化財,書跡・典籍,日本,鎌倉,19930610,,國學院大学,國學院大学,,
渋谷区,東４丁目,-,東京都渋谷区東４丁目１０−２８ ３号館 2F,35.65564213,139.7120399,令義解〈神祇令第六／僧尼令第七〉,,国宝・重要文化財（美術工芸品）,重要文化財,書跡・典籍,日本,南北朝,19360506,,國學院大学,國學院大学,,
千代田区,丸の内３丁目,大丸有,東京都千代田区丸の内３丁目１−１ 国際ビル 地下2F,35.67659694,139.7607586,楼閣人物螺鈿食籠,,国宝・重要文化財（美術工芸品）,重要文化財,工芸品,中国,元,19790606,,財団法人出光美術館,財団法人出光美術館,,
千代田区,丸の内３丁目,大丸有,東京都千代田区丸の内３丁目１−１ 国際ビル 地下2F,35.67659694,139.7607586,和漢朗詠抄〈巻下／〉,,国宝・重要文化財（美術工芸品）,重要文化財,書跡・典籍,日本,平安,19640526,,公益財団法人出光美術館,公益財団法人出光美術館,,
港区,白金台２丁目,-,東京都港区白金台２丁目２０−１０,35.63285889,139.7270478,割高台茶碗,,国宝・重要文化財（美術工芸品）,重要文化財,工芸品,朝鮮,朝鮮,20170915,,畠山記念館,公益財団法人荏原畠山記念文化財団,,
港区,南青山６丁目,-,東京都港区南青山６丁目５−１,35.66225119,139.7170835,紙本墨画漁村夕照図〈伝牧谿筆／〉,,国宝・重要文化財（美術工芸品）,国宝,絵画,日本,南宋,,19540320,公益財団法人根津美術館,公益財団法人根津美術館,,
港区,南青山６丁目,-,東京都港区南青山６丁目５−１,35.66225119,139.7170835,紙本金地著色燕子花図〈尾形光琳筆／六曲屏風〉,,国宝・重要文化財（美術工芸品）,国宝,絵画,日本,江戸,,19510609,公益財団法人根津美術館,公益財団法人根津美術館,,
港区,南青山６丁目,-,東京都港区南青山６丁目５−１,35.66225119,139.7170835,紙本墨画禅機図断簡〈因陀羅筆／（布袋図）〉,,国宝・重要文化財（美術工芸品）,国宝,絵画,中国,元,,19531114,公益財団法人根津美術館,公益財団法人根津美術館,,
千代田区,丸の内３丁目,大丸有,東京都千代田区丸の内３丁目１−１ 国際ビル 地下2F,35.67659694,139.7607586,紙本著色伴大納言絵詞,,国宝・重要文化財（美術工芸品）,国宝,絵画,日本,平安,,19510609,公益財団法人出光美術館,公益財団法人出光美術館,,
中央区,日本橋室町２丁目,日八京,東京都中央区日本橋室町２丁目１−１,35.68641691,139.7735268,紙本淡彩雪松図〈円山応挙筆／六曲屏風〉,,国宝・重要文化財（美術工芸品）,国宝,絵画,日本,江戸,,19520329,三井記念美術館　,公益財団法人三井文庫,,
港区,南青山６丁目,-,東京都港区南青山６丁目５−１,35.66225119,139.7170835,紙本淡彩山水図〈伝周文筆／〉,,国宝・重要文化財（美術工芸品）,重要文化財,絵画,日本,室町,19430609,,公益財団法人根津美術館,公益財団法人根津美術館,,
港区,南青山６丁目,-,東京都港区南青山６丁目５−１,35.66225119,139.7170835,紙本淡彩観瀑図,,国宝・重要文化財（美術工芸品）,重要文化財,絵画,日本,室町,19490218,,公益財団法人根津美術館,公益財団法人根津美術館,,
港区,南青山６丁目,-,東京都港区南青山６丁目５−１,35.66225119,139.7170835,紙本墨画風雨山水図,,国宝・重要文化財（美術工芸品）,重要文化財,絵画,中国,南宋,19590627,,公益財団法人根津美術館,公益財団法人根津美術館,,
港区,南青山６丁目,-,東京都港区南青山６丁目５−１,35.66225119,139.7170835,紙本著色瓜虫図〈呂敬甫筆／自賛がある〉,,国宝・重要文化財（美術工芸品）,重要文化財,絵画,中国,元,19590627,,公益財団法人根津美術館,公益財団法人根津美術館,,
港区,南青山６丁目,-,東京都港区南青山６丁目５−１,35.66225119,139.7170835,紙本金地著色藤花図〈円山応挙筆／六曲屏風〉,,国宝・重要文化財（美術工芸品）,重要文化財,絵画,日本,江戸,19700525,,公益財団法人根津美術館,公益財団法人根津美術館,,
港区,南青山６丁目,-,東京都港区南青山６丁目５−１,35.66225119,139.7170835,紙本著色絵過去現在因果経〈巻第二／〉,,国宝・重要文化財（美術工芸品）,重要文化財,絵画,日本,鎌倉,19310119,,公益財団法人根津美術館,公益財団法人根津美術館,,
港区,南青山６丁目,-,東京都港区南青山６丁目５−１,35.66225119,139.7170835,紙本著色天狗草紙,,国宝・重要文化財（美術工芸品）,重要文化財,絵画,日本,鎌倉,19420626,,公益財団法人根津美術館,公益財団法人根津美術館,,
港区,南青山６丁目,-,東京都港区南青山６丁目５−１,35.66225119,139.7170835,紙本著色十二因縁絵巻,,国宝・重要文化財（美術工芸品）,重要文化財,絵画,日本,鎌倉,19420626,,公益財団法人根津美術館,公益財団法人根津美術館,,
港区,赤坂９丁目,六本木,東京都港区赤坂９丁目７−４ 東京ミッドタウン ガーデンテラス3F,35.66684968,139.7307138,紙本墨画善教房絵詞,,国宝・重要文化財（美術工芸品）,重要文化財,絵画,日本,室町,19340130,,サントリー美術館,公益財団法人サントリー芸術財団,,
港区,赤坂９丁目,六本木,東京都港区赤坂９丁目７−４ 東京ミッドタウン ガーデンテラス3F,35.66684968,139.7307138,紙本金地著色泰西王侯騎馬図〈／四曲屏風〉,,国宝・重要文化財（美術工芸品）,重要文化財,絵画,日本,桃山,19590627,,サントリー美術館,公益財団法人サントリー芸術財団,,
港区,赤坂９丁目,六本木,東京都港区赤坂９丁目７−４ 東京ミッドタウン ガーデンテラス3F,35.66684968,139.7307138,紙本金地著色南蛮人渡来図〈／六曲屏風〉,,国宝・重要文化財（美術工芸品）,重要文化財,絵画,日本,江戸,19960627,,サントリー美術館,公益財団法人サントリー芸術財団,,
千代田区,丸の内３丁目,大丸有,東京都千代田区丸の内３丁目１−１ 国際ビル 地下2F,35.67659694,139.7607586,紙本墨画青山園荘図,,国宝・重要文化財（美術工芸品）,重要文化財,絵画,日本,江戸,19810609,,公益財団法人出光美術館,公益財団法人出光美術館,,
千代田区,丸の内３丁目,大丸有,東京都千代田区丸の内３丁目１−１ 国際ビル 地下2F,35.67659694,139.7607586,紙本著色西行法師行状絵詞〈巻第一、第二、第四〉,,国宝・重要文化財（美術工芸品）,重要文化財,絵画,日本,江戸,20000627,,公益財団法人出光美術館,公益財団法人出光美術館,,
千代田区,丸の内３丁目,大丸有,東京都千代田区丸の内３丁目１−１ 国際ビル 地下2F,35.67659694,139.7607586,紙本墨画平沙落雁図〈伝牧谿筆／「道有」ノ印アリ〉,,国宝・重要文化財（美術工芸品）,重要文化財,絵画,中国,南宋,19430609,,公益財団法人出光美術館,公益財団法人出光美術館,,
千代田区,丸の内３丁目,大丸有,東京都千代田区丸の内３丁目１−１ 国際ビル 地下2F,35.67659694,139.7607586,紙本淡彩十二月離合山水図〈池大雅筆／六曲屏風〉,,国宝・重要文化財（美術工芸品）,重要文化財,絵画,日本,江戸,19360506,,公益財団法人出光美術館,公益財団法人出光美術館,,
千代田区,丸の内３丁目,大丸有,東京都千代田区丸の内３丁目１−１ 国際ビル 地下2F,35.67659694,139.7607586,著色絵料紙墨書法華経残闕〈／（扇面写経）〉,,国宝・重要文化財（美術工芸品）,重要文化財,絵画,日本,平安,19380704,,公益財団法人出光美術館,公益財団法人出光美術館,,
千代田区,丸の内３丁目,大丸有,東京都千代田区丸の内３丁目１−１ 国際ビル 地下2F,35.67659694,139.7607586,紙本墨画山市晴嵐図〈玉澗筆／自賛がある〉,,国宝・重要文化財（美術工芸品）,重要文化財,絵画,日本,南宋,19520329,,公益財団法人出光美術館,公益財団法人出光美術館,,
千代田区,丸の内３丁目,大丸有,東京都千代田区丸の内３丁目１−１ 国際ビル 地下2F,35.67659694,139.7607586,紙本著色柿本人麿像〈／（佐竹本三十六歌仙切）〉,,国宝・重要文化財（美術工芸品）,重要文化財,絵画,日本,鎌倉,19520719,,公益財団法人出光美術館,公益財団法人出光美術館,,
千代田区,丸の内３丁目,大丸有,東京都千代田区丸の内３丁目１−１ 国際ビル 地下2F,35.67659694,139.7607586,紙本著色梅花書屋図〈田能村竹田筆／天保三年の年記がある〉,,国宝・重要文化財（美術工芸品）,重要文化財,絵画,日本,江戸,19630701,,公益財団法人出光美術館,公益財団法人出光美術館,,
千代田区,丸の内３丁目,大丸有,東京都千代田区丸の内３丁目１−１ 国際ビル 地下2F,35.67659694,139.7607586,紙本金地著色祇園祭礼図〈／六曲屏風〉,,国宝・重要文化財（美術工芸品）,重要文化財,絵画,日本,桃山,19660611,,公益財団法人出光美術館,公益財団法人出光美術館,,
千代田区,丸の内３丁目,大丸有,東京都千代田区丸の内３丁目１−１ 国際ビル 地下2F,35.67659694,139.7607586,紙本墨画双峰挿雲図〈浦上玉堂筆／〉,,国宝・重要文化財（美術工芸品）,重要文化財,絵画,日本,江戸,19660611,,公益財団法人出光美術館,公益財団法人出光美術館,,
千代田区,丸の内３丁目,大丸有,東京都千代田区丸の内３丁目１−１ 国際ビル 地下2F,35.67659694,139.7607586,紙本墨画籠煙惹滋図〈浦上玉堂筆／〉,,国宝・重要文化財（美術工芸品）,重要文化財,絵画,日本,江戸,19780615,,公益財団法人出光美術館,公益財団法人出光美術館,,
千代田区,丸の内３丁目,大丸有,東京都千代田区丸の内３丁目１−１ 国際ビル 地下2F,35.67659694,139.7607586,紙本淡彩戸山山荘図〈谷文晁筆／〉,,国宝・重要文化財（美術工芸品）,重要文化財,絵画,日本,江戸,19810609,,公益財団法人出光美術館,公益財団法人出光美術館,,
千代田区,丸の内３丁目,大丸有,東京都千代田区丸の内３丁目１−１ 国際ビル 地下2F,35.67659694,139.7607586,紙本著色絵因果経〈巻第三上／〉,,国宝・重要文化財（美術工芸品）,重要文化財,絵画,日本,奈良,19860606,,公益財団法人出光美術館,公益財団法人出光美術館,,
千代田区,丸の内３丁目,大丸有,東京都千代田区丸の内３丁目１−１ 国際ビル 地下2F,35.67659694,139.7607586,紙本著色四季花木図〈／六曲屏風〉,,国宝・重要文化財（美術工芸品）,重要文化財,絵画,日本,室町,19910621,,公益財団法人出光美術館,公益財団法人出光美術館,,
千代田区,丸の内３丁目,大丸有,東京都千代田区丸の内３丁目１−１ 国際ビル 地下2F,35.67659694,139.7607586,紙本著色直幹申文絵詞,,国宝・重要文化財（美術工芸品）,重要文化財,絵画,日本,鎌倉,19330123,,公益財団法人出光美術館,公益財団法人出光美術館,,
中央区,日本橋室町２丁目,日八京,東京都中央区日本橋室町２丁目１−１,35.68641691,139.7735268,紙本金地著色日月松鶴図〈／六曲屏風〉,,国宝・重要文化財（美術工芸品）,重要文化財,絵画,日本,室町,19930610,,三井記念美術館　,公益財団法人三井文庫,,
千代田区,北の丸公園,-,東京都千代田区北の丸公園３−１,35.6905681,139.7547253,裸体美人〈萬鐵五郎筆／油絵　麻布〉,,国宝・重要文化財（美術工芸品）,重要文化財,絵画,日本,明治,20001204,,東京国立近代美術館,独立行政法人国立美術館,,
千代田区,北の丸公園,-,東京都千代田区北の丸公園３−１,35.6905681,139.7547253,三遊亭円朝像（鏑木清方筆／絹本著色）,,国宝・重要文化財（美術工芸品）,重要文化財,絵画,日本,昭和,20030529,,東京国立近代美術館,独立行政法人国立美術館,,
千代田区,北の丸公園,-,東京都千代田区北の丸公園３−１,35.6905681,139.7547253,切通しの写生〈岸田劉生筆　一九一五年／油絵　麻布〉,,国宝・重要文化財（美術工芸品）,重要文化財,絵画,日本,大正,19710622,,東京国立近代美術館,独立行政法人国立美術館,,
千代田区,北の丸公園,-,東京都千代田区北の丸公園３−１,35.6905681,139.7547253,紙本著色行く春図〈川合玉堂筆／六曲屏風〉,,国宝・重要文化財（美術工芸品）,重要文化財,絵画,日本,大正,19710622,,東京国立近代美術館,独立行政法人国立美術館,,
渋谷区,恵比寿南１丁目,-,東京都渋谷区恵比寿南１丁目２１−１４,35.6435429,139.7108274,能面父尉（伝弥勒作）,,国宝・重要文化財（美術工芸品）,重要文化財,彫刻,日本,室町,19620621,,財団法人観世文庫,財団法人観世文庫,,
渋谷区,恵比寿南１丁目,-,東京都渋谷区恵比寿南１丁目２１−１４,35.6435429,139.7108274,能面延命冠者（伝文蔵作）,,国宝・重要文化財（美術工芸品）,重要文化財,彫刻,日本,室町,19620621,,財団法人観世文庫,財団法人観世文庫,,
渋谷区,恵比寿南１丁目,-,東京都渋谷区恵比寿南１丁目２１−１４,35.6435429,139.7108274,能面大悪尉（伝赤鶴作）,,国宝・重要文化財（美術工芸品）,重要文化財,彫刻,日本,室町,19620621,,財団法人観世文庫,財団法人観世文庫,,
渋谷区,恵比寿南１丁目,-,東京都渋谷区恵比寿南１丁目２１−１４,35.6435429,139.7108274,能面鼻瘤悪尉（伝福来作）,,国宝・重要文化財（美術工芸品）,重要文化財,彫刻,日本,室町,19620621,,財団法人観世文庫,財団法人観世文庫,,
渋谷区,恵比寿南１丁目,-,東京都渋谷区恵比寿南１丁目２１−１４,35.6435429,139.7108274,能面慈童（伝竜右衛門作）,,国宝・重要文化財（美術工芸品）,重要文化財,彫刻,日本,室町,19620621,,財団法人観世文庫,財団法人観世文庫,,
渋谷区,恵比寿南１丁目,-,東京都渋谷区恵比寿南１丁目２１−１４,35.6435429,139.7108274,能面翁（黒色尉）（伝日光作）,,国宝・重要文化財（美術工芸品）,重要文化財,彫刻,日本,南北朝,19640128,,財団法人観世文庫,財団法人観世文庫,,
渋谷区,恵比寿南１丁目,-,東京都渋谷区恵比寿南１丁目２１−１４,35.6435429,139.7108274,能面子牛尉（伝小牛作）,,国宝・重要文化財（美術工芸品）,重要文化財,彫刻,日本,室町,19640128,,財団法人観世文庫,財団法人観世文庫,,
渋谷区,恵比寿南１丁目,-,東京都渋谷区恵比寿南１丁目２１−１４,35.6435429,139.7108274,能面阿古父尉（伝小牛作）,,国宝・重要文化財（美術工芸品）,重要文化財,彫刻,日本,室町,19640128,,財団法人観世文庫,財団法人観世文庫,,
渋谷区,恵比寿南１丁目,-,東京都渋谷区恵比寿南１丁目２１−１４,35.6435429,139.7108274,能面笑尉（伝小牛作）,,国宝・重要文化財（美術工芸品）,重要文化財,彫刻,日本,室町,19640128,,財団法人観世文庫,財団法人観世文庫,,
渋谷区,恵比寿南１丁目,-,東京都渋谷区恵比寿南１丁目２１−１４,35.6435429,139.7108274,能面朝倉尉（伝福来作）,,国宝・重要文化財（美術工芸品）,重要文化財,彫刻,日本,室町,19640128,,財団法人観世文庫,財団法人観世文庫,,
渋谷区,恵比寿南１丁目,-,東京都渋谷区恵比寿南１丁目２１−１４,35.6435429,139.7108274,能面大飛出（伝赤鶴作）,,国宝・重要文化財（美術工芸品）,重要文化財,彫刻,日本,室町,19640128,,財団法人観世文庫,財団法人観世文庫,,
渋谷区,恵比寿南１丁目,-,東京都渋谷区恵比寿南１丁目２１−１４,35.6435429,139.7108274,能面天神（伝赤鶴作）,,国宝・重要文化財（美術工芸品）,重要文化財,彫刻,日本,室町,19640128,,財団法人観世文庫,財団法人観世文庫,,
港区,南青山６丁目,-,東京都港区南青山６丁目５−１,35.66225119,139.7170835,銅造〈釈迦如来／多宝如来〉並坐像,,国宝・重要文化財（美術工芸品）,重要文化財,彫刻,中国,北魏,19790606,,公益財団法人根津美術館,公益財団法人根津美術館,,
渋谷区,神宮前６丁目,-,東京都渋谷区神宮前６丁目２４−３,35.66573601,139.7022111,能面翁（白色尉）（伝弥勒作）,,国宝・重要文化財（美術工芸品）,重要文化財,彫刻,日本,南北朝,19620621,,観世文庫,観世文庫,,
渋谷区,神宮前６丁目,-,東京都渋谷区神宮前６丁目２４−３,35.66573601,139.7022111,能面皺尉（伝福来作）,,国宝・重要文化財（美術工芸品）,重要文化財,彫刻,日本,室町,19640128,,観世文庫,観世文庫,,
港区,虎ノ門２丁目,虎ノ門,東京都港区虎ノ門２丁目１０−３,35.66694364,139.7433111,石造如来立像,,国宝・重要文化財（美術工芸品）,重要文化財,彫刻,日本,北魏,19591218,,財団法人大倉文化財団,財団法人大倉文化財団,,
千代田区,北の丸公園,-,東京都千代田区北の丸公園３−１,35.6905681,139.7547253,ゆあみ〈新海竹太郎作　一九〇七年／石膏原型〉,,国宝・重要文化財（美術工芸品）,重要文化財,彫刻,日本,近代,20000627,,東京国立近代美術館,独立行政法人国立美術館,,
港区,高輪２丁目,-,東京都港区高輪２丁目１１−１,35.63741425,139.7357506,浅野長矩墓および赤穂義士墓,,史跡名勝天然記念物,史跡,,,,19220308,,,,,
千代田区,千代田,-,東京都千代田区千代田１,35.68825153,139.7544497,江戸城跡,,史跡名勝天然記念物,特別史跡,,,,19600520,,,,,
千代田区,北の丸公園,-,東京都千代田区北の丸公園１−１,35.69067431,139.7485154,江戸城跡のヒカリゴケ生育地,,史跡名勝天然記念物,天然記念物,,,,19720614,,,,,
新宿区,市谷田町１丁目,-,東京都新宿区市谷田町１丁目先,35.69319148,139.7375251,江戸城外堀跡,,史跡名勝天然記念物,史跡,,,,19560326,,,,,
品川区,大井６丁目,-,東京都品川区大井６丁目２１−６,35.59298917,139.7302393,大森貝塚,,史跡名勝天然記念物,史跡,,,,19550324,,,,,
港区,三田４丁目,-,東京都港区三田４丁目７−２９,35.64413994,139.7376085,荻生徂徠墓,,史跡名勝天然記念物,史跡,,,,19490713,,,,,
品川区,北品川４丁目,-,東京都品川区北品川４丁目１１−１,35.61789774,139.7367122,加茂真淵墓,,史跡名勝天然記念物,史跡,,,,19261020,,,,,
港区,海岸１丁目,-,東京都港区海岸１丁目４−１ 旧芝離宮恩賜庭園 西湖の堤,35.65486497,139.7586334,旧芝離宮庭園,,史跡名勝天然記念物,名勝,,,,19790625,,,,,
港区,白金台５丁目,-,東京都港区白金台５丁目２１−５ 国立科学博物館附属 自然教育園,35.6386682,139.7193735,旧白金御料地,,史跡名勝天然記念物,天然記念物,史跡,,,19490412,,,,,
港区,東新橋１丁目,虎ノ門広域,東京都港区東新橋１丁目５−３,35.66597989,139.7614609,旧新橋停車場跡及び高輪築堤跡,,史跡名勝天然記念物,史跡,,,,19650512,,,,,
中央区,浜離宮庭園,-,東京都中央区浜離宮庭園１−１ 浜離宮恩賜庭園,35.65989173,139.7633501,旧浜離宮庭園,,史跡名勝天然記念物,特別名勝,特別史跡,,,19481218,,,,,
港区,六本木７丁目,六本木,東京都港区六本木７丁目１４−６,35.6635819,139.7314057,佐藤一斎墓,,史跡名勝天然記念物,史跡,,,,19490713,,,,,
港区,台場１丁目,-,東京都港区台場１丁目１０−１ 台場公園,35.63354826,139.7720386,品川台場,,史跡名勝天然記念物,史跡,,,,19261020,,,,,
港区,元麻布１丁目,-,東京都港区元麻布１丁目６−２１,35.65325,139.73325,善福寺のイチョウ,,史跡名勝天然記念物,天然記念物,,,,19261020,,,,,
港区,高輪２丁目,-,東京都港区高輪２丁目１９,35.63951034,139.7406713,高輪大木戸跡,,史跡名勝天然記念物,史跡,,,,19280207,,,,,
品川区,北品川４丁目,-,東京都品川区北品川４丁目１１−１,35.61765007,139.7365263,沢庵墓,,史跡名勝天然記念物,史跡,,,,19261020,,,,,
港区,高輪３丁目,-,東京都港区高輪３丁目１６−１６,35.63423918,139.7351116,東禅寺,,史跡名勝天然記念物,史跡,,,近世,20100222,,,,,
千代田区,大手町２丁目,大丸有,東京都千代田区大手町２丁目７−２,35.68602045,139.7701843,常盤橋門跡,,史跡名勝天然記念物,史跡,,,,19280324,,,,,
江東区,白河１丁目,-,東京都江東区白河１丁目３−３２ 霊巌寺,35.68152885,139.7998799,松平定信墓,,史跡名勝天然記念物,史跡,,,,19280118,,,,,
新宿区,弁天町,-,東京都新宿区弁天町１,35.70490073,139.7245948,山鹿素行墓,,史跡名勝天然記念物,史跡,,,,19430501,,,,,
新宿区,南榎町,-,東京都新宿区南榎町５７−１０９,35.70059567,139.7287216,林氏墓地,,史跡名勝天然記念物,史跡,,,,19261020,,,,,
港区,元麻布３丁目,-,東京都港区元麻布３丁目８−８ 菊池氏茶室 (磵居) 庭園,35.65671241,139.7305986,菊池氏茶室（■(石偏に間)居）庭園,,登録記念物,登録記念物（名勝地関係）,,,昭和40年,20170209,,,,,
渋谷区,渋谷４丁目,-,東京都渋谷区渋谷４丁目４−２５,35.66072331,139.7103494,青山学院ベリーホール,,登録有形文化財(建造物),学校,建築物,,昭和前,20080418,,,学校法人青山学院,,
渋谷区,渋谷４丁目,-,東京都渋谷区渋谷４丁目４−２５,35.660297,139.710175,青山学院間島記念館,,登録有形文化財(建造物),学校,建築物,,昭和前,20080418,,,学校法人青山学院,,
新宿区,北山伏町,-,東京都新宿区北山伏町２−１２,35.69985368,139.7295728,新井家住宅主屋,,登録有形文化財(建造物),住宅,建築物,,昭和前,20130329,,,,,
新宿区,横寺町,-,東京都新宿区横寺町１４,35.702345,139.7352119,一水寮,,登録有形文化財(建造物),住宅,建築物,,昭和中,20130329,,,森永商事株式会社,,
中央区,日本橋大伝馬町,-,東京都中央区日本橋大伝馬町２−１５ アーバイル日本橋小伝馬町,35.68933492,139.7780735,江戸屋店舗兼住宅,,登録有形文化財(建造物),産業3次,建築物,,大正,20140425,,,,,
港区,虎ノ門２丁目,虎ノ門,東京都港区虎ノ門２丁目１０−３,35.667079,139.7433957,大倉集古館陳列館,,登録有形文化財(建造物),文化福祉,建築物,,昭和前,19980902,,,財団法人大倉文化財団,,
中央区,新富２丁目,-,東京都中央区新富２丁目２−１,35.67215508,139.7726732,大野屋總本店店舗,,登録有形文化財(建造物),産業3次,建築物,,大正,20140425,,,,,
港区,虎ノ門５丁目,虎ノ門,東京都港区虎ノ門５丁目６−６,35.66286608,139.74237,大橋茶寮表門,,登録有形文化財(建造物),産業3次,その他工作物,,昭和中,20060803,,,,,
港区,虎ノ門５丁目,虎ノ門,東京都港区虎ノ門５丁目６−６ 大橋茶寮,35.66289537,139.7421638,大橋茶寮茶室葵,,登録有形文化財(建造物),産業3次,建築物,,昭和中,20060803,,,,,
港区,虎ノ門５丁目,虎ノ門,東京都港区虎ノ門５丁目６−６ 大橋茶寮,35.66279092,139.742157,大橋茶寮茶室桂,,登録有形文化財(建造物),産業3次,建築物,,昭和中,20060803,,,,,
港区,虎ノ門５丁目,虎ノ門,東京都港区虎ノ門５丁目６−６ 大橋茶寮,35.66275648,139.742306,大橋茶寮茶室守貧庵,,登録有形文化財(建造物),産業3次,建築物,,昭和中,20060803,,,,,
港区,虎ノ門５丁目,虎ノ門,東京都港区虎ノ門５丁目６−６,35.66281342,139.74235,大橋茶寮茶室如庵写,,登録有形文化財(建造物),産業3次,建築物,,昭和中,20060803,,,,,
港区,虎ノ門５丁目,虎ノ門,東京都港区虎ノ門５丁目６−６,35.66289949,139.7423093,大橋茶寮茶室山吹,,登録有形文化財(建造物),産業3次,建築物,,昭和中,20060803,,,,,
港区,虎ノ門５丁目,虎ノ門,東京都港区虎ノ門５丁目６−６ 大橋茶寮,35.66282793,139.7422685,大橋茶寮中門,,登録有形文化財(建造物),産業3次,その他工作物,,昭和中,20060803,,,,,
港区,虎ノ門５丁目,虎ノ門,東京都港区虎ノ門５丁目６−６ 大橋茶寮,35.66275504,139.7422257,大橋茶寮不老門,,登録有形文化財(建造物),産業3次,その他工作物,,昭和中,20060803,,,,,
港区,虎ノ門５丁目,虎ノ門,東京都港区虎ノ門５丁目６−６ 大橋茶寮,35.66275004,139.742381,大橋茶寮塀,,登録有形文化財(建造物),産業3次,その他工作物,,昭和中,20060803,,,,,
渋谷区,東２丁目,-,東京都渋谷区東２丁目９−１,35.654331,139.711395,温故学会会館,,登録有形文化財(建造物),文化福祉,建築物,,昭和前,20000428,,,公益社団法人温故学会,,
千代田区,神田錦町３丁目,-,東京都千代田区神田錦町３丁目３−２８,35.693192,139.758987,学士会館,,登録有形文化財(建造物),文化福祉,建築物,,昭和前,20030131,,,社団法人学士会,,
千代田区,西神田１丁目,-,東京都千代田区西神田１丁目１−１２,35.699387,139.757355,カトリック神田教会聖堂,,登録有形文化財(建造物),宗教,建築物,,昭和前,20020214,,,宗教法人カトリック東京大司教区,,
千代田区,外神田２丁目,-,東京都千代田区外神田２丁目１６−２,35.70198194,139.7681596,神田神社神饌所,,登録有形文化財(建造物),宗教,建築物,,昭和前,20030919,,,宗教法人神田神社,,
千代田区,外神田２丁目,-,東京都千代田区外神田２丁目１６−２,35.70210451,139.7677372,神田神社西門,,登録有形文化財(建造物),宗教,その他工作物,,昭和前,20030919,,,宗教法人神田神社,,
千代田区,外神田２丁目,-,東京都千代田区外神田２丁目１６−２,35.70191154,139.7678397,神田神社拝殿,,登録有形文化財(建造物),宗教,建築物,,昭和前,20030919,,,宗教法人神田神社,,
千代田区,外神田２丁目,-,東京都千代田区外神田２丁目１６−２,35.70188986,139.7680351,神田神社東門,,登録有形文化財(建造物),宗教,その他工作物,,昭和前,20030919,,,宗教法人神田神社,,
千代田区,外神田２丁目,-,東京都千代田区外神田２丁目１６−２,35.70201454,139.7679085,神田神社幣殿,,登録有形文化財(建造物),宗教,建築物,,昭和前,20030919,,,宗教法人神田神社,,
千代田区,外神田２丁目,-,東京都千代田区外神田２丁目１６−２,35.702179,139.7677908,神田神社宝庫,,登録有形文化財(建造物),宗教,建築物,,昭和前,20030919,,,宗教法人神田神社,,
千代田区,外神田２丁目,-,東京都千代田区外神田２丁目１６−２,35.70211098,139.7679963,神田神社本殿,,登録有形文化財(建造物),宗教,建築物,,昭和前,20030919,,,宗教法人神田神社,,
千代田区,外神田２丁目,-,東京都千代田区外神田２丁目１６−２,35.70220129,139.7680753,神田神社瑞垣,,登録有形文化財(建造物),宗教,その他工作物,,昭和前,20030919,,,宗教法人神田神社,,
港区,虎ノ門４丁目,虎ノ門,東京都港区虎ノ門４丁目１−３５ 西久保ビル,35.66597093,139.7442638,菊池寛実記念智美術館別館,,登録有形文化財(建造物),住宅,建築物,,大正,20031201,,,株式会社南悠商社,,
千代田区,九段南１丁目,-,東京都千代田区九段南１丁目６−５ 九段会館テラス 7F,35.69437778,139.7513917,旧九段会館,,登録有形文化財(建造物),その他,建築物,,昭和前,20190910,,,三井住友信託銀行株式会社,合同会社ノーヴェグランデ,
品川区,南品川１丁目,-,東京都品川区南品川１丁目３−３,35.61659722,139.7443611,旧品川警察署品川橋交通待機所,,登録有形文化財(建造物),官公庁舎,建築物,,昭和前,20230807,,,品川区,,
新宿区,中井２丁目,-,東京都新宿区中井２丁目１９−１６,35.71657452,139.6848429,旧島津家住宅アトリエ,,登録有形文化財(建造物),住宅,建築物,,昭和前,20110725,,,,,
江東区,門前仲町１丁目,-,東京都江東区門前仲町１丁目１９−１５,35.67407431,139.794922,旧東京市深川食堂,,登録有形文化財(建造物),文化福祉,建築物,,昭和前,20080708,,,江東区,,
新宿区,神楽坂３丁目,-,東京都新宿区神楽坂３丁目２−４１,35.70201935,139.7405638,旧常盤家本館（石合家住宅主屋）,,登録有形文化財(建造物),産業3次,建築物,,昭和中,20111028,,,,,
品川区,豊町１丁目,-,東京都品川区豊町１丁目１６−２３,35.61228333,139.7205361,旧三井文庫第二書庫,,登録有形文化財(建造物),文化福祉,建築物,,大正,20200403,,,品川区,,
千代田区,霞が関３丁目,虎ノ門広域,東京都千代田区霞が関３丁目２−２,35.671303,139.7493332,旧文部省庁舎,,登録有形文化財(建造物),官公庁舎,建築物,,昭和前,20071002,,,文部科学省,,
千代田区,九段北１丁目,-,東京都千代田区九段北１丁目１５−９,35.69618611,139.7481,旧山口萬吉邸主屋,,登録有形文化財(建造物),住宅,建築物,,昭和前,20180510,,,株式会社山口萬吉事務所,,
千代田区,九段北１丁目,-,東京都千代田区九段北１丁目１５−９,35.69625556,139.7480167,旧山口萬吉邸門及び塀,,登録有形文化財(建造物),住宅,その他工作物,,昭和前,20180510,,,,,
中央区,日本橋小網町,-,東京都中央区日本橋小網町１０−５,35.68268889,139.7808222,喜代川店舗,,登録有形文化財(建造物),産業3次,建築物,,昭和前,20180510,,,,,
港区,三田４丁目,-,東京都港区三田４丁目８−１９ フレンズセンター,35.642616,139.738281,キリスト友会フレンズセンター,,登録有形文化財(建造物),宗教,建築物,,大正,20051226,,,宗教法人キリスト友会日本年会,,
中央区,銀座７丁目,-,東京都中央区銀座７丁目９−２０ 銀座ライオン七丁目ビル 3階,35.66916111,139.7632389,銀座ライオンビル,,登録有形文化財(建造物),産業3次,建築物,,昭和前,20220217,,,株式会社サッポロライオン,,
新宿区,中井２丁目,-,東京都新宿区中井２丁目１０−１８,35.717288,139.686553,栗原家住宅稲荷社及び石鳥居,,登録有形文化財(建造物),住宅,建築物,,昭和前,20150326,,,,,
新宿区,中井２丁目,-,東京都新宿区中井２丁目１０−１４,35.717391,139.686533,栗原家住宅蔵,,登録有形文化財(建造物),住宅,建築物,,昭和前,20150326,,,合名会社栗原商店,,
新宿区,中井２丁目,-,東京都新宿区中井２丁目１０−１４,35.717418,139.686665,栗原家住宅主屋,,登録有形文化財(建造物),住宅,建築物,,昭和前,20150326,,,,,
新宿区,中井２丁目,-,東京都新宿区中井２丁目１０−１８,35.7172492,139.6868601,栗原家住宅門柱及び塀,,登録有形文化財(建造物),住宅,その他工作物,,昭和前,20150326,,,,,
品川区,北品川５丁目,-,東京都品川区北品川５丁目１７−１４,35.62074226,139.7349103,小池家住宅主屋,,登録有形文化財(建造物),住宅,建築物,,昭和前,20110126,,,,,
港区,芝公園１丁目,-,東京都港区芝公園１丁目８−１６,35.65724825,139.7510485,廣度院表門及び練塀,,登録有形文化財(建造物),宗教,その他工作物,,江戸,19981211,,,廣度院,,
港区,六本木５丁目,六本木,東京都港区六本木５丁目１１−１６ 国際文化会館,35.65852616,139.733368,国際文化会館本館,,登録有形文化財(建造物),文化福祉,建築物,,昭和中,20060803,,,公益財団法人国際文化会館,,
渋谷区,東３丁目,-,東京都渋谷区東３丁目３−３ 渋谷区立広尾小学校,35.651825,139.712143,渋谷区立広尾小学校,,登録有形文化財(建造物),学校,建築物,,昭和前,20000428,,,渋谷区,,
港区,芝公園２丁目,-,東京都港区芝公園２丁目２−２０,35.65657222,139.7508083,常行院納骨堂,,登録有形文化財(建造物),宗教,建築物,,昭和前,20220217,,,常行院,,
渋谷区,広尾５丁目,-,東京都渋谷区広尾５丁目２−２９,35.650486,139.719945,上宮寺鐘楼,,登録有形文化財(建造物),宗教,その他工作物,,大正,20171027,,,宗教法人上宮寺,,
渋谷区,広尾５丁目,-,東京都渋谷区広尾５丁目２−２９,35.650522,139.720162,上宮寺本堂,,登録有形文化財(建造物),宗教,建築物,,大正,20171027,,,宗教法人上宮寺,,
渋谷区,広尾５丁目,-,東京都渋谷区広尾５丁目２−２９,35.650421,139.720165,上宮寺本堂応接部,,登録有形文化財(建造物),宗教,建築物,,大正,20171027,,,宗教法人上宮寺,,
港区,芝公園１丁目,-,東京都港区芝公園１丁目８−９,35.657635,139.752014,常照院本堂内陣,,登録有形文化財(建造物),宗教,建築物,,江戸,20011120,,,宗教法人常照院,,
港区,東麻布１丁目,-,東京都港区東麻布１丁目１−５ 心光院,35.65802985,139.7443822,心光院表門,,登録有形文化財(建造物),宗教,建築物,,江戸,20011120,,,宗教法人心光院,,
港区,東麻布１丁目,-,東京都港区東麻布１丁目１−５ 心光院,35.65815806,139.7444731,心光院本堂,,登録有形文化財(建造物),宗教,建築物,,昭和中,20170502,,,宗教法人心光院,,
中央区,新富１丁目,-,東京都中央区新富１丁目１０−４ 割烹躍金楼,35.67211667,139.7746694,新富町躍金楼店舗,,登録有形文化財(建造物),産業3次,建築物,,昭和中,20180510,,,,,
新宿区,横寺町,-,東京都新宿区横寺町 横寺町３１一水寮204,35.70306835,139.7351622,鈴木家住宅主屋,,登録有形文化財(建造物),住宅,建築物,,昭和前,20110725,,,,,
千代田区,鍛冶町１丁目,-,東京都千代田区鍛冶町１丁目１０−１６,35.690285,139.772751,太洋ビルディング（丸石ビルディング）,,登録有形文化財(建造物),産業3次,建築物,,昭和前,20020214,,,株式会社太洋商会,,
新宿区,矢来町,-,東京都新宿区矢来町１１４ ＡＹＵＭＩ ＧＡＬＬＥＲＹ,35.70392397,139.7346817,高橋建築事務所社屋,,登録有形文化財(建造物),産業3次,建築物,,昭和前,20110725,,,株式会社高橋建築事務所,,
千代田区,神田駿河台４丁目,-,東京都千代田区神田駿河台４丁目２−９,35.69781389,139.7665472,高畠家住宅主屋,,登録有形文化財(建造物),住宅,建築物,,大正,20220629,,,,,
千代田区,神田駿河台４丁目,-,東京都千代田区神田駿河台４丁目２−９,35.69780278,139.7666278,高畠家住宅正門,,登録有形文化財(建造物),住宅,その他工作物,,大正,20220629,,,,,
千代田区,神田駿河台４丁目,-,東京都千代田区神田駿河台４丁目４−５,35.69788889,139.7665861,高畠家住宅塀及び石垣,,登録有形文化財(建造物),住宅,その他工作物,,大正,20220629,,,,,
中央区,東日本橋２丁目,-,東京都中央区東日本橋２丁目１６−８,35.69452538,139.7855609,玉置文治郎ビル,,登録有形文化財(建造物),産業3次,建築物,,昭和前,20050209,,,,,
江東区,越中島２丁目,-,東京都江東区越中島２丁目１−６,35.66817421,139.7911438,東京商船大学１号館,,登録有形文化財(建造物),学校,建築物,,昭和前,19971212,,,国立大学法人東京海洋大学,,
江東区,越中島２丁目,-,東京都江東区越中島２丁目１−１,35.66869347,139.7909441,東京商船大学旧天体観測所（第一観測台）,,登録有形文化財(建造物),学校,建築物,,明治,19971212,,,国立大学法人東京海洋大学,,
江東区,越中島２丁目,-,東京都江東区越中島２丁目１−１,35.66885324,139.7911172,東京商船大学旧天体観測所（第二観測台）,,登録有形文化財(建造物),学校,建築物,,明治,19971212,,,国立大学法人東京海洋大学,,
江東区,越中島２丁目,-,東京都江東区越中島２丁目１−１,35.66824078,139.7904648,東京商船大学事務局管理棟,,登録有形文化財(建造物),学校,建築物,,昭和前,19971212,,,国立大学法人東京海洋大学,,
江東区,越中島２丁目,-,東京都江東区越中島２丁目１−１,35.66660314,139.7931277,東京商船大学２号館,,登録有形文化財(建造物),学校,建築物,,昭和前,19971212,,,国立大学法人東京海洋大学,,
港区,港南４丁目,-,東京都港区港南４丁目５−７,35.62512542,139.7491946,東京水産大学雲鷹丸,,登録有形文化財(建造物),その他,その他工作物,,明治,19981211,,,国立大学法人東京海洋大学,,
港区,芝公園４丁目,-,東京都港区芝公園４丁目２−８,35.65857144,139.7454462,東京タワー,,登録有形文化財(建造物),産業3次,その他工作物,,昭和中,20130621,,,株式会社 東京タワー,,
新宿区,四谷１丁目,-,東京都新宿区四谷１丁目１−５ 駅レンタカーシステム,35.68466944,139.7299639,東京地下鉄丸ノ内線四ツ谷跨線橋,,登録有形文化財(建造物),交通,土木構造物,,昭和中,20240306,,,東京地下鉄株式会社,,
港区,虎ノ門１丁目,虎ノ門,東京都港区虎ノ門１丁目１０−６,35.66822157,139.7506912,虎ノ門大坂屋砂場店舗,,登録有形文化財(建造物),産業3次,建築物,,大正,20110725,,,,,
品川区,平塚１丁目,-,東京都品川区平塚１丁目６−５,35.616225,139.7160444,長濱家住宅主屋,,登録有形文化財(建造物),住宅,建築物,,大正,20200403,,,,,
品川区,平塚１丁目,-,東京都品川区平塚１丁目６−５,35.616225,139.7160444,長濱家住宅門,,登録有形文化財(建造物),住宅,その他工作物,,大正,20200403,,,,,
千代田区,丸の内１丁目,大丸有,東京都千代田区丸の内１丁目４−６,35.68334265,139.7648043,日本工業倶楽部会館,,登録有形文化財(建造物),文化福祉,建築物,,大正,19990823,,,社団法人日本工業倶楽部,,
新宿区,下落合２丁目,-,東京都新宿区下落合２丁目１５−１１,35.71916051,139.7041067,日本バプテストキリスト教目白ヶ丘教会礼拝堂,,登録有形文化財(建造物),宗教,建築物,,昭和中,20111028,,,宗教法人日本バプテストキリスト教目白ヶ丘教会,,
品川区,旗の台３丁目,-,東京都品川区旗の台３丁目６−６,35.60452176,139.7083426,旗岡八幡神社絵馬殿,,登録有形文化財(建造物),宗教,建築物,,昭和前,20130621,,,旗岡八幡神社,,
中央区,日本橋富沢町,-,東京都中央区日本橋富沢町９−３,35.68887617,139.781902,ハリオグラスビル,,登録有形文化財(建造物),産業3次,建築物,,昭和前,20030701,,,ハリオテック株式会社,,
港区,新橋２丁目,虎ノ門広域,東京都港区新橋２丁目５−２,35.66794918,139.7561488,堀商店,,登録有形文化財(建造物),産業3次,建築物,,昭和前,19980421,,,,,
千代田区,神田多町２丁目,-,東京都千代田区神田多町２丁目９−２２,35.69429638,139.7689482,松本家住宅主屋,,登録有形文化財(建造物),産業3次,建築物,,昭和前,20000428,,,,,
中央区,京橋２丁目,日八京,東京都中央区京橋２丁目５−９,35.67613889,139.7712528,繭山龍泉堂店舗,,登録有形文化財(建造物),産業3次,建築物,,昭和中,20180510,,,株式会社繭山龍泉堂,,
港区,白金台２丁目,-,東京都港区白金台２丁目６−１１,35.63584262,139.7304325,三菱電機高輪荘蔵,,登録有形文化財(建造物),住宅,建築物,,昭和前,20001204,,,三菱電機株式会社,,
港区,白金台２丁目,-,東京都港区白金台２丁目６−１１ 三菱電機高輪荘,35.6357919,139.7306751,三菱電機高輪荘主屋,,登録有形文化財(建造物),住宅,建築物,,昭和前,20001204,,,三菱電機株式会社,,
港区,白金台２丁目,-,東京都港区白金台２丁目６−１１,35.63574445,139.7304151,三菱電機高輪荘洋館,,登録有形文化財(建造物),住宅,建築物,,昭和前,20001204,,,三菱電機株式会社,,
新宿区,中町,-,東京都新宿区中町３４,35.69981057,139.7365094,宮城道雄記念館検校の間,,登録有形文化財(建造物),住宅,建築物,,昭和前,20110725,,,財団法人宮城道雄記念館,,
渋谷区,渋谷４丁目,-,東京都渋谷区渋谷４丁目２−９,35.65926111,139.7128806,ミュージアム１９９９（旧千葉常五郎邸）,,登録有形文化財(建造物),住宅,建築物,,昭和前,20180510,,,"ミュージアム一九九九株式会社
",,
港区,芝公園４丁目,-,東京都港区芝公園４丁目９−８,35.65396012,139.7468398,妙定院上土蔵,,登録有形文化財(建造物),宗教,建築物,,江戸,20011120,,,宗教法人妙定院,,
港区,芝公園４丁目,-,東京都港区芝公園４丁目９−８,35.65389289,139.7468312,妙定院熊野堂,,登録有形文化財(建造物),宗教,建築物,,江戸,20011120,,,宗教法人妙定院,,
新宿区,新宿３丁目,-,東京都新宿区新宿３丁目３７−１１ 安与ビル,35.69060833,139.7013111,安与ビル,,登録有形文化財(建造物),産業3次,建築物,,昭和後,20220217,,,安与商事株式会社,,
千代田区,神田須田町１丁目,-,東京都千代田区神田須田町１丁目３−３,35.69608772,139.7691808,山本歯科医院,,登録有形文化財(建造物),文化福祉,建築物,,昭和前,20050209,,,,,
新宿区,矢来町,-,東京都新宿区矢来町６０,35.70289459,139.7324471,矢来能楽堂,,登録有形文化財(建造物),文化福祉,建築物,,昭和前,20110725,,,公益社団法人観世九皐会,,
中央区,日本橋人形町１丁目,-,東京都中央区日本橋人形町１丁目５−２,35.68510584,139.7818206,よし梅芳町亭,,登録有形文化財(建造物),住宅,建築物,,昭和前,20020821,,,,,
渋谷区,代々木４丁目,-,東京都渋谷区代々木４丁目３６−１４,35.6808947,139.6896437,代々木能舞台敷舞台及び座敷,,登録有形文化財(建造物),文化福祉,建築物,,昭和前,20090807,,,,,
渋谷区,代々木４丁目,-,東京都渋谷区代々木４丁目３６−１４,35.68098353,139.6896416,代々木能舞台舞台・橋掛・鏡の間,,登録有形文化財(建造物),文化福祉,建築物,,昭和中,20090807,,,,,
港区,芝浦１丁目,-,東京都港区芝浦１丁目５−３,35.64923608,139.7561746,彩色設計図集,,登録有形文化財（美術工芸品）,歴史資料,,日本,明治～大正,20110627,,清水建設株式会社,清水建設株式会社,,
港区,南青山６丁目,-,東京都港区南青山６丁目５−１,35.66225119,139.7170835,絹本著色柿本人麿像〈詫磨栄賀筆／〉,,国宝・重要文化財（美術工芸品）,重要文化財,絵画,日本,室町,19570219,,東京国立博物館,公益財団法人常盤山文庫,,
港区,南青山６丁目,-,東京都港区南青山６丁目５−１,35.66225119,139.7170835,紙本淡彩帰郷省親図,,国宝・重要文化財（美術工芸品）,重要文化財,絵画,日本,室町,19410703,,東京国立博物館,公益財団法人常盤山文庫,,
千代田区,千代田,-,東京都千代田区千代田１−１,35.68393389,139.75289,菊蒔絵螺鈿書棚,,国宝・重要文化財（美術工芸品）,重要文化財,工芸品,日本,明治,20240827,,皇居三の丸尚蔵館,国(文化庁）,,
渋谷区,代々木４丁目,-,東京都渋谷区代々木４丁目２５−１０,35.68148377,139.6906684,剣〈銘江州甘呂俊長／延文五年庚子〉,,国宝・重要文化財（美術工芸品）,重要文化財,工芸品,日本,南北朝,19780615,,東京国立博物館,文化庁,,
千代田区,千代田,-,東京都千代田区千代田１−１,35.68393389,139.75289,"更級日記〈藤原定家筆／〉
　附 波に月蒔絵冊子箱",,国宝・重要文化財（美術工芸品）,国宝,書跡・典籍,日本,鎌倉時代,,20230627,皇居三の丸尚蔵館,国（文化庁保管）,,
千代田区,千代田,-,東京都千代田区千代田１−１,35.68393389,139.75289,喪乱帖〈原跡王羲之／〉,,国宝・重要文化財（美術工芸品）,国宝,書跡・典籍,中国,唐時代,,20230627,皇居三の丸尚蔵館,国（文化庁保管）,,
渋谷区,代々木４丁目,-,東京都渋谷区代々木４丁目２５−１０,35.68148351,139.6906685,太刀〈銘正恒／〉,,国宝・重要文化財（美術工芸品）,重要文化財,工芸品,日本,平安,19500829,,東京国立博物館,文化庁,,
渋谷区,代々木４丁目,-,東京都渋谷区代々木４丁目２５−１０,35.68148377,139.6906684,短刀〈銘吉光（博多藤四郎）／〉,,国宝・重要文化財（美術工芸品）,重要文化財,工芸品,日本,鎌倉,19500829,,東京国立博物館,国（文化庁）,,
千代田区,千代田,-,東京都千代田区千代田１−１,35.68393389,139.75289,銅色絵太平楽置物,,国宝・重要文化財（美術工芸品）,重要文化財,工芸品,日本,明治,20240827,,皇居三の丸尚蔵館,国(文化庁）,,
千代田区,千代田,-,東京都千代田区千代田１−１,35.68393389,139.75289,銅色絵蘭陵王置物〈海野勝珉作／〉,,国宝・重要文化財（美術工芸品）,重要文化財,工芸品,日本,明治,20230627,,皇居三の丸尚蔵館,国（文化庁保管）,,
千代田区,千代田,-,東京都千代田区千代田１−１,35.68393389,139.75289,屏風土代〈小野道風筆/〉,,国宝・重要文化財（美術工芸品）,国宝,書跡・典籍,,平安時代,20210930,20210930,皇居三の丸尚蔵館,国（文化庁保管）,,
千代田区,千代田,-,東京都千代田区千代田１−１,35.68393389,139.75289,"万葉集巻第二、第四残巻（金沢本）〈藤原定信筆／彩牋〉
　附 浦景蒔絵冊子箱
　　　桐冊子箱
　　　　　　宝永丁亥仲春望日前田綱紀箱書",,国宝・重要文化財（美術工芸品）,国宝,書跡・典籍,日本,平安時代院政期,,20230627,皇居三の丸尚蔵館,国（文化庁保管）,,
千代田区,千代田,-,東京都千代田区千代田１−１,35.68393389,139.75289,和漢朗詠集（雲紙）,,国宝・重要文化財（美術工芸品）,国宝,書跡・典籍,日本,平安時代,,20240827,皇居三の丸尚蔵館,国（文化庁）,,
渋谷区,代々木４丁目,-,東京都渋谷区代々木４丁目２５−１０,35.68148397,139.6906682,刀〈銘津田越前守助広／延寶七年二月日〉,,国宝・重要文化財（美術工芸品）,重要文化財,工芸品,日本,江戸,19520719,,刀剣博物館,,,
港区,南青山６丁目,-,東京都港区南青山６丁目５−１,35.66225119,139.7170835,犠首饕餮〓竜文尊〈図形文字一／〉,,国宝・重要文化財（美術工芸品）,重要文化財,考古資料,中国,殷,19700525,,財団法人根津美術館,,,
港区,南青山６丁目,-,東京都港区南青山６丁目５−１,35.66225119,139.7170835,犠首饕餮〓竜文方罍〈図形文字一／〉,,国宝・重要文化財（美術工芸品）,重要文化財,考古資料,中国,殷,19700525,,財団法人根津美術館,,,
港区,赤坂９丁目,六本木,東京都港区赤坂９丁目７−１,35.666457,139.730416,清水・住吉図蒔絵螺鈿西洋双六盤,,国宝・重要文化財（美術工芸品）,重要文化財,工芸品,日本,桃山,19770611,,サントリー美術館,,,
渋谷区,代々木４丁目,-,東京都渋谷区代々木４丁目２５−１０,35.68148397,139.6906682,短刀〈銘来国光（名物池田来国光）／〉,,国宝・重要文化財（美術工芸品）,重要文化財,工芸品,日本,鎌倉,19500829,,刀剣博物館,,,
渋谷区,代々木４丁目,-,東京都渋谷区代々木４丁目２５−１０,35.68148397,139.6906682,短刀〈無銘（伝貞宗／〉,,国宝・重要文化財（美術工芸品）,重要文化財,工芸品,日本,鎌倉,19500829,,刀剣博物館,,,
渋谷区,代々木４丁目,-,東京都渋谷区代々木４丁目２５−１０,35.68148531,139.6906674,短刀〈銘宇都宮大明神相模国住人廣光／八幡大菩薩、文和五年卯月日,,国宝・重要文化財（美術工芸品）,重要文化財,工芸品,日本,南北朝,19530331,,刀剣博物館,,,
渋谷区,代々木４丁目,-,東京都渋谷区代々木４丁目２５−１０,35.68148606,139.6906644,短刀〈銘光包（名物乱光包）／〉,,国宝・重要文化財（美術工芸品）,重要文化財,工芸品,日本,鎌倉,19590627,,刀剣博物館,,,
中央区,日本橋室町２丁目,日八京,東京都中央区日本橋室町２丁目１−１,35.68641691,139.7735268,銅製船氏王後墓誌,,国宝・重要文化財（美術工芸品）,国宝,考古資料,日本,奈良,19530331,19610427,三井記念美術館　,,,
港区,南青山６丁目,-,東京都港区南青山６丁目５−１,35.66225119,139.7170835,饕餮〓鳳文方彝〈文字六／〉,,国宝・重要文化財（美術工芸品）,重要文化財,考古資料,中国,西周,19700525,,財団法人根津美術館,,,
