指標名,ギャラリー,,,,,,
出典,TokyoArtBeat(Gallery),,,,,,
年次,2025/3/4取得,,,,,,
URL,http://www.tokyoartbeat.com/venues/Gallery,,,,,,
備考,（2020年度：577件、2021年度：766件、2022年度：555件、2023年度：651件、2024年度：667件）,,,,,,
,,,,,,,
区,町丁,エリア,住所,緯度,経度,施設名,ウェブサイト
渋谷区,猿楽町,-,東京都渋谷区猿楽町12-33ハイツグレード102,35.651211,139.701119,白兎,https://www.hakuto-japan.com/
渋谷区,代々木５丁目,-,東京都渋谷区代々木5-61-3神永ハイツ1f,35.673679,139.691227,SPACE NOBORU,https://sites.google.com/view/space-noboru/%E3%83%9B%E3%83%BC%E3%83%A0
中央区,日本橋大伝馬町,-,東京都中央区日本橋大伝馬町2-5石倉ビル5f,35.689390,139.777848,みうらじろうギャラリー@5,https://jiromiuragallery.com/@5/index.html
新宿区,新宿２丁目,-,東京都新宿区新宿2-4-2カーサ御苑602号室,35.688768,139.708083,小灯,https://cotomosi.com/
渋谷区,広尾１丁目,-,東京都渋谷区広尾1-15-72f,35.648357,139.712300,see you gallery,https://seeyougallery.com/
中央区,日本橋本町１丁目,日八京,東京都中央区日本橋本町1-2-8n11ビル2f,35.685499,139.776151,日本橋N11ギャラリー,https://n11-gallery.com/
中央区,銀座８丁目,-,東京都中央区銀座8-12-6,35.667356,139.762902,トーキョーアートプレースGINZA,https://tokyo-art-place.com/
中央区,日本橋堀留町１丁目,-,東京都中央区日本橋堀留町1-8-9渡菊ビル新館6f,35.687694,139.780848,JINEN GALLERY,https://jinen-gallery.com/
中央区,日本橋３丁目,日八京,東京都中央区日本橋3-6-9箔屋町ビル5f,35.679436,139.773340,ギャラリー空の間,https://www.instagram.com/soranoma_hbl/
港区,南青山５丁目,-,東京都港区南青山5-7-23始弘ビルb1f,35.662664,139.712641,始弘画廊,http://sicoh.web.fc2.com/index.html
品川区,中延４丁目,-,東京都品川区中延4-1-21cmビル2f,35.606290,139.708904,ARTGEN.GALLERY（アートゲンギャラリー）,https://www.artgengallery.com/
品川区,西五反田３丁目,-,東京都品川区西五反田3-3-2,35.628723,139.717227,EVERANDART（エバランダート）,https://www.everandart.com/
千代田区,神田神保町２丁目,-,東京都千代田区神田神保町2-12-1,35.696544,139.757165,ギャラリーかわまつ,https://gallery-kawamatsu.com/
港区,南青山６丁目,-,東京都港区南青山6-9-2日興兒玉パレス104,35.659292,139.716160,galerie a（ギャラリエ アー）,https://galerie-a.jp/
港区,南青山２丁目,-,東京都港区南青山2-9-18act青山ビル1b,35.669623,139.721664,TROLLEY（トロリー）,https://vehicletokyo.com/trolley/
港区,⻄麻布２丁目,-,東京都港区⻄麻布2-7-5ハウス⻄麻布5f,35.659385,139.723801,Pocko Gallery Tokyo（ポコギャラリー東京）,https://www.pocko.jp/
中央区,銀座１丁目,-,東京都中央区銀座1-9-8奥野ビル1f,35.673740,139.768782,銀座Gallery G2,https://artprojectg2.jimdofree.com/
渋谷区,千駄ケ谷３丁目,-,東京都渋谷区千駄ケ谷3-62-3,35.673173,139.703956,代々木アートギャラリー,https://art.yozemi.ac.jp/gallery/top.html
千代田区,神田神保町２丁目,-,東京都千代田区神田神保町2-38-10多幸ビル2f,35.697475,139.754741,H-art Beat Gallery,https://hartbeat.co.jp/index.htm
新宿区,矢来町,-,東京都新宿区矢来町160-1サクラハウス神楽坂矢来町1f-b,35.704441,139.735305,PAAMA（パーマ）,https://www.instagram.com/paama_jp/
渋谷区,東２丁目,-,東京都渋谷区東2-6-18エポック4fultrasupernew,35.654074,139.709746,UltraSuperNew KURA,https://ultrasupernew.gallery/
新宿区,早稲田鶴巻町,-,東京都新宿区早稲田鶴巻町109,35.708099,139.724523,IRIS GALLERY（イリスギャラリー）,https://iris--gallery.com/
中央区,京橋１丁目,日八京,東京都中央区京橋1-7-1todabuilding3f,35.678307,139.771662,タカ・イシイギャラリー京橋,https://www.takaishiigallery.com/jp/
港区,西麻布３丁目,-,東京都港区西麻布3-24-20kasumichoterrace3f,35.659511,139.723801,いちアート,https://www.ichiart.co.jp/
港区,元麻布２丁目,-,東京都港区元麻布2-2-10,35.654370,139.726361,Amalgam Art Gallery（アマルガム・アート・ギャラリー）,https://amalgamgallery.com/
千代田区,神田神保町１丁目,-,東京都千代田区神田神保町1-41-7安野ビル1f,35.694793,139.760814,神保町画廊,https://jinbochogarou.com/
新宿区,築地町,-,東京都新宿区築地町21f,35.705521,139.735295,gallery 坂,http://gallery-saka.com/
中央区,京橋１丁目,日八京,東京都中央区京橋1-7-1todabuilding1f,35.678307,139.771662,Gallery & Bakery Tokyo 8分,https://artsticker.app/8min
渋谷区,恵比寿４丁目,-,東京都渋谷区恵比寿4-20-3恵比寿ガーデンプレイスタワー13f株式会社パラドックス内,35.642187,139.713468,Visions Gallery,-
中央区,京橋１丁目,日八京,東京都中央区京橋1-7-1todabuilding3f,35.678307,139.771662,KOSAKU KANECHIKA（京橋）,https://kosakukanechika.com/
江東区,新大橋２丁目,-,東京都江東区新大橋2-14-21f,35.689196,139.793638,TATSURO KISHIMOTO,https://www.instagram.com/tatsurokishimoto/
港区,〒１０６‐００４５麻布十番３-４‐１０３f‐４f丁目,-,〒106‐0045東京都港区麻布十番3-4‐103f‐4f,35.653421,139.735285,FIRST GALLERY TOKYO,https://firstgallerytokyo.com/
中央区,京橋１丁目,日八京,東京都中央区京橋1-7-1todabuilding3f,35.678307,139.771662,Yutaka Kikutake Gallery Kyobashi,https://www.yutakakikutakegallery.com/
中央区,〒１０４‐８３８８京橋１-７-１todabuilding３f丁目,-,〒104‐8388東京都中央区京橋1-7-1todabuilding3f,35.678307,139.771662,小山登美夫ギャラリー京橋,https://tomiokoyamagallery.com/
新宿区,新宿１丁目,-,東京都新宿区新宿1-4-10アイデム本社ビル2f,35.688296,139.711123,アイデムフォトギャラリー「シリウス」,https://www.photo-sirius.net
新宿区,矢来町,-,東京都新宿区矢来町134,35.704554,139.732399,Gallery W @神楽坂WM,https://www.instagram.com/gallery_w_kagurazaka/
渋谷区,神宮前５丁目,-,東京都渋谷区神宮前5-16-13sixharajukuterrace,35.666035,139.706087,tHE GALLERY OMOTESANDO,https://thegallery-harajuku.com/
渋谷区,神宮前３丁目,-,東京都渋谷区神宮前3-20-21ベルウッド原宿1f-c,35.670903,139.707898,tHE GALLERY HARAJUKU,https://thegallery-harajuku.com/
新宿区,築地町,-,東京都新宿区築地町8ワタナベビル1f,35.706225,139.735575,写場 / SHABA KAGURAZAKA,https://shaba.gallery/
千代田区,大手町１丁目,大丸有,東京都千代田区大手町1-7-13f,35.687206,139.764508,よみうりギャラリー,-
港区,南青山５丁目,-,東京都港区南青山5-2-1allianceビル4f,35.664125,139.713772,GARDE Gallery,https://www.gardedesignmagazine.com/
中央区,日本橋浜町２丁目,-,東京都中央区日本橋浜町2-22-51f,35.685900,139.787706,ギャラリーサンカイビ,https://www.sankaibi.com/
中央区,銀座１丁目,-,東京都中央区銀座1-21-41f,35.672607,139.771004,ナカノギンザギャラリー,https://tonnex.com/ngg/
中央区,銀座１丁目,-,東京都中央区銀座1-10-19銀座一ビル3f,35.674053,139.769412,あらかわ画廊,https://www.arakawagallery.com/
新宿区,新宿３丁目,-,東京都新宿区新宿3-38-2ルミネ2‐2f,35.689479,139.701028,WALL_shinjuku,https://avex.jp/wall/
品川区,東品川１丁目,-,東京都品川区東品川1-32-82f,35.619782,139.746296,コンテンポラリー東京,https://www.contemporarytokyo.com/
港区,赤坂９丁目,六本木,東京都港区赤坂9-5-12パークサイドシックスb1-cfoundation,35.667463,139.729698,ATSUHIKO SUEMATSU GALLERY,https://www.facebook.com/atsuhikosuematsugallery/
渋谷区,渋谷４丁目,-,東京都渋谷区渋谷4-2-5プレイス青山1f,35.659738,139.712741,青山見本帖,https://www.takeo.co.jp/finder/mihoncho/#aoyama
品川区,東品川１丁目,-,東京都品川区東品川1-32-8terradaartcomplexⅱ3f,35.619781,139.746320,YOD Gallery（天王洲）,https://www.yodgallery.com/
千代田区,神田西福田町,-,東京都千代田区神田西福田町4-5神田ビル3f,35.691476,139.774483,光灯,https://www.kohtoh-gallery.com
江東区,白河１丁目,-,東京都江東区白河1-3-13清洲寮口号-14-209,35.681964,139.800060,euso gallery,https://www.instagram.com/euso_gallery/
中央区,日本橋久松町,-,東京都中央区日本橋久松町4‐6杉山ビル4f,35.690165,139.783720,Gallery TK2,https://www.interart7.com/
新宿区,四谷１丁目,-,東京都新宿区四谷1-4四谷駅前ビル5f,35.686621,139.729319,Mikke Gallery,https://mikke-gallery.com/
中央区,銀座４丁目,-,東京都中央区銀座4-5-1,35.672118,139.765521,教文館4F エインカレムギャラリー,https://www.kyobunkwan.co.jp/ein-karem/archives/info-cat/gyarari
品川区,東品川１丁目,-,東京都品川区東品川1-33-10terradaartcomplexi3f,35.619175,139.746603,KOTARO NUKAGA Three,https://kotaronukaga.com/
中央区,銀座６丁目,-,東京都中央区銀座6-3-2ギャラリーセンタービル2f,35.671801,139.761574,emmy art +,https://emmyart.jp/index.html
江東区,森下３丁目,-,東京都江東区森下3-5-11chigayamorishita3f,35.687662,139.800416,DJURGARDEN,https://www.instagram.com/dgn.tokyo/
新宿区,歌舞伎町１丁目,-,東京都新宿区歌舞伎町1-3-10t&kビル4f,35.694893,139.703722,ギャラリー砂時計,https://sunadokei-sandbox.studio.site/1
港区,虎ノ門５丁目,虎ノ門,"東京都港区虎ノ門5-8-1麻布台ヒルズガーデンプラザa1f,2f",35.662493,139.743728,Pace東京,https://www.pacegallery.com/
港区,南青山５丁目,-,東京都港区南青山5-4-44ラポール南青山54#103,35.662552,139.713680,ギャルリーワッツ,https://www.wa2.jp
渋谷区,千駄ケ谷５丁目,-,東京都渋谷区千駄ケ谷5-30-71f,35.685505,139.704380,aL Base（アエル ベース）,https://al.salround.jp/
新宿区,新宿２丁目,-,東京都新宿区新宿2-15-13第2中江ビル6f,35.691114,139.709058,GALLERY素描,https://kairakujuku.com/
港区,白金台４丁目,-,東京都港区白金台4-19-13白金tfビル1f,35.638679,139.723220,ギャラリー∞トワ,https://www.gallery00towa.com/
渋谷区,渋谷２丁目,-,東京都渋谷区渋谷2-7-14vortaoyama101,35.660503,139.707851,ギャラリー青山いやさか,https://iyasaka.art/
渋谷区,代官山町,-,東京都渋谷区代官山町15-10grove代官山1f,35.650045,139.702815,DRELLA Art Gallery（ドレラ・アートギャラリー）,https://www.instagram.com/drella.art/
渋谷区,神宮前３丁目,-,東京都渋谷区神宮前3-18-26,35.670189,139.708709,ギャラリーフェーレス表参道,https://galleryfeles.tokyo/
江東区,冬木,-,東京都江東区冬木22-32森芳ビル1f,35.675406,139.800002,M16 Gallery（エムイチロク ギャラリー）,http://www.m16-gallery.com
渋谷区,猿楽町,-,東京都渋谷区猿楽町26-9代官山ホシノビル1f,35.648454,139.700930,AISHO（アイショウ）,https://www.aisho.art/
中央区,銀座３丁目,-,東京都中央区銀座3-8-17ホウユウビル5・6f,35.672013,139.767674,ゆう画廊,https://ywgarou.jimdofree.com/
千代田区,神田神保町１丁目,-,東京都千代田区神田神保町1-52-121f-2f,35.698112,139.757630,QUIET GALLERY（クワイエットギャラリー）,https://www.quietgallery.net/
江東区,新大橋３丁目,-,東京都江東区新大橋3-17-10,35.689621,139.796065,Masumi Sasaki Gallery,https://art-reason.com/
中央区,銀座１丁目,-,東京都中央区銀座1-15-72f,35.673471,139.770126,美術紫水,https://shisui-tea.jp/
港区,六本木７丁目,六本木,東京都港区六本木7-18-82f,35.662164,139.729208,t2GALLERY,https://t2gallery.art/
港区,南青山３丁目,-,東京都港区南青山3-4-7第7syビル1f,35.667161,139.717436,アートスペースモルゲンロート,https://morgenrotarts.com/
港区,三田２丁目,-,東京都港区三田2-13-9三田東門ビル8f,35.649494,139.744546,Alpha Contemporary,https://www.alpha-contemporary.com/ja
品川区,東品川１丁目,-,東京都品川区東品川1-32-84f,35.619782,139.746296,TERRADA ART COMPLEX Ⅱ BONDED GALLERY,https://www.terrada.co.jp/ja/service/event-space/bonded-gallery/
港区,虎ノ門５丁目,虎ノ門,東京都港区虎ノ門5-8-1麻布台ヒルズガーデンプラザab1,35.662493,139.743728,集英社マンガアートヘリテージ トーキョーギャラリー,https://mangaart.jp/ja
渋谷区,神宮前５丁目,-,東京都渋谷区神宮前5-9-25b1f,35.666265,139.707739,B1_Storage,https://www.instagram.com/b1storage/
渋谷区,神宮前６丁目,-,東京都渋谷区神宮前6-23-6,35.664795,139.702356,Galerie GEEK/ART,https://www.geek.art/
中央区,日本橋本町１丁目,日八京,東京都中央区日本橋本町1-5-17町田ビル4f,35.686425,139.775731,中和ギャラリー,https://www.chu-wa.com/rental.html
中央区,銀座６丁目,-,東京都中央区銀座6-3-7アオキタワー1f,35.671372,139.761132,花田美術,https://www.hanada-gallery.co.jp/
港区,北青山３丁目,-,東京都港区北青山3-7-5,35.664701,139.710803,K Art Gallery,https://k-art-tokyo.com/
中央区,銀座７丁目,-,東京都中央区銀座7-8-175f,35.669278,139.762410,銀座 黒田陶苑,https://kurodatouen.com/index_jp.html
港区,虎ノ門５丁目,虎ノ門,東京都港区虎ノ門5-8-1麻布台ヒルズガーデンプラザab1f,35.662493,139.743728,麻布台ヒルズギャラリーカフェ／スペース,https://www.instagram.com/azabudaihills_gallerycafe/
港区,南青山２丁目,-,東京都港区南青山2-4-9klo南青山ビル1f,35.670889,139.723083,space Un,https://www.spaceun.tokyo/
中央区,銀座６丁目,-,東京都中央区銀座6-10-1ginzasix5f,35.768904,139.606993,Artglorieux GALLERY OF TOKYO（アールグロリューギャラリー・オブ・トーキョー）,https://artglorieux.jp/
中央区,銀座４丁目,-,東京都中央区銀座4-11-5,35.669958,139.768632,WABI－和・美－（ワビ）,https://www.gallery-wabi.com/
中央区,銀座７丁目,-,東京都中央区銀座7-2-6銀座アステルビル1f,35.670878,139.760596,創英ギャラリー,https://www.soei-g.com/
渋谷区,神宮前５丁目,-,東京都渋谷区神宮前5-16-15,35.666247,139.706505,ライカギャラリー表参道,https://leica-camera.com/ja-JP/leica-galleries/leica-gallery-omotesando
渋谷区,神宮前４丁目,-,東京都渋谷区神宮前4-30-3shel'ttertokyob1f,35.668582,139.705781,LOVUS gallery,https://lovusgallery.com/
渋谷区,宇田川町,-,東京都渋谷区宇田川町36-2hmvrecordshop渋谷2f,35.662120,139.697262,Bankrobber LABO（バンクロバーラボ）,https://www.hmv.co.jp/news/article/230421155/
中央区,京橋２丁目,日八京,東京都中央区京橋2-7-12並木ビル2f,35.676752,139.771488,並樹画廊,https://www.namikigallery.com/
中央区,銀座４丁目,-,東京都中央区銀座4-12-20b1f,35.669744,139.767584,銀座アポロ昭和館YOHAKU,https://www.gallery-yohaku.com/
中央区,銀座５丁目,-,東京都中央区銀座5-1-8銀座msビル1・2f,35.672020,139.761801,KOGEI Art Gallery 銀座の金沢,https://www.ginzanokanazawa.jp/
千代田区,神田駿河台４丁目,-,東京都千代田区神田駿河台4-6御茶ノ水ソラシティb1f,35.698492,139.766862,Gallery 蔵,https://ocha-navi.solacity.jp/gallery
港区,六本木６丁目,六本木,東京都港区六本木6-6-9ピラミデビル3f,35.661974,139.731214,ケンジタキギャラリー / 六本木,https://www.kenjitaki.com/
千代田区,神田東松下町,-,東京都千代田区神田東松下町17写真弘社神田モノクロ館2f,35.694488,139.774275,ギャラリー・アートグラフ,https://www.shashinkosha.co.jp/index.php
千代田区,神田神保町１丁目,-,東京都千代田区神田神保町1-28-11f,35.697174,139.758760,New Gallery,https://newgallery-tokyo.com/
港区,赤坂９丁目,六本木,東京都港区赤坂9-7-4東京ミッドタウンガレリア3fstylemeetspeople店舗内,35.665794,139.729970,SMP GALLERY,https://smp-gallery.com/
中央区,銀座７丁目,-,東京都中央区銀座7-10-8太陽ビル1f,35.668427,139.763221,YASAKA,https://www.yasakag.net/
港区,北青山３丁目,-,東京都港区北青山3-12-12holon-r1f,35.663430,139.710066,STREET DREAMS STUDIOS TOKYO,https://www.streetdreams.jp
渋谷区,神宮前３丁目,-,東京都渋谷区神宮前3-21−21aristo原宿2f,35.670691,139.707559,Empathy Gallery（エンパシーギャラリー）,https://www.empathygallery.jp/
渋谷区,神宮前６丁目,-,東京都渋谷区神宮前6-23-62f,35.664795,139.702356,COMMON BASE GALLERY,https://commonbase.jp/
渋谷区,渋谷３丁目,-,東京都渋谷区渋谷3-6-16エメラルドアオキビル#202,35.657647,139.705158,Art space FLAG,https://www.flag-tokyo.com/
渋谷区,千駄ケ谷３丁目,-,東京都渋谷区千駄ケ谷3-62-8東京デザイン専門学校1号館1階,35.673562,139.703942,TDA'S GALLERY AMI,https://www.tda.ac.jp/ami/
渋谷区,桜丘町,-,東京都渋谷区桜丘町14-5-103,35.655321,139.701688,zakura（ザクラ）,https://www.zakura.tokyo/
港区,虎ノ門２丁目,虎ノ門,東京都港区虎ノ門2-6-3虎ノ門ヒルズステーションタワー3f,35.667332,139.747313,art cruise gallery by Baycrew's,https://artcruisegallery.com
渋谷区,渋谷１丁目,-,東京都渋谷区渋谷1-3-18ビラ・モデルナb203,35.662024,139.705859,プレコグ・ギャラリー,https://coubic.com/precog_gallery
品川区,広町１丁目,-,東京都品川区広町1-3-222f,35.612704,139.734938,MAGMA GALLERY,https://www.magma-gallery.com/
千代田区,内神田２丁目,-,東京都千代田区内神田2-13-8bmビル5f,35.691519,139.768305,TOKYO BRIGHT GALLERY,https://www.tokyobrightgallery.com
中央区,銀座７丁目,-,東京都中央区銀座7-10-16,35.668582,139.763142,銀座第7ビルギャラリー,http://www.mca-mcae.co.jp/gallery.html
渋谷区,神宮前２丁目,-,東京都渋谷区神宮前2-4-11daiwa神宮前ビル1f,35.672751,139.712872,LAG（LIVE ART GALLERY）,https://www.live-art-books.jp/
中央区,日本橋浜町２丁目,-,東京都中央区日本橋浜町2-24-1,35.685929,139.788326,好文画廊,https://gallerykobun.com/
江東区,北砂３丁目,-,東京都江東区北砂3-1-72f,35.680087,139.827767,FILTER gallery,https://www.instagram.com/designlab_shuhare/
渋谷区,神宮前４丁目,-,東京都渋谷区神宮前4-25-10,35.668638,139.707824,AURORA GRAN GALLERY,https://www.auroragran.com
中央区,銀座２丁目,-,東京都中央区銀座2-9-16サウンドバレービルb1f,35.672993,139.768447,ギャラリー SIACCA,https://www.siacca.com/gallery/
渋谷区,神宮前４丁目,-,東京都渋谷区神宮前4-3-16,35.667075,139.710429,ミモザ・ギャラリー,https://mimosa-gallery.com/ja/
渋谷区,神宮前４丁目,-,東京都渋谷区神宮前4-21-1,35.668238,139.708450,BLANKgallery Tokyo,https://www.instagram.com/blankgallery_shanghai_tokyo/
江東区,白河１丁目,-,東京都江東区白河1-3-13清洲寮208,35.681964,139.800060,art lab Melt Meri（アートラボメルトメリ）,https://www.artlabmeltmeri.com/
渋谷区,恵比寿西２丁目,-,東京都渋谷区恵比寿西2-18-6spビル2f,35.649676,139.705231,UPSTAIRS GALLERY,https://www.superplanning.co.jp/upstairs/
江東区,〒１３６０-０７２大島４-１-１大島４-団地１号棟１０６丁目,-,〒1360-072東京都江東区大島4-1-1大島4-団地1号棟106,35.687757,139.827452,Studio 04,https://www.artscouncil-tokyo.jp/ja/what-we-do/creation/hubs/karoku-recycle/57626/
渋谷区,神宮前６丁目,-,東京都渋谷区神宮前6-14-6,35.666055,139.705097,mysha Gallery,https://www.instagram.com/mysha_gallery_/
千代田区,神田神保町３丁目,-,東京都千代田区神田神保町3-1-6日建ビル3f,35.695636,139.755049,Gallery CORSO（ギャラリーコルソ）,https://www.lithmatic.net/lithApCorso/index.html
千代田区,神田猿楽町１丁目,-,東京都千代田区神田猿楽町1-3-11f,35.697745,139.759748,STUDIO 伽藍裡 garali,https://www.hinokisoken.jp/garali.html
港区,西麻布４丁目,-,東京都港区西麻布4-2-4thewall3f,35.658216,139.723610,9s Gallery by TRiCERA,https://www.tricera.net/
港区,西麻布４丁目,-,東京都港区西麻布4-2-41f,35.658210,139.723585,WALL_alternative,https://avex.jp/wall/
港区,南青山５丁目,-,東京都港区南青山5-4-35たつむら青山ビル,35.661957,139.713437,リノベる。表参道「b1.／ビーワン。」,https://www.renoveru.jp/lp/b1
中央区,銀座８丁目,-,東京都中央区銀座8-7-181f,35.668391,139.760869,月光荘画室2,https://gekkoso.jp/exhibition/gallery-2
港区,南青山３丁目,-,東京都港区南青山3-14-17hbeauty&youthb1f,35.664782,139.714832,AMATEUR（アマチュア）,https://store.united-arrows.co.jp/brand/hby/
港区,虎ノ門５丁目,虎ノ門,東京都港区虎ノ門5-8-1麻布台ヒルズガーデンプラザab1f,35.662493,139.743728,Gallery Restaurant 舞台裏,https://artsticker.app/butaiura
中央区,銀座５丁目,-,東京都中央区銀座5-4-15銀座エフローレビル5f,35.671611,139.762990,ギャラリーボヤージュ,https://www.voyage-ginza.co.jp/
渋谷区,代官山町,-,東京都渋谷区代官山町12-31f,35.650705,139.703806,Another Project Tokyo,https://www.instagram.com/anotherprojecttokyo/?hl=ja
千代田区,神田錦町１丁目,-,東京都千代田区神田錦町1-9,35.691798,139.764364,天理ギャラリー,http://tokyotenrikyokan.co.jp/gallery/
渋谷区,神宮前１丁目,-,東京都渋谷区神宮前1-2-9原宿木多マンション103,35.673824,139.706106,デザイン＆ ギャラリー装丁夜話,https://www.souteiyawa.com/gallery/
千代田区,内神田１丁目,-,東京都千代田区内神田1-12-6大森内神田ビル1f,35.691243,139.765468,トーキョーディアスポラ　コンテンポラリーアートギャラリー,https://www.instagram.com/tokyodiaspora/?hl=ja
新宿区,富久町,-,東京都新宿区富久町16-12101,35.691549,139.712619,ギャラリーからーず。,https://bar-colors.com/index.html
港区,六本木５丁目,六本木,東京都港区六本木5-17-1axisビル4f,35.661322,139.736532,JIDAデザインミュージアム,https://center.axisinc.co.jp/floorguide/jidamuseum/
港区,虎ノ門５丁目,虎ノ門,東京都港区虎ノ門5-8-1麻布台ヒルズガーデンプラザamb階,35.662493,139.743728,麻布台ヒルズ ギャラリー,https://www.azabudai-hills.com/azabudaihillsgallery/index.html
中央区,銀座４丁目,-,東京都中央区銀座4-4-5,35.672088,139.765030,ギャラリーアートハウス,https://www.artginza.com/
中央区,銀座１丁目,-,東京都中央区銀座1-2-4サクセス銀座ファーストビル4f,35.674975,139.768463,富士フォトギャラリー銀座,https://www.prolab-create.jp/gallery/
渋谷区,千駄ケ谷４丁目,-,東京都渋谷区千駄ケ谷4-17-2,35.680279,139.707523,Gallery BOBBIN,https://www.instagram.com/gallery_bobbin/
港区,虎ノ門１丁目,虎ノ門,東京都港区虎ノ門1-2-11theparkrextoranomon1f,35.669139,139.748323,SIGNAL,https://signing.co.jp/signal/
港区,六本木６丁目,六本木,東京都港区六本木6-6-9ピラミデビル4f,35.661974,139.731214,GALLERY – SIGN TOKYO,http://sign-tokyo.net/
千代田区,有楽町２丁目,大丸有,東京都千代田区有楽町2-5-1阪急メンズ東京7階,35.673618,139.762317,#NAME?,https://dayonegallery.com
品川区,東品川１丁目,-,東京都品川区東品川1-33-10terradaartcomplexⅰ3f,35.619175,139.746603,STANDING PINE 東京,https://standingpine.jp/
港区,赤坂９丁目,六本木,東京都港区赤坂9-7-4東京ミッドタウンガレリア地下1階,35.666219,139.730226,とらや 東京ミッドタウン店ギャラリー,https://www.toraya-group.co.jp/shops/shop-13
渋谷区,代官山町,-,東京都渋谷区代官山町2-3therows1f,35.652655,139.705068,Rodin,https://www.instagram.com/rodin_tokyo/
江東区,三好３丁目,-,東京都江東区三好3-1-14,35.679816,139.804736,ギャラリークリューチ,https://gallery-klyuch.my.canva.site/
中央区,銀座４丁目,-,東京都中央区銀座4-3-5銀座ahビルb2f,35.672366,139.764776,ギャラリーおかりや,http://www.g-okariya.co.jp/index.html
新宿区,西新宿３丁目,-,東京都新宿区西新宿3-18-2サンビューハイツ新宿1f103,35.685035,139.687722,GALLERY KTO 新宿,https://www.kto-gallery.com/
新宿区,西早稲田２丁目,-,東京都新宿区西早稲田2-14-15松川ボックスa棟,35.708705,139.711781,THE MIRROR,https://coubic.com/themirror
千代田区,丸の内１丁目,大丸有,東京都千代田区丸の内1-9-2グラントウキョウサウスタワー1f,35.678574,139.767285,BUG,https://bug.art/
千代田区,麹町１丁目,-,東京都千代田区麹町1-6-12,35.684596,139.742695,東條會舘写真研究所,-
中央区,銀座５丁目,-,東京都中央区銀座5-7-10exitmelsa7f,35.670661,139.764041,フォルム画廊,-
江東区,門前仲町２丁目,-,東京都江東区門前仲町2-9-11,35.673521,139.796764,ギャラリーダイジロ,https://www.gallerydaijiro.tokyo/
渋谷区,神宮前４丁目,-,東京都渋谷区神宮前4-28-18カトル・バン原宿b1f,35.668830,139.706754,アニコリミックスギャラリー,https://www.anicoremixgallery.com/
千代田区,内幸町１丁目,-,東京都千代田区内幸町1-1-1,35.672406,139.758340,KAIGADO Gallery,http://kaigado.co.jp/
中央区,銀座８丁目,-,東京都中央区銀座8-4-2高木屋ビル1f,35.669531,139.760409,美の起原,https://xn--xxtyc847fky0a.jp/
中央区,銀座３丁目,-,東京都中央区銀座3-12-7,35.670570,139.769037,FEELSEEN gallery（フィールシーン ギャラリー）,https://feelseen.jp/
中央区,新川１丁目,-,東京都中央区新川1-22-11,35.677411,139.785198,ペーパーボイス東京,https://www.heiwapaper.co.jp/shop/gallery.html
港区,麻布十番３丁目,-,東京都港区麻布十番3-8-6,35.653303,139.734294,Koichi Yamamura gallery,http://koichiyamamuragallery.com/
中央区,日本橋本町１丁目,日八京,東京都中央区日本橋本町1-7-9西村ビル1fspace2*3,35.686214,139.777599,msb gallery,https://www.msb-gallery.com/
港区,西麻布４丁目,-,東京都港区西麻布4-5-4しぶやれいきビル3f,35.656341,139.723607,IDEALIDEA gallery（イデアリデア ギャラリー）,https://www.instagram.com/idealideagallery/
渋谷区,上原３丁目,-,東京都渋谷区上原3-3-6-101,35.667605,139.680804,April Shop,https://aprilshop.thebase.in/
中央区,〒１０４−００６１銀座２-１１-１４丁目,-,〒104−0061東京都中央区銀座2-11-14,35.672107,139.768657,パルピトーギャラリー,https://www.instagram.com/palpito_gallery/
渋谷区,代官山町,-,東京都渋谷区代官山町3-13#103,35.652433,139.704904,ART Is. TOKYO GALLERY,https://www.art-is.net/
千代田区,神田須田町１丁目,-,東京都千代田区神田須田町1-25-4,35.697240,139.770019,JAPAN ART BRIDGE,https://japanartbridge.com/
港区,西麻布４丁目,-,東京都港区西麻布4-17-10,35.658368,139.720444,ギャラリー イー・エム 西麻布,http://www.takeuchi-studio.jp/gallery_em/index.html
港区,北青山３丁目,-,東京都港区北青山3-15-16,35.664635,139.709277,ギャラリーコンセプト21,https://g-concept21.com/
渋谷区,東２丁目,-,東京都渋谷区東2-6-211f,35.654283,139.709976,hide gallery,https://hide-tokyo.com/
中央区,銀座４丁目,-,東京都中央区銀座4-4-10グッチ銀座7f,35.671893,139.764592,グッチ銀座ギャラリー,https://www.gucci.com/jp/ja/
渋谷区,千駄ケ谷１丁目,-,東京都渋谷区千駄ケ谷1-23-6サンビューハイツ北参道101,35.679355,139.708439,TERRITORY GALLERY（テリトリー・ギャラリー）,https://territorygallery.com
渋谷区,神宮前５丁目,-,東京都渋谷区神宮前5-46-1twinplanetsouthbldg.1f,35.664285,139.708378,pixiv WAEN GALLERY by TWIN PLANET × pixiv,https://pixiv-waengallery.com/
中央区,京橋２丁目,日八京,東京都中央区京橋2-7-121f,35.676779,139.771584,ROD GALLERY,http://www.rodgallery.jp
新宿区,横寺町,-,東京都新宿区横寺町31-13一水寮,35.702976,139.735082,工芸青花,https://www.kogei-seika.jp/gallery/
渋谷区,神宮前５丁目,-,東京都渋谷区神宮前5-3-3,35.664978,139.709318,ギャラリー エスケーパーズ,https://www.instagram.com/gallery_escapers/
中央区,京橋２丁目,日八京,東京都中央区京橋2-6-10京橋宝照ビル1f,35.676368,139.771468,GALLERY RIN 麟,https://galleryrin.com/
中央区,日本橋本町３丁目,日八京,東京都中央区日本橋本町3-2-12日本橋小楼ビル202,35.688407,139.774164,27 GALLERY TOKYO,https://www.27-gallery-tokyo.com/
千代田区,有楽町２丁目,大丸有,東京都千代田区有楽町2-5-1阪急メンズ東京7f,35.673620,139.762456,B-OWND Gallery,https://hs.b-ownd.com/gallery_yurakucho/
中央区,銀座４丁目,-,東京都中央区銀座4-13-11太田興産銀座m&sビル2f,35.668975,139.768292,ヒコヒコギャラリー,https://hikohikogallery.com/
中央区,銀座８丁目,-,東京都中央区銀座8-7-2月光荘画材店b1f,35.668867,139.761606,月光荘画室1,http://gekkoso.jp/exhibition/gallery-1
渋谷区,渋谷２丁目,-,東京都渋谷区渋谷2-21-1渋谷ヒカリエ8f,35.659124,139.703730,Bunkamura Gallery 8/,https://www.bunkamura.co.jp/gallery8/
港区,西麻布１丁目,-,東京都港区西麻布1-14-16ベルジュール2f,35.661166,139.723417,Miaki Gallery,https://miakigallery.jp/
千代田区,一番町,-,東京都千代田区一番町25jciiビル,35.686058,139.742570,JCIIフォトサロン,https://www.jcii-cameramuseum.jp/photosalon/
新宿区,百人町１丁目,-,東京都新宿区百人町1-24-8#107,35.698740,139.697616,callbox,https://www.instagram.com/callbox__/
中央区,日本橋富沢町,-,東京都中央区日本橋富沢町7-1ザ・パークレックス人形町1f,35.688215,139.782573,tagboat,https://www.tagboat.com/
中央区,八丁堀２丁目,-,東京都中央区八丁堀2-21-12,35.676198,139.777000,CENTER/EDO,https://www.instagram.com/center_edo/
渋谷区,神南１丁目,-,東京都渋谷区神南1-5-19ハレ神南別館,35.664777,139.700031,澁谷藝術,https://shibuyageijutsu.com/gallery/
渋谷区,神山町,-,東京都渋谷区神山町40-2dearj1渋谷1f,35.665030,139.692740,HECTARE,https://www.hectaregallery.com/
中央区,京橋２丁目,日八京,東京都中央区京橋2-7−11,35.676677,139.771648,ギャラリーくぼた別館,http://gallery-kubota.co.jp/
渋谷区,神宮前４丁目,-,東京都渋谷区神宮前4-12-10表参道ヒルズ同潤館3f302,35.667287,139.708616,Galerie412,http://www.galerie412.com/index.html
渋谷区,神宮前４丁目,-,東京都渋谷区神宮前4-28-18カトル・バン原宿b1,35.668830,139.706754,MEDEL GALLERY SHU,https://medelgalleryshu.com/
渋谷区,神宮前４丁目,-,東京都渋谷区神宮前4-32-42f,35.669534,139.706839,PROJECT LAB.,https://www.instagram.com/projectlab_tokyo/
港区,南青山３丁目,-,東京都港区南青山3-14-32f,35.665706,139.714660,Gallery Blue 3143,https://www.gallery-blue3143.com/
港区,南青山５丁目,-,東京都港区南青山5-14-4河合ビル1f,35.660533,139.713334,大塚美術,http://www.otsuka-art.com/
港区,北青山２丁目,-,東京都港区北青山2-10-22谷・荒井ビル1f,35.671564,139.715588,Nine Gallery,https://ninegallery.com/
渋谷区,神宮前４丁目,-,東京都渋谷区神宮前4-26-281f,35.669208,139.707888,studio CIEN,https://www.instagram.com/sezan_cien/
渋谷区,代官山町,-,東京都渋谷区代官山町13-5,35.649994,139.704430,EDGEoff代官山,https://twitter.com/EDGEoff135
港区,西麻布３丁目,-,東京都港区西麻布3-24-23cube西麻布1f,35.659644,139.724127,GALLERY MERROW,https://gallerymerrow.com
渋谷区,神宮前３丁目,-,東京都渋谷区神宮前3-20-3石井ビル1f,35.670476,139.708240,SPACE BANKSIA（スペース バンクシア）,https://space-banksia.com
港区,白金６丁目,-,東京都港区白金6-2-19-102,35.643466,139.721337,Art Gallery Shirokane 6c,https://shirokane6c.com
中央区,日本橋本町３丁目,日八京,東京都中央区日本橋本町3-4-6ニューカワイビル1f,35.688943,139.774851,REIJINSHA GALLERY,https://linktr.ee/reijinshagallery
渋谷区,神泉町,-,東京都渋谷区神泉町3-4ウェルズ渋谷101,35.657955,139.693072,リアムギャラリー,http://liamgallery.com/
渋谷区,神宮前２丁目,-,東京都渋谷区神宮前2-6-7神宮前ファッションビル1f,35.672707,139.712127,Gallery 85.4,https://www.instagram.com/gallery85.4/
渋谷区,神宮前５丁目,-,東京都渋谷区神宮前5-9-15b2f,35.667048,139.707334,HENKYO,https://henkyo.jp/
渋谷区,神宮前２丁目,-,東京都渋谷区神宮前2-31-3宝栄ビル2f-a,35.673351,139.709231,kit gallery,https://kit-gallery.com/
新宿区,西新宿１丁目,-,東京都新宿区西新宿1-24-1エステック情報ビルb1f,35.690267,139.695946,OM SYSTEM GALLERY,https://fotopus.com/showroom/index/contents/i/10
中央区,日本橋本町１丁目,日八京,東京都中央区日本橋本町1-7-12日本橋太郎平ビル,35.685855,139.777599,太郎平画廊,https://tarohei-gallery.com
千代田区,西神田２丁目,-,東京都千代田区西神田2-5-11出版輸送ビル3f,35.699151,139.753888,GALLERY 2511,https://gallery.2511.jp/
中央区,日本橋横山町,-,東京都中央区日本橋横山町4-9birth5f,35.692037,139.782552,SOM GALLERY,https://www.somgallery.com/
渋谷区,神宮前２丁目,-,東京都渋谷区神宮前2-14-17,35.674345,139.711671,SORTone,https://www.instagram.com/sortone_fort/
千代田区,神田神保町１丁目,-,東京都千代田区神田神保町1-25-1神保町会館3f,35.695018,139.760616,Bohemian’s Guild CAGE（ボヘミアンズ・ギルド・ケージ）,https://www.bohemiansguild.com/
渋谷区,恵比寿南２丁目,-,東京都渋谷区恵比寿南2-8-23f,35.644527,139.708854,KICHI,https://www.instagram.com/282kichi/
新宿区,四谷１丁目,-,東京都新宿区四谷1-7-12日本写真会館5f,35.686932,139.728620,ポートレートギャラリー,https://sha-bunkyo.or.jp/gallery/
渋谷区,神宮前５丁目,-,東京都渋谷区神宮前5-45-5中澤ビルb1f,35.664355,139.708110,Space Jing,http://spacejing.com/
千代田区,有楽町１丁目,大丸有,東京都千代田区有楽町1-12-1新有楽町ビル1f,35.675560,139.762093,M5 Gallery,https://www.instagram.com/m5.gallery
港区,西麻布２丁目,-,東京都港区西麻布2-25-111f,35.659985,139.721972,KONTACTO EAST GALLERY,http://kontacto.jp
渋谷区,南平台町,-,東京都渋谷区南平台町8-11mo-greenビル2f,35.652589,139.697133,CONTAINER GRAPHIC GALLERY,https://container-web.jp/
中央区,銀座６丁目,-,東京都中央区銀座6-4-8曽根ビル7f,35.671034,139.761369,ぎゃらりい秋華洞,https://www.syukado.jp/
中央区,銀座７丁目,-,東京都中央区銀座7-4-12銀座メディカルビル1f,35.669799,139.760696,Shinwa Privé Gallery,https://www.shinwa-prive.com/
千代田区,神田小川町３丁目,-,東京都千代田区神田小川町3-20-4第2龍名館ビル1fd,35.696772,139.761425,KOMIYAMA TOKYO G,https://www.komiyamatokyo-g.com
渋谷区,神宮前６丁目,-,東京都渋谷区神宮前6-15-17クレストコート神宮前1f,35.665967,139.704766,GALLERY SCENA.,https://gallery-scena.com/
千代田区,神田神保町２丁目,-,東京都千代田区神田神保町2-14-19,35.696809,139.757192,GALLERY KOGURE,https://gallerykogure.com/
渋谷区,神宮前３丁目,-,東京都渋谷区神宮前3-42-7青山太洋ビル3f,35.671247,139.713849,Night Out Gallery,https://nightoutgallery.com/
新宿区,西新宿３丁目,-,東京都新宿区西新宿3-16-6,35.683808,139.689518,SHINBI GALLERY（新宿美術学院）,https://www.art-shinbi.com/gallery/
渋谷区,富ヶ谷１丁目,-,東京都渋谷区富ヶ谷1-8-72f,35.668550,139.690900,WONDER Yoyogi Park,http://www.wonderyoyogipark.com/
港区,南青山３丁目,-,東京都港区南青山3-1-31kd南青山ビル4f,35.668071,139.715997,YUGEN Gallery,https://yugen-gallery.com/ja/
港区,南青山５丁目,-,東京都港区南青山5-10-17,35.662682,139.710778,MA5 GALLERY,https://www.ma5gallery.com/
港区,虎ノ門４丁目,虎ノ門,東京都港区虎ノ門4-1-40江戸見坂森ビル1f,35.666582,139.745110,VLC Gallery by AKIO NAGASAWA,https://vlcgallery.com/
新宿区,改代町,-,東京都新宿区改代町40,35.706934,139.734560,BOOTLEG Gallery,https://bootleg.co.jp/gallery/
品川区,大崎１丁目,-,東京都品川区大崎1-15-9光村ビル1f,35.617809,139.733669,光村グラフィック・ギャラリー,https://www.mitsumura.co.jp/csr/mgg/
千代田区,神田神保町２丁目,-,東京都千代田区神田神保町2-11三橋ビル1f,35.695344,139.756476,art gallery & Legion,https://legion.jp
千代田区,神田佐久間町１丁目,-,東京都千代田区神田佐久間町1-14第二東ビル216号,35.697841,139.774413,DUB GALLERY AKIHABARA,https://www.instagram.com/dub_gallery_akihabara/
中央区,銀座４丁目,-,東京都中央区銀座4-1-2銀座駅コンコース,35.671728,139.764443,メトロ銀座ギャラリー,https://www.metrocf.or.jp/jigyou/gallery_ginza/
中央区,日本橋茅場町１丁目,-,東京都中央区日本橋茅場町1-1-6小浦第一ビル1f,35.681344,139.780172,コンテンポラリーヘイズ,https://heis-g.com
千代田区,平河町２丁目,-,東京都千代田区平河町2-4-7スタンプスタンダードショールーム内,35.682060,139.738673,フラットリバーギャラリー,https://f-r-gallery.tokyo/
中央区,銀座７丁目,-,東京都中央区銀座7-7-4本店浜作ビルb1f,35.669546,139.762406,SPACE TGC,http://www.spacetgc.com/
中央区,日本橋小網町,-,東京都中央区日本橋小網町4-4バトラーズ日本橋ビル3f,35.681673,139.782112,隣人ART,http://art-rinjin.com/
中央区,銀座６丁目,-,東京都中央区銀座6-3-16泰明ビル本館501,-,-,FBIギャラリー,https://www.instagram.com/fbi_ginza/
渋谷区,神宮前４丁目,-,東京都渋谷区神宮前4-26-122f,35.668597,139.707310,Gallery W,https://gallery-w.jp/
渋谷区,神宮前３丁目,-,東京都渋谷区神宮前3-32-2k'sapartment103,35.671573,139.711015,HIRO OKAMOTO,https://www.hirookamoto.jp/
渋谷区,神宮前４丁目,-,東京都渋谷区神宮前4-26-35,35.669725,139.707939,YOD TOKYO,http://yoded.com/
渋谷区,神宮前３丁目,-,東京都渋谷区神宮前3-22-11,35.670288,139.707283,SOMSOC Gallery,https://somsoc.jp/
港区,六本木７丁目,六本木,東京都港区六本木7-21-24themoduleroppongi101,35.663705,139.727950,OTA FINE ARTS 7CHOME,https://www.otafinearts.com/ja/
中央区,銀座６丁目,-,東京都中央区銀座6-10-1,35.669872,139.764010,FOAM CONTEMPORARY,https://store.tsite.jp/ginza/event/foam-contemporary/?input_order=event&
港区,南青山６丁目,-,東京都港区南青山6-3-73f,35.659451,139.717467,SOOT,https://soot.tokyo/
中央区,日本橋馬喰町１丁目,-,東京都中央区日本橋馬喰町1-8-11・2f,35.693537,139.781473,EXHIBIT SPACE TINGLE ANGLE,https://tingleangle.com/
渋谷区,渋谷２丁目,-,東京都渋谷区渋谷2-24-12渋谷スクランブルスクエア46f,35.658464,139.702262,SKY GALLERY,https://www.shibuya-scramble-square.com/sky/
港区,西新橋２丁目,虎ノ門広域,東京都港区西新橋2-17-1八雲ビル4f,35.666408,139.750767,THE LOOP GALLERY,https://www.theloopgallery.jp/
中央区,日本橋馬喰町２丁目,-,東京都中央区日本橋馬喰町2-2-14maruka3f,35.695474,139.783490,NEORT++（ネオルトツー）,https://two.neort.io/
中央区,銀座６丁目,-,東京都中央区銀座6-4-7いらか銀座ビル1・2f,35.671176,139.761515,至峰堂画廊,https://shihoudou.co.jp/
中央区,銀座６丁目,-,東京都中央区銀座6-4-1ライカ銀座店2f,35.671749,139.761870,ライカギャラリー東京,https://leica-camera.com/ja-JP/Leica-Galleries/Leica-Gallery-Tokyo
港区,六本木７丁目,六本木,東京都港区六本木7-21-24,35.663705,139.727950,クマ財団ギャラリー,https://kuma-foundation.org/gallery/
渋谷区,猿楽町,-,東京都渋谷区猿楽町5-17第一西尾ビル2f,35.652850,139.703772,のこぎり,https://www.nokogiribytonkachi.jp/
新宿区,揚場町,-,東京都新宿区揚場町2-12セントラルコーポラス105,35.702303,139.742444,Roll,https://yf-vg.com/roll.html
中央区,東日本橋２丁目,-,東京都中央区東日本橋2-2-10,35.692905,139.785572,Ritsuki Fujisaki Gallery,http://ritsukifujisakigallery.com
品川区,東品川１丁目,-,東京都品川区東品川1-33-10terradaartcomplexⅰ4f,35.619175,139.746603,小山登美夫ギャラリー天王洲,http://tomiokoyamagallery.com/
中央区,日本橋馬喰町２丁目,-,東京都中央区日本橋馬喰町2-2-14まるかビル2f,35.695474,139.783490,parcel,http://parceltokyo.jp/
品川区,東品川１丁目,-,東京都品川区東品川1-32-8terradaartcomplexii4f,35.619781,139.746320,T&Y Projects,http://www.ty-projects.com/
中央区,銀座７丁目,-,東京都中央区銀座7-7-16,35.669385,139.761924,GALLERY HAYASHI + ART BRIDGE,https://g-hayashi-artbridge.com/
渋谷区,神宮前２丁目,-,東京都渋谷区神宮前2-19-5,35.673354,139.710479,SCOOTERS FOR PEACE,https://scootersforpeace.com/
中央区,日本橋小舟町,-,東京都中央区日本橋小舟町7-13東海日本橋ハイツ2f,35.686116,139.778356,galerieH（ガルリアッシュ）,https://galerie-h.jp
渋谷区,代々木５丁目,-,東京都渋谷区代々木5-24-10,35.676102,139.690499,エステルオカダ,https://www.zulaarts.com/
品川区,東品川１丁目,-,東京都品川区東品川1-32-8terradaartcomplexⅱ4f,35.619781,139.746320,タカ・イシイギャラリー ビューイングルーム,https://www.takaishiigallery.com/jp/
千代田区,大手町１丁目,大丸有,東京都千代田区大手町1-4-2丸紅ビル3f,35.690624,139.759710,丸紅ギャラリー,https://www.marubeni.com/gallery/
港区,南青山４丁目,-,東京都港区南青山4-8-25,35.666961,139.719127,Feb gallery Tokyo,https://febgallerytokyo.com/
新宿区,矢来町,-,東京都新宿区矢来町114高橋ビルb2f,35.704085,139.734669,CAVE-AYUMIGALLERY,https://caveayumigallery.tokyo
渋谷区,神宮前６丁目,-,東京都渋谷区神宮前6-27-4東武第二ビル1f,35.666716,139.703741,JPS Gallery（Tokyo）,http://www.jpsgallery.com/
中央区,日本橋大伝馬町,-,東京都中央区日本橋大伝馬町11-10西井ビル3f,35.689835,139.780457,myheirloom（マイエアルーム）,https://www.myheirloom.info/
中央区,京橋３丁目,日八京,東京都中央区京橋3-6-18東京建物京橋ビル1f,35.675351,139.769581,BAG-Brillia Art Gallery-,https://www.brillia-art.com/bag/
千代田区,丸の内３丁目,大丸有,東京都千代田区丸の内3-3-1新東京ビル1fandwandermarunouchi,35.677534,139.762249,and wander OUTDOOR GALLERY,https://www.instagram.com/outdoorgallery_tokyo/
渋谷区,初台１丁目,-,東京都渋谷区初台1-36-1,35.680071,139.686070,PAGIC Gallery,https://pagicgallery.com/
渋谷区,神宮前５丁目,-,東京都渋谷区神宮前5-36-6ケーリーマンション3f,35.664349,139.705790,白紙,https://www.instagram.com/hakushi_tokyo/
中央区,日本橋横山町,-,東京都中央区日本橋横山町4-10,35.692079,139.782612,MARGIN,https://www.instagram.com/margingallery_jp/
中央区,〒１０４‐００６１銀座１-１３-４銀座片桐ビルⅲ５f丁目,-,〒104‐0061東京都中央区銀座1-13-4銀座片桐ビルⅲ5f,35.673765,139.769693,ギャラリー新居 東京,http://www.gallery-nii.com
港区,南青山１丁目,-,東京都港区南青山1-11-391139南青山2f,35.670280,139.725652,ギャラリー石榴 南青山ルーム,http://www.g-sekiryu.com/
渋谷区,神宮前５丁目,-,東京都渋谷区神宮前5-39-6b1f,35.664933,139.706551,Gallery COMMON,http://www.gallerycommon.com/
中央区,銀座７丁目,-,東京都中央区銀座7-10-11日本アニメーションビル1f,35.668229,139.762842,たけだ美術,http://www.takeda-bijyutu.com/
千代田区,神田神保町２丁目,-,東京都千代田区神田神保町2-20第2富士ビルディング3f,35.697025,139.756806,TANA Gallery Bookshelf,http://tanagallerybookshelf.com/
港区,六本木５丁目,六本木,東京都港区六本木5-17-1axisビル4f,35.661322,139.736532,アクシス ギャラリー,https://center.axisinc.co.jp/floorguide/axisgallery/
千代田区,有楽町１丁目,大丸有,東京都千代田区有楽町1-13-1,35.676043,139.760545,第一生命ギャラリー,https://www.dai-ichi-life.co.jp/dsr/society/challenges/research/gallery.html
江東区,木場３丁目,-,東京都江東区木場3-18-17,35.672791,139.805405,EARTH + GALLERY,https://earth-plus.com/
中央区,銀座２丁目,-,東京都中央区銀座2-3-2エイコー銀座ビル3f,35.672769,139.765108,NUKAGA GALLERY,http://www.nukaga.co.jp
港区,南麻布３丁目,-,東京都港区南麻布3-20-1麻布グリーンテラス5f,35.647639,139.731118,Mizenka Gallery,http://www.mizenka.com
新宿区,西新宿７丁目,-,東京都新宿区西新宿7-14-5,35.695088,139.697013,河合塾美術研究所 Gallery Kart,http://art.kawai-juku.ac.jp/kanto/institution/gll/
渋谷区,恵比寿西１丁目,-,東京都渋谷区恵比寿西1-33-3光雲閣110号室,35.647378,139.704101,Fm（エフマイナー）,https://twitter.com/galleryfmtokyo
渋谷区,西原２丁目,-,東京都渋谷区西原2-26-5パールマンション102,35.674711,139.678725,パールブックショップ&ギャラリー,https://888books.shop/
中央区,銀座１丁目,-,東京都中央区銀座1-9-8奥野ビル502号室,35.673740,139.768782,ギャラリーカメリア,http://www.gallerycamellia.jp/
渋谷区,神宮前３丁目,-,東京都渋谷区神宮前3-28-9,35.672131,139.709338,+81 Gallery – Tokyo,https://plus81.gallery/exhibition_tokyo/
江東区,清澄１丁目,-,東京都江東区清澄1-3-2-5f,35.681531,139.793045,ミヤケファインアート,http://www.miyakefineart.com/
中央区,銀座４丁目,-,東京都中央区銀座4-3-6g4bricksbld.7f,35.672236,139.764610,ギャラリー桜の木 銀座,http://www.sakuranoki.co.jp/
中央区,銀座１丁目,-,東京都中央区銀座1-8-17伊勢伊ビル3f,35.674084,139.768334,銀座一穂堂サロン,https://www.ippodogallerytokyo.com/ja/
中央区,日本橋室町４丁目,日八京,東京都中央区日本橋室町4-3-7,35.689302,139.771967,アートギャラリー環,http://www.art-kan.co.jp/mokuji/mokuji.htm
渋谷区,鶯谷町１丁目,-,東京都渋谷区鶯谷町12-6,35.651541,139.701269,LOKO GALLERY,http://lokogallery.com/
渋谷区,猿楽町,-,東京都渋谷区猿楽町16-15,35.649118,139.700144,DAIKANYAMA T-SITE GARDEN GALLERY,https://store.tsite.jp/daikanyama/
港区,南青山１丁目,-,東京都港区南青山1-24-3toto乃木坂ビル3f,35.667488,139.726689,TOTOギャラリー・間,https://jp.toto.com/gallerma/
渋谷区,西原１丁目,-,東京都渋谷区西原1-18-7,35.675458,139.678346,gallery commune,http://www.ccommunee.com/
港区,六本木６丁目,六本木,東京都港区六本木6-6-9ピラミデビル3f,35.661974,139.731214,ワコウ・ワークス・オブ・アート,https://www.wako-art.jp/
港区,北青山２丁目,-,東京都港区北青山2-9-16aaビル1f,35.671369,139.716013,オリエ アート・ギャラリー,http://orie.co.jp/
港区,南青山５丁目,-,東京都港区南青山5-7-17小原流会館b1f,35.662333,139.712707,Otherwise Gallery,http://hpgrpgallery.com/
渋谷区,恵比寿２丁目,-,東京都渋谷区恵比寿2-21-3,35.647886,139.719591,工房親,http://www.kobochika.com/
渋谷区,神宮前５丁目,-,東京都渋谷区神宮前5-10-1gyre3f,35.667386,139.706911,GYRE GALLERY,https://gyre-omotesando.com/art/
渋谷区,神宮前２丁目,-,東京都渋谷区神宮前2-4-71f,35.672794,139.713277,MAHO KUBOTA GALLERY,http://www.mahokubota.com/ja/
港区,南青山５丁目,-,東京都港区南青山5-12-3noirビル2f,35.661577,139.712917,Akio Nagasawa Gallery Aoyama,http://www.akionagasawa.com
新宿区,住吉町,-,東京都新宿区住吉町10-10,35.693895,139.720489,Yu Harada,https://www.yuharada.com/
港区,西麻布２丁目,-,東京都港区西麻布2-7-5ハウス西麻布4f,35.662234,139.721198,TAV GALLERY,http://tavgallery.com/
中央区,銀座４丁目,-,東京都中央区銀座4-9-5銀昭ビル6f,35.670626,139.767062,Akio Nagasawa Gallery Ginza,http://www.akionagasawa.com
中央区,日本橋３丁目,日八京,東京都中央区日本橋3-2-9三晶ビルb1f,35.680281,139.771993,MASATAKA CONTEMPORARY,http://www.masataka-contemporary.com/
港区,北青山２丁目,-,東京都港区北青山2-10-26,35.671873,139.714809,ギャラリーハウスMAYA,http://www.gallery-h-maya.com/
港区,南青山４丁目,-,東京都港区南青山4-1-9秋元南青山ビル1f,35.667248,139.719521,プリズミックギャラリー,http://www.prismic.co.jp/gallery/
中央区,銀座２丁目,-,東京都中央区銀座2-11-4富善ビル1f,35.672409,139.769221,ギャルリーヴィヴァン,http://www.g-vivant.com/
港区,〒１０６‐００３１西麻布２-１２-４小倉ビル３ｆ丁目,-,〒106‐0031東京都港区西麻布2-12-4小倉ビル3ｆ,35.661182,139.722604,NANATASU GALLERY,https://twitter.com/nanatasugallery
渋谷区,猿楽町,-,東京都渋谷区猿楽町18-8ヒルサイドテラスf棟1f,35.648590,139.700511,gallery ON THE HILL,https://www.galleryonthehill.com/
港区,南青山１丁目,-,東京都港区南青山1-15-2南青山スタジオフラットb1-ii,35.670170,139.726350,Art-U room,http://www.art-u-room.com/
中央区,入船１丁目,-,東京都中央区入船1-3-9長﨑ビル9f,35.672691,139.776357,FUMA Contemporary Tokyo / BUNKYO ART,http://www.bunkyo-art.co.jp/
中央区,日本橋小伝馬町,-,東京都中央区日本橋小伝馬町17-9さとうビルb館4f,35.692807,139.779926,ルーニィ 247 ファインアーツ,http://www.roonee.jp/
渋谷区,代官山町,-,東京都渋谷区代官山町13-8キャッスルマンション113,35.650424,139.704899,Gallery 子の星,http://www.nenohoshi.com/
中央区,銀座７丁目,-,東京都中央区銀座7-12-5銀星ビル7f,35.668207,139.764018,nada art gallery,http://nadaartgallery.com/
中央区,佃１丁目,-,東京都中央区佃1-11-8ピアウエストスクエア1f,35.669742,139.784499,ギャラリーアートコンポジション,https://www.galleryartcomposition.com/index_jp.html
渋谷区,神宮前６丁目,-,東京都渋谷区神宮前6-33-14神宮ハイツ301/302,35.668085,139.704141,アートスペースAM,http://am-project.jp/
渋谷区,神宮前４丁目,-,東京都渋谷区神宮前4-26-28junkyard3f,35.669053,139.707714,WAG Gallery,http://www.wag-gallery.com/
新宿区,下落合３丁目,-,東京都新宿区下落合3-13-17,35.720757,139.700483,アダチ版画研究所,https://www.adachi-hanga.com/
港区,南青山２丁目,-,東京都港区南青山2-24-15青山タワービル9f,35.670228,139.718120,GALLERY CLASKA,https://www.claska.com/
港区,東麻布３丁目,-,東京都港区東麻布3-4-61f,35.657319,139.737760,Cale,http://www.cale.jp
品川区,北品川２丁目,-,東京都品川区北品川2-25-17,35.618397,139.744573,TATARABA,https://tataraba-tataraba.jimdo.com/
渋谷区,神宮前１丁目,-,東京都渋谷区神宮前1-14-34原宿神宮の森5f,35.670997,139.703044,BLUM,https://blum-gallery.com/
港区,六本木６丁目,六本木,東京都港区六本木6-5-24complex6652f,35.661539,139.731043,小山登美夫ギャラリー六本木,http://www.tomiokoyamagallery.com/
千代田区,神田神保町１丁目,-,東京都千代田区神田神保町1-21-1文房堂ビル4f,35.695358,139.760914,文房堂ギャラリー,http://www.bumpodo.co.jp/
渋谷区,神宮前２丁目,-,東京都渋谷区神宮前2-31-18,35.672541,139.708509,ペーターズ・ショップ・アンド・ギャラリー,http://www.paters.co.jp/
港区,南青山３丁目,-,東京都港区南青山3-8-5m385building#12,35.666952,139.715335,NADAR / TOKYO（ナダール / 東京）,https://g-nadar.net/
中央区,銀座１丁目,-,東京都中央区銀座1-22-12藤和銀座1-ビル6f,35.671950,139.770845,GALLERY ART POINT,https://art-point.jp/
品川区,東品川１丁目,-,東京都品川区東品川1-33-10terradaartcomplex3f,35.619175,139.746603,YUKA TSURUNO GALLERY,http://yukatsuruno.com/
品川区,東品川１丁目,-,東京都品川区東品川1-33-10terradaartcomplex4f,35.619175,139.746603,ANOMALY,http://anomalytokyo.com/top/
渋谷区,神宮前６丁目,-,東京都渋谷区神宮前6-32-7近藤ビル1f,35.667634,139.704140,Printed Union,https://printed-union.aacinc.jp
港区,北青山２丁目,-,東京都港区北青山2-12-20#101,35.670583,139.716115,DAZZLE,http://gallery-dazzle.com/
千代田区,東神田１丁目,-,東京都千代田区東神田1-3-4ktビル2f,35.693530,139.780235,Kanzan Gallery,http://www.kanzan-g.jp/
千代田区,神田神保町１丁目,-,東京都千代田区神田神保町1-112f,35.695637,139.760551,gallery 福果,-
渋谷区,神宮前５丁目,-,東京都渋谷区神宮前5-7-12,35.666335,139.708837,TIERS GALLERY,https://www.arakawagrip.co.jp/tiersgallery/
千代田区,外神田６丁目,-,東京都千代田区外神田6-11-143331artschiyoda207,35.704307,139.770680,Nii Fine Arts Tokyo,http://www.niifinearts.com/
中央区,日本橋馬喰町２丁目,-,東京都中央区日本橋馬喰町2-2-1dddhotel1f,35.695287,139.783542,PARCEL,http://parceltokyo.jp/
中央区,京橋３丁目,日八京,"東京都中央区京橋3-6-5木邑ビル2f,b1f",35.675340,139.770180,art space kimura ASK?,http://www.kb-net.com/ask
江東区,清澄３丁目,-,東京都江東区清澄3-7-4,35.682489,139.798392,SAKuRA GALLERY,http://kiyosumi-gallery.sakura.ne.jp/
品川区,東品川１丁目,-,東京都品川区東品川1-33-10terradaartcomplex5f,35.619175,139.746603,KOSAKU KANECHIKA,http://kosakukanechika.com/
渋谷区,恵比寿２丁目,-,東京都渋谷区恵比寿2-16-8大串ビル1f,35.646835,139.719018,CAGE GALLERY,http://cagegallery.com/
港区,六本木５丁目,六本木,東京都港区六本木5-10-33ストライプハウスビル3f,35.660074,139.732897,ストライプハウスギャラリー,http://striped-house.com/
港区,麻布十番１丁目,-,東京都港区麻布十番1-7-2エスポアール麻布102,35.656483,139.734826,麻布十番ギャラリー,-
渋谷区,神宮前５丁目,-,東京都渋谷区神宮前5-21-2,35.665353,139.705397,THE SECRET MUSEUM,http://thesecretmuseum.tokyo
渋谷区,東２丁目,-,東京都渋谷区東2-23-8,35.653047,139.708552,東京アーツギャラリー,http://www.tokyoartsgallery.com/
中央区,新富１丁目,-,東京都中央区新富1-5-5トーア新富マンション102,35.672889,139.773174,Red and Blue Gallery,http://www.redandblue.jp
中央区,京橋３丁目,日八京,東京都中央区京橋3-3-4森ビルb1f,35.675599,139.768433,ギャラリーセラー,https://gallerycellar.wixsite.com/my-site-9
中央区,入船２丁目,-,東京都中央区入船2-4-3マスダビル1f,35.671681,139.776954,ヒノギャラリー,http://www.hinogallery.com
中央区,京橋３丁目,日八京,東京都中央区京橋3-5-4吉井ビルb1f,35.674986,139.769990,Gallery b. Tokyo,http://www.gallery-b-tokyo.com/
千代田区,東神田１丁目,-,東京都千代田区東神田1-2-11アガタ竹澤ビル405桑原清幸会計事務所内,35.693428,139.780764,Kiyoyuki Kuwabara Accounting Gallery,http://kkag.jp/
渋谷区,恵比寿１丁目,-,東京都渋谷区恵比寿1-18-4nadiffa/p/a/r/t2f,35.647448,139.714351,スクールデレック芸術社会学研究所,https://www.sgurrdearg.com/
品川区,戸越５丁目,-,東京都品川区戸越5-8-19,35.609693,139.719272,Hasu no hana,http://www.hasunohana.net/
港区,新橋５丁目,虎ノ門広域,東京都港区新橋5-19-15アド・タイヘイビル1f,35.663236,139.754210,いつき美術画廊,http://itsukiart.com/
港区,南青山５丁目,-,東京都港区南青山5-4-30,35.661765,139.714185,新生堂,http://www.shinseido.com
渋谷区,猿楽町,-,東京都渋谷区猿楽町22-1,35.649645,139.701217,JINKINOKO GALLERY,https://www.instagram.com/jinkinoko/
品川区,荏原４丁目,-,東京都品川区荏原4-6-7,35.613692,139.707249,same gallery,https://samegallery.com/
渋谷区,神宮前３丁目,-,東京都渋谷区神宮前3-7-6オン・サンデーズb1f,35.670739,139.713363,ライトシード・ギャラリー,https://onsundays.shopselect.net/
港区,南青山５丁目,-,東京都港区南青山5-17-6101,35.660666,139.714374,ビリケンギャラリー,http://www.billiken-shokai.co.jp/
品川区,東品川１丁目,-,東京都品川区東品川1-32-8terradaartcomplexii2f,35.619781,139.746320,TOKYO INTERNATIONAL GALLERY,https://tokyointernationalgallery.co.jp/ja/
千代田区,東神田１丁目,-,東京都千代田区東神田1-13-17森ビル1f,35.694023,139.781126,SAN-AI GALLERY + contemporary art,http://san-ai-gallery.com/
中央区,京橋３丁目,日八京,東京都中央区京橋3-3-4フジビルb1f,35.675583,139.768525,ギャラリー川船,https://kawafune.com/
渋谷区,神宮前４丁目,-,東京都渋谷区神宮前4-1-231f,35.668308,139.712811,OPA gallery･shop,http://opagallery.net/index.html
港区,麻布台３丁目,-,東京都港区麻布台3-5-5株式会社アトランティックカーズ内,35.660136,139.739958,Rikka Gallery,https://www.rikkagallery.com/
中央区,日本橋３丁目,日八京,東京都中央区日本橋3-1-6あいおいニッセイ同和損保八重洲ビル1f,35.680770,139.771957,UNPEL GALLERY（アンペルギャラリー）,https://unpel.gallery/
千代田区,神田神保町１丁目,-,東京都千代田区神田神保町1-8山田ビル7f,35.696208,139.758799,ギャラリーそうめい堂,https://www.soumei.biz/
渋谷区,神宮前３丁目,-,東京都渋谷区神宮前3-41-3,35.670887,139.713637,EUKARYOTE（ユーカリオ）,http://eukaryote.jp/
中央区,銀座７丁目,-,東京都中央区銀座7-7-2dnp銀座ビル1f/b1,35.669705,139.762569,ギンザ・グラフィック・ギャラリー,https://www.dnpfcp.jp/gallery/ggg/
品川区,東品川１丁目,-,東京都品川区東品川1-32-8terradaartcomplexii1f,35.619781,139.746320,YUKIKOMIZUTANI,https://yukikomizutani.com/japanese/
品川区,東品川１丁目,-,東京都品川区東品川1-32-8terradaartcomplexⅱ1f,35.619781,139.746320,MAKI（天王洲 II）,https://www.makigallery.com/ja/
中央区,銀座６丁目,-,東京都中央区銀座6-7-16第一岩月ビル3f,35.670523,139.762532,ヒロ画廊,https://www.hirogallery.com/
新宿区,大京町,-,東京都新宿区大京町12-92f,35.684213,139.717884,アートコンプレックスセンター,http://www.gallerycomplex.com
渋谷区,渋谷２丁目,-,東京都渋谷区渋谷2-21-1渋谷ヒカリエ8f,35.659124,139.703730,渋谷ヒカリエ 8/ d47 MUSEUM,http://www.hikarie8.com/d47museum/
港区,六本木７丁目,六本木,東京都港区六本木7-21-24102,35.663705,139.727950,nca | nichido contemporary art,http://www.nca-g.com
渋谷区,神宮前３丁目,-,東京都渋谷区神宮前3-30-10,35.672075,139.710035,NANZUKA UNDERGROUND,http://www.nug.jp
渋谷区,神宮前５丁目,-,東京都渋谷区神宮前5-36-6ケーリーマンション2c,35.664349,139.705790,UTRECHT / NOW IDeA,https://utrecht.jp/
渋谷区,神宮前１丁目,-,東京都渋谷区神宮前1-1-3,35.674158,139.707174,UltraSuperNew Gallery,http://gallery.ultrasupernew.com/
中央区,日本橋３丁目,日八京,東京都中央区日本橋3-2-9三晶ビルb1f,35.680281,139.771993,Sansiao Gallery,http://sansiao-gallery.com/
渋谷区,神宮前３丁目,-,東京都渋谷区神宮前3-21-6大崎ビル3f,35.670359,139.707887,THE blank GALLERY,http://www.the-blank-gallery.com/
港区,西麻布１丁目,-,東京都港区西麻布1-15-15浅井ビル1f,35.661739,139.723033,CALM & PUNK GALLERY,http://www.calmandpunk.com
中央区,銀座６丁目,-,東京都中央区銀座6-16-5銀座さ可井小川ビル7f,35.667719,139.766038,兜屋画廊,http://www.gallery-kabutoya.com/
品川区,東品川１丁目,-,東京都品川区東品川1-33-10terradaartcomplex1f,35.619175,139.746603,MAKI（天王洲）,https://www.makigallery.com/ja/
港区,東麻布２丁目,-,東京都港区東麻布2-14-8,35.657033,139.740525,Take Ninagawa,http://www.takeninagawa.com/
港区,台場２丁目,-,東京都港区台場2-6-1グランドニッコー東京台場3f,35.625144,139.771569,Gallery 21 （ギャラリー・ヴァンテアン）,http://www.gallery21-daiba.com/
港区,六本木６丁目,六本木,東京都港区六本木6-6-9ピラミデビル4f,35.661974,139.731214,TARO NASU,http://www.taronasugallery.com/
品川区,北品川６丁目,-,東京都品川区北品川6-2-10島津山ペアシティ201,35.626981,139.730762,gallery 201,http://gallery201.jimdo.com/
品川区,東五反田３丁目,-,東京都品川区東五反田3-17-41f,35.626249,139.728342,VOILLD（ボイルド）,http://www.voilld.com/
中央区,日本橋兜町,-,東京都中央区日本橋兜町9-7spcビル3f,35.681333,139.777602,SPC GALLERY,http://www.spc.ne.jp/
港区,南青山４丁目,-,東京都港区南青山4-24-4tkハウス001b1f,35.662771,139.718167,STEIN BOX（シュタインボックス）,https://www.facebook.com/STEINBOX/
渋谷区,代々木５丁目,-,東京都渋谷区代々木5-67-2前田ビル1f,35.670738,139.690786,51% Tokyo,https://www.5wari1bu.jp/
千代田区,丸の内２丁目,大丸有,東京都千代田区丸の内2,35.679700,139.763291,行幸地下ギャラリー,-
中央区,銀座８丁目,-,東京都中央区銀座8-4-25,35.669417,139.760236,吉井画廊,https://galerie-yoshii.com/
千代田区,有楽町２丁目,大丸有,東京都千代田区有楽町2-10-1東京交通会館b1f,35.675027,139.762962,ギャラリー玻瑠,https://www.kotsukaikan.co.jp/gallery_area/1109/
中央区,銀座８丁目,-,東京都中央区銀座8-2-110高速道路ビル,35.670016,139.759389,銀座アートホール,http://ginza-arthall.com/
中央区,銀座１丁目,-,東京都中央区銀座1-9-8奥野ビル3f,35.673740,139.768782,巷房,http://gallerykobo.web.fc2.com/kobo1.html
中央区,銀座１丁目,-,東京都中央区銀座1-9-8奥野ビルb1f,35.673740,139.768782,巷房階段下,http://gallerykobo.web.fc2.com/index.html
中央区,日本橋室町１丁目,日八京,東京都中央区日本橋室町1-4-1,35.685644,139.773421,日本橋三越本店 - 新館7階ギャラリー,http://mitsukoshi.mistore.jp/store/nihombashi/event/
中央区,京橋３丁目,日八京,東京都中央区京橋3-5-4吉井ビル3f,35.674986,139.769990,KEY Gallery,-
中央区,京橋３丁目,日八京,東京都中央区京橋3-5-4吉井ビル3f,35.674986,139.769990,青樺画廊,-
新宿区,歌舞伎町２丁目,-,東京都新宿区歌舞伎町2-46-5km新宿ビル9f,35.697564,139.700608,ギャルリー トラン・デュ・モンド,http://trains-du-monde.sakura.ne.jp/index.html
渋谷区,神宮前５丁目,-,東京都渋谷区神宮前5-6-5path表参道a棟1f,35.666031,139.708681,gallery de kasuga,https://www.gallerydekasuga.com/ja/
中央区,日本橋茅場町２丁目,-,東京都中央区日本橋茅場町2-17-13第2イノウエビル3f・4f,35.678932,139.781004,レクトヴァーソギャラリー / ギャラリースペースファクトリー,http://www.recto.co.jp/verso/
港区,六本木７丁目,六本木,東京都港区六本木7-8-9深作眼科ビル1f,35.664718,139.730207,Hideharu Fukasaku Gallery Roppongi,https://hfg-art.com/
港区,六本木６丁目,六本木,東京都港区六本木6-6-9ピラミデビル2f,35.661974,139.731214,Zen Foto Gallery,http://www.zen-foto.jp/
渋谷区,神宮前４丁目,-,東京都渋谷区神宮前4-5-4原宿エノモトビル1f,35.667666,139.711941,HBギャラリー,http://www.hbgallery.com/
港区,六本木７丁目,六本木,東京都港区六本木7-6-5六本木栄ビル3f,35.664467,139.728510,s+arts,https://www.splusarts.com/
港区,六本木６丁目,六本木,東京都港区六本木6-10-1六本木ヒルズ森タワーウェストウォーク3f,35.660597,139.728720,ROPPONGI HILLS A/D GALLERY,http://www.mori.art.museum/jp/shop/
千代田区,神田司町２丁目,-,東京都千代田区神田司町2-16-8楽道庵1f,35.693169,139.768274,TETOKA（手と花）,http://tetoka.jp/
中央区,銀座５丁目,-,東京都中央区銀座5-8-1銀座プレイス6階,35.671108,139.765401,ソニーイメージングギャラリー 銀座,http://www.sony.co.jp/united/imaging/gallery/
中央区,銀座６丁目,-,東京都中央区銀座6-13-7新保ビル3f,35.668865,139.764890,ギャルリー志門,http://g-simon.com/
中央区,銀座１丁目,-,東京都中央区銀座1-9-8奥野ビル502号,35.673740,139.768782,藍画廊,http://igallery.sakura.ne.jp/
新宿区,四谷４丁目,-,東京都新宿区四谷4-22第二富士川ビル1f,35.690239,139.716050,Totem Pole Photo Gallery,http://tppg.jp/
港区,六本木５丁目,六本木,東京都港区六本木5-17-1axisビル2f,35.661322,139.736532,タカ・イシイギャラリー フォトグラフィー / フィルム,http://www.takaishiigallery.com/
品川区,東品川１丁目,-,東京都品川区東品川1-32-8terradaartcomplexⅱ1f,35.619781,139.746320,KOTARO NUKAGA（天王洲）,https://www.kotaronukaga.com/
中央区,銀座８丁目,-,東京都中央区銀座8-6-25河北新報ビル5f,35.669200,139.761110,永井画廊,http://www.nagai-garou.com/
新宿区,四谷３丁目,-,東京都新宿区四谷3-12サワノボリビル9f,35.687613,139.719242,TS4312,http://www.ts4312r.com/
中央区,銀座１丁目,-,東京都中央区銀座1-13-4大和銀座一ビル6f,35.673353,139.769177,K's Gallery,http://ks-g.main.jp
港区,南青山３丁目,-,東京都港区南青山3-4-11ハヤカワビル1f,35.666844,139.717167,スペース・ユイ,http://spaceyui.com/
港区,西麻布３丁目,-,東京都港区西麻布3-24-19山王商会西麻布ビル1f-b1f,35.659385,139.723801,Gallery Ether（ギャラリーイーサ）,https://www.galleryether.com/
千代田区,丸の内２丁目,大丸有,東京都千代田区丸の内2-4-1丸の内ビルディング1f,35.681039,139.763771,H.P.FRANCE WINDOW GALLERY,http://hpgrpgallery.com/window/
渋谷区,神宮前２丁目,-,東京都渋谷区神宮前2-10-1サンデシカビル1f,35.673832,139.712401,TAKU SOMETANI GALLERY,http://takusometani.com
中央区,日本橋久松町,-,東京都中央区日本橋久松町4-12コスギビル4f,35.689996,139.783770,長亭GALLERY,https://www.changting-gallery.com/
中央区,日本橋浜町３丁目,-,東京都中央区日本橋浜町3-33-71f,35.685982,139.790228,マリーギャラリー,https://www.mariegallery.com/
千代田区,神田東松下町,-,東京都千代田区神田東松下町19興亜第1ビルb1・b2f,35.694504,139.773984,ファーブル8710,http://www.fabre8710.com/
中央区,八丁堀２丁目,-,東京都中央区八丁堀2-22-9宮地ビル2f,35.676328,139.777099,アート★アイガ,http://www.artaiga.com/
港区,六本木６丁目,六本木,東京都港区六本木6-6-9ピラミデビル4f,35.661974,139.731214,フィリップス東京,https://www.phillips.com/
中央区,勝どき２丁目,-,東京都中央区勝どき2-8-19近富ビル3f・3a/3b,35.659143,139.778857,@btf,https://www.shopbtf.com/
渋谷区,渋谷１丁目,-,東京都渋谷区渋谷1-23-16cocotib1f,35.662010,139.702638,DIESEL ART GALLERY,https://www.diesel.co.jp/ja/art-gallery/
渋谷区,神宮前５丁目,-,東京都渋谷区神宮前5-13-1アルス表参道,35.666425,139.707193,アルスギャラリー,http://www.a-s-o.jp/gallery/
中央区,銀座７丁目,-,東京都中央区銀座7-5-4毛利ビル5f,35.670245,139.761678,77 Gallery,http://www.77gallery.com/
中央区,銀座３丁目,-,東京都中央区銀座3-8-12ヤマトビルb1f,35.671412,139.767295,コバヤシ画廊,http://www.gallerykobayashi.jp/
中央区,銀座１丁目,-,東京都中央区銀座1-23-2ginza上野ビル1f,35.672302,139.771708,万画廊,http://www.yawoyorozu.com/
港区,北青山２丁目,-,東京都港区北青山2-12-23uビル1f,35.670069,139.715677,ギャラリー Jy（ギャラリージー）,https://www.instagram.com/gallery.jy/
中央区,日本橋茅場町１丁目,-,東京都中央区日本橋茅場町1-1-6小浦第一ビル2b,35.681344,139.780172,GALLERY YUKI-SIS,http://yuki-sis.com/
中央区,日本橋本町２丁目,日八京,東京都中央区日本橋本町2-6-13山三ビルb1f,35.687332,139.777010,タグチファインアート,http://www.taguchifineart.com/
新宿区,矢来町,-,東京都新宿区矢来町114,35.704085,139.734669,アユミギャラリー,http://www.ayumi-g.com
中央区,銀座１丁目,-,東京都中央区銀座1-9-8奥野ビル306号室,35.673740,139.768782,銀座奥野ビル306号室プロジェクト,https://room306project.tokyo/
中央区,銀座１丁目,-,東京都中央区銀座1-7-5小柳ビル9f,35.674636,139.768226,ギャラリー小柳,http://www.gallerykoyanagi.com
中央区,銀座１丁目,-,東京都中央区銀座1-22-13casaginza1f,35.672052,139.770769,YY ARTS,http://yyarts.co.jp/
港区,西麻布３丁目,-,東京都港区西麻布3-24-20霞町テラス6f,35.659511,139.723801,ア・ライトハウス・カナタ,https://lighthouse-kanata.com/
中央区,銀座５丁目,-,東京都中央区銀座5-3-12壹番館ビルディングb1f,35.671564,139.762530,思文閣銀座,https://www.shibunkaku.co.jp/
渋谷区,神宮前４丁目,-,東京都渋谷区神宮前4-2-19,35.666973,139.711571,ギャラリーニイク,https://gallery219.com
港区,南青山１丁目,-,東京都港区南青山1-26-4六本木ダイヤビル3f,35.666777,139.727299,ギャラリー・アートアンリミテッド,http://www.artunlimited.co.jp/
中央区,東日本橋２丁目,-,東京都中央区東日本橋2-1-6岩田屋ビル3f,35.691890,139.785147,CSデザインセンター,https://nakagawa.co.jp/showroom/
港区,南麻布２丁目,-,東京都港区南麻布2-8-17鳥海ビル1f,35.648397,139.735749,MYD Gallery,https://www.mydgallery.jp/
渋谷区,神宮前３丁目,-,東京都渋谷区神宮前3-20-9waveビル3f,35.669823,139.708146,SH GALLERY,https://www.shartproject.com/
港区,港南２丁目,-,東京都港区港南2-16-6キヤノンsタワー2f,35.625604,139.740131,オープンギャラリー1・2,http://cweb.canon.jp/gallery/schedule/shinagawa.html
港区,赤坂９丁目,六本木,東京都港区赤坂9-7-1ミッドタウン・タワー5f,35.666232,139.731305,東京ミッドタウン・デザインハブ,http://www.designhub.jp
渋谷区,神宮前６丁目,-,東京都渋谷区神宮前6-20-10rayardmiyashitaparksouth3f,35.662259,139.701902,SAI,http://www.saiart.jp/
港区,六本木６丁目,六本木,東京都港区六本木6-6-9ピラミデビル2f,35.661974,139.731214,KOTARO NUKAGA（六本木）,https://www.kotaronukaga.com/
千代田区,神田神保町２丁目,-,東京都千代田区神田神保町2-11-4メゾン・ド・ヴィレ神田神保町1f,35.695380,139.756320,AMMON TOKYO,http://www.ammon.co.jp/
渋谷区,神宮前２丁目,-,東京都渋谷区神宮前2-3-24,35.674011,139.712767,Popularity GALLERY & STUDIO,https://www.popularity.co.jp/
千代田区,丸の内３丁目,大丸有,東京都千代田区丸の内3-1-1国際ビル1f,35.676715,139.761215,CADAN有楽町,https://cadan.org/
港区,六本木６丁目,六本木,東京都港区六本木6-6-9ピラミデビル2f,35.661974,139.731214,Yutaka Kikutake Gallery,http://www.ykggallery.com/
渋谷区,神宮前３丁目,-,東京都渋谷区神宮前3-42-18,35.671538,139.714214,Up & Coming,https://upandcoming.tamabi.ac.jp/
港区,港南２丁目,-,東京都港区港南2-16-6キヤノンsタワー1f,35.625604,139.740131,キヤノンギャラリーS,http://cweb.canon.jp/gallery/schedule/shinagawa.html
中央区,京橋３丁目,日八京,東京都中央区京橋3-5-3京栄ビル1f,35.675033,139.769860,ギャルリー東京ユマニテ,https://g-tokyohumanite.com/
中央区,銀座１丁目,-,東京都中央区銀座1-4-9第一田村ビル3f,35.674948,139.766426,Oギャラリー,http://www4.big.or.jp/~ogallery/
新宿区,新宿３丁目,-,東京都新宿区新宿3-37-11安与ビルb2f,35.690572,139.701309,柿傳ギャラリー,http://www.kakiden.com/gallery
渋谷区,渋谷２丁目,-,東京都渋谷区渋谷2-24-12渋谷スクランブルスクエア14f,35.658464,139.702262,#NAME?,https://pls-art.com/art-gallery
渋谷区,神宮前３丁目,-,東京都渋谷区神宮前3-5-10,35.669282,139.711542,ギャラリー砂翁 & トモス,http://www.saohtomos.com
渋谷区,猿楽町,-,東京都渋谷区猿楽町29-18ヒルサイドテラスa棟,35.647397,139.701468,アートフロントギャラリー,http://www.artfrontgallery.com/
千代田区,丸の内３丁目,大丸有,東京都千代田区丸の内3-3-1新東京ビル1f紫野和久傳内,35.677160,139.762252,白 marunouchi,https://www.hakumarunouchi.com/
中央区,銀座５丁目,-,東京都中央区銀座5-5-9アベビル3階,35.671080,139.763421,ナカジマアート,http://www.nakajima-art.com/
渋谷区,神宮前４丁目,-,東京都渋谷区神宮前4-25-7コーポk103,35.669019,139.708103,GALLERY KTO 原宿,https://www.kto-gallery.com/
新宿区,歌舞伎町１丁目,-,東京都新宿区歌舞伎町1-12-42f,35.694933,139.702416,デカメロン,http://decameron.jp/
中央区,日本橋２丁目,日八京,東京都中央区日本橋2-4-1,35.680710,139.773433,日本橋髙島屋 6F / 美術画廊,http://www.takashimaya.co.jp/tokyo/event3/index.html
中央区,銀座３丁目,-,東京都中央区銀座3-7-20銀座日本料理会館2f,35.672288,139.767180,SASAI FINE ARTS（ササイファインアーツ）,https://sasaifinearts.com/
中央区,京橋３丁目,日八京,東京都中央区京橋3-9-9ウインド京橋ビル2f,35.674934,139.770779,ギャラリー檜 B・C,http://hinoki.main.jp/
渋谷区,桜丘町,-,東京都渋谷区桜丘町15-8高木ビル412号室,35.656001,139.701818,Room_412,http://room412.jp
中央区,京橋３丁目,日八京,東京都中央区京橋3-9-2宝国ビル4f,35.674956,139.771151,ギャラリー檜e・F,http://hinoki.main.jp/
港区,六本木６丁目,六本木,東京都港区六本木6-6-9ピラミデビル3f,35.661974,139.731214,SCAI PIRAMIDE,https://www.scaithebathhouse.com/ja/
港区,南青山５丁目,-,東京都港区南青山5-7-25ラ･フルール南青山2f,35.662871,139.712320,アニエスベー ギャラリー ブティック（agnès b. galerie boutique）,https://www.agnesb.co.jp
中央区,日本橋室町１丁目,日八京,東京都中央区日本橋室町1-4-1,35.685644,139.773421,MITSUKOSHI CONTEMPORARY GALLERY（三越コンテンポラリーギャラリー）,https://www.mitsukoshi.mistore.jp/nihombashi/shops/art/contemporary.html
渋谷区,恵比寿１丁目,-,東京都渋谷区恵比寿1-18-4nadiffa/p/a/r/t3f,35.647448,139.714351,MEM,http://mem-inc.jp/
千代田区,西神田２丁目,-,東京都千代田区西神田2-3-5千栄ビル1ｆ,35.698041,139.755076,Gallery mestalla (ギャラリーメスタージャ),http://www.gallerymestalla.co.jp/
江東区,白河４丁目,-,東京都江東区白河4-7-6白河和楽ビル1f,35.683595,139.809009,KANA KAWANISHI GALLERY,http://www.kanakawanishi.com/
中央区,京橋３丁目,日八京,東京都中央区京橋3-5-3京栄ビル2f,35.675033,139.769860,アートスペース羅針盤,http://www.rashin.net/
中央区,京橋２丁目,日八京,東京都中央区京橋2-11-11宝永ビル101,35.676335,139.771708,木之庄企畫,http://kinoshokikaku.jp/
港区,南麻布５丁目,-,東京都港区南麻布5-11-12togoビルb1f,35.653226,139.722914,エモン・フォトギャラリー,http://www.emoninc.com/
渋谷区,神宮前６丁目,-,東京都渋谷区神宮前6-7-11千春ビル2f103,35.667080,139.706113,ハラジュクゼット,https://harajukuz.com/
中央区,銀座８丁目,-,東京都中央区銀座8-8-192f,35.668542,139.761550,Wada Fine Arts,http://www.wadafinearts.com/
千代田区,永田町２丁目,赤坂,東京都千代田区永田町2-14-3赤坂東急プラザ2階,35.677276,139.737454,丸の内ギャラリー,http://www.marunouchigallery.com
千代田区,九段南２丁目,-,東京都千代田区九段南2-1-17パークマンション千鳥ヶ淵1f,35.691648,139.746762,ギャラリー册,http://www.satsu.jp/
港区,麻布台１丁目,虎ノ門,東京都港区麻布台1-1-20麻布台ユニハウス112,35.662320,139.739412,ウナックサロン,http://www.unac.co.jp/salon_currente.html
中央区,新川２丁目,-,東京都中央区新川2-7-1オリエンタルビルb1f,35.676259,139.780656,七針,http://www.ftftftf.com
渋谷区,代々木４丁目,-,東京都渋谷区代々木4-20-4,35.679564,139.691287,Shop and Gallery Tray,http://www.tray.jp
渋谷区,恵比寿２丁目,-,東京都渋谷区恵比寿2-3-6,35.647943,139.718215,ギャラリードゥポワソン,http://www.deuxpoissons.com
港区,南青山２丁目,-,東京都港区南青山2-5-17ポーラ青山ビルディング1f,35.671854,139.722814,ポーラ文化研究所 化粧文化ギャラリー,https://www.cosmetic-culture.po-holdings.co.jp/gallery/
中央区,京橋３丁目,日八京,東京都中央区京橋3-6-5,35.675340,139.770180,南天子画廊,http://www.nantenshi.com/
江東区,平野１丁目,-,東京都江東区平野1-7-9,35.678639,139.798799,清澄アートギャラリー,http://www.kiyosumi-ag.com/
中央区,銀座７丁目,-,東京都中央区銀座7-3-5ヒューリックg7ビル1f&b1f,35.670793,139.760911,泰明画廊,http://www.taimei-g.com/
港区,南青山２丁目,-,東京都港区南青山2-10-14aoyamaannex1f,35.671120,139.721477,画廊くにまつ青山,http://www.gka.tokyo/
中央区,銀座１丁目,-,東京都中央区銀座1-20-17川崎ブランドデザインビルヂング,35.673068,139.770564,MUSEE GINZA_KawasakiBrandDesign,http://kawasaki-brand-design.com/
渋谷区,恵比寿南２丁目,-,東京都渋谷区恵比寿南2-10-4artcubeebisb1f,35.643811,139.709177,弘重ギャラリー,http://hiroshige-gallery.com/
中央区,新富２丁目,-,東京都中央区新富2-2-6,35.671743,139.772686,ギャラリーオリム,http://galleryolym.com/
港区,高輪１丁目,-,東京都港区高輪1-7-11白金高輪ビル3f,35.642135,139.734855,room021 by ozi design works inc.,http://www.ozidesignworks.com/
中央区,京橋３丁目,日八京,東京都中央区京橋3-3-2,35.675758,139.768116,加島美術,http://www.kashima-arts.co.jp
中央区,銀座３丁目,-,"東京都中央区銀座3-5-16島田ビル2f,3f",35.672573,139.766117,青木画廊,https://www.facebook.com/AokiGallery/?locale=ja_JP
港区,元麻布２丁目,-,東京都港区元麻布2-3-30元麻布クレストビルb1f,35.653910,139.727163,Kaikai Kiki Gallery,http://gallery-kaikaikiki.com/
渋谷区,神宮前３丁目,-,東京都渋谷区神宮前3-20-18,35.670601,139.708240,デザインフェスタギャラリー原宿,http://www.designfestagallery.com/
渋谷区,神宮前４丁目,-,東京都渋谷区神宮前4-28-16tx101ビル3f,35.668642,139.706533,LOV-LAB (LOVELIES LABORATORY),https://6dokidoki.com/
中央区,日本橋茅場町１丁目,-,東京都中央区日本橋茅場町1-1-6小浦第一ビル1f,35.681344,139.780172,ベイスギャラリー,http://www.basegallery.com
千代田区,丸の内３丁目,大丸有,東京都千代田区丸の内3-4-1新国際ビル1f,35.676275,139.762210,エプサイトギャラリー（epSITE）,http://www.epson.jp/epsite/
江東区,平野３丁目,-,東京都江東区平野3-3-6,35.677557,139.805660,アンドーギャラリー,http://www.andogallery.co.jp
港区,六本木７丁目,六本木,東京都港区六本木7-3-251f,35.665830,139.727603,GALLERY SIDE 2,https://www.galleryside2.net/
港区,六本木６丁目,六本木,東京都港区六本木6-5-24complex6652f,35.661539,139.731043,シュウゴアーツ,http://www.shugoarts.com/
港区,六本木６丁目,六本木,東京都港区六本木6-6-9ピラミデビル3f,35.661974,139.731214,オオタファインアーツ,http://www.otafinearts.com/
港区,南青山５丁目,-,東京都港区南青山5-6-105610-館,35.663341,139.712190,Gallery 5610,http://www.deska.jp/
港区,南青山３丁目,-,東京都港区南青山3-16-141f,35.664401,139.714642,ヴォイドプラス,http://www.voidplus.jp
千代田区,東神田１丁目,-,東京都千代田区東神田1-7-10kiビル2f,35.694758,139.779316,バンビナート・ギャラリー,http://www.bambinart.jp/
港区,白金３丁目,-,東京都港区白金3-1-15白金アートコンプレックス4f,35.646807,139.729619,ロンドンギャラリー,http://www.londongallery.co.jp/
新宿区,舟町,-,東京都新宿区舟町9-21f,35.689918,139.720519,プリントギャラリー,https://www.printgallerytokyo.com/
港区,赤坂７丁目,赤坂,東京都港区赤坂7-3-38,35.673399,139.728297,カナダ大使館高円宮記念ギャラリー,https://www.international.gc.ca/country-pays/japan-japon/galerie-prince_takamado-gallery.aspx?lang=jpn
中央区,銀座１丁目,-,東京都中央区銀座1-9-8奥野ビルb1f,35.673740,139.768782,巷房 (2),http://gallerykobo.web.fc2.com/index.html
中央区,日本橋２丁目,日八京,東京都中央区日本橋2-10-8日本橋日光ビル9f,35.680889,139.774728,西村画廊,http://www.nishimura-gallery.com
新宿区,新宿２丁目,-,東京都新宿区新宿2-16-11-401,35.691448,139.708709,KULA PHOTO GALLERY,https://pg-web.net/
渋谷区,神宮前５丁目,-,東京都渋谷区神宮前5-53-70unハウス,35.662425,139.708263,UNギャラリー,-
港区,南青山４丁目,-,東京都港区南青山4-7-7,35.665992,139.719342,ギャラリー ＋ クック・ラボ como,http://www.comocomo.net/
千代田区,東神田１丁目,-,東京都千代田区東神田1-3-52f,35.693614,139.780355,Motus Fort,-
港区,海岸,-,東京都港区海岸1-15-1,35.653062,139.760654,YOKOTA TOKYO,https://yokotatokyo.com/
港区,白金台３丁目,-,東京都港区白金台3-3-1g&dアルケミックハウス2f,35.636568,139.728372,東京妙案GALLERY,http://www.tokyomyoangallery.com/
渋谷区,神宮前５丁目,-,東京都渋谷区神宮前5-7-5ルイ・ヴィトン表参道ビル7f,35.666507,139.709056,エスパス ルイ・ヴィトン東京,http://espacelouisvuittontokyo.com/
中央区,銀座７丁目,-,東京都中央区銀座7-3-15ぜん屋ビル1f,35.670453,139.760477,ギャラリー広田美術,http://www.hirota-b.co.jp/
渋谷区,神宮前４丁目,-,東京都渋谷区神宮前4-12-10表参道ヒルズ同潤館2f,35.667287,139.708616,ギャラリー同潤会,https://www.gallery-dojunkai.com/
中央区,銀座７丁目,-,東京都中央区銀座7-10-8第五太陽ビルb1f,35.668427,139.763221,シロタ画廊,https://shirotagallery.com/
千代田区,九段南３丁目,-,東京都千代田区九段南3-3-3ヨコヤマビル1f,35.691896,139.741792,ギャラリー キドプレス,http://www.kidopress.com/
品川区,東品川１丁目,-,"東京都品川区東品川1-33-10terradaartcomplex3f,5f",35.619175,139.746603,Takuro Someya Contemporary Art,http://tsca.jp/
渋谷区,神南１-１９-８立勤労福祉会館１f丁目,-,東京都渋谷区神南1-19-8渋谷区立勤労福祉会館1f,35.662524,139.699627,東京都渋谷公園通りギャラリー,http://inclusion-art.jp/
港区,西麻布２丁目,-,東京都港区西麻布2-7-5-5f,35.662234,139.721198,KANA KAWANISHI PHOTOGRAPHY,http://www.kanakawanishi.com/
江東区,常盤１丁目,-,東京都江東区常盤1-13-61f,35.685112,139.795682,HAGIWARA PROJECTS（ハギワラプロジェクツ）,http://www.hagiwaraprojects.com/
渋谷区,恵比寿南１丁目,-,東京都渋谷区恵比寿南1-12-2南ビル3f,35.645918,139.710065,LIBRAIRIE6 / シス書店,http://www.librairie6.com/
品川区,東品川１丁目,-,東京都品川区東品川1-32-8terradaartcomplexⅱ3f,35.619781,139.746320,THE ANZAI GALLERY,https://www.theanzaigallery.com/
渋谷区,神宮前５丁目,-,東京都渋谷区神宮前5-49-5rハウス,35.663296,139.709493,ピンポイントギャラリー,http://www.pinpointgallery.com/
中央区,京橋３丁目,日八京,東京都中央区京橋3-6-6エクスアートビル1f,35.675226,139.770385,Tokyo Institute of Photography,http://www.tip.or.jp/
港区,西麻布２丁目,-,東京都港区西麻布2-11-10霞町ビル3f,35.661638,139.722155,art gallery closet,http://www.gallery-closet.jp/
中央区,銀座６丁目,-,東京都中央区銀座6-5-11第15丸源ビル1階,35.670726,139.761644,シルクランド画廊,http://www.silkland.co.jp/
品川区,東品川１丁目,-,東京都品川区東品川1-32-8terradaartcomplexii2f,35.619781,139.746320,gallery UG Tennoz,http://gallery-ug.com/ja/
新宿区,下落合２丁目,-,東京都新宿区下落合2-5-151f,35.716906,139.701463,BaBaBa,https://bababa.jp/
港区,麻布台３丁目,-,東京都港区麻布台3-3-23和朗フラット四号館5号室,35.660080,139.737576,Egen Gallery,https://www.nomadica.jp/egengallery/
中央区,日本橋３丁目,日八京,東京都中央区日本橋3-8-6第二中央ビル4f,35.680220,139.773495,不忍画廊,http://www.shinobazu.com/
港区,六本木６丁目,六本木,東京都港区六本木6-4-1六本木ヒルズハリウッドビューティープラザ3f,35.661407,139.730038,ユミコチバアソシエイツ,http://www.ycassociates.co.jp/
港区,六本木５丁目,六本木,東京都港区六本木5-9-20,35.661699,139.732995,hiromiyoshii roppongi,http://www.hiromiyoshii.com/
渋谷区,神宮前６丁目,-,東京都渋谷区神宮前6-12-9,35.666175,139.704407,BLOCK HOUSE,http://blockhouse.jp/
中央区,銀座７丁目,-,東京都中央区銀座7-11-11長谷川ビル3f,35.668062,139.763141,十一月画廊,http://juichigatsu-g.com/
中央区,銀座３丁目,-,東京都中央区銀座3-13-17辰中ビル302石田法律事務所内,35.670541,139.769371,IG Photo Gallery,https://www.igpg.jp/
中央区,銀座６丁目,-,東京都中央区銀座6-13-4銀座s2ビル1f,35.669122,139.765228,ギャルリ・シェーヌ,https://galeriechene.com/jp/index.html
港区,北青山２丁目,-,東京都港区北青山2-7-26メゾン青山202,35.671647,139.717098,アート・ラボ・トーキョー,http://artlab-tokyo.com/
中央区,銀座４丁目,-,東京都中央区銀座4-13-3,35.669665,139.769112,Gallery MUMON,https://mumon.artcafe.co.jp/
新宿区,下落合２丁目,-,東京都新宿区下落合2-6-3102,35.716769,139.700122,Alt_Medium,http://altmedium.jp
渋谷区,松涛１丁目,-,東京都渋谷区松涛1­-28-­8biscuitビル,35.659451,139.694152,biscuit gallery,https://biscuitgallery.com/
渋谷区,恵比寿南１丁目,-,東京都渋谷区恵比寿南1-22-3,35.643325,139.711492,America-Bashi Gallery,http://AmericaBashiGallery.com/
中央区,銀座８丁目,-,東京都中央区銀座8-8-3東京銀座資生堂ビルb1f,35.668557,139.761894,資生堂ギャラリー,http://www.shiseido.co.jp/gallery/
中央区,京橋３丁目,日八京,東京都中央区京橋3-3-10第1下村ビル1f,35.675492,139.768433,ギャラリー椿 / GT2,http://www.gallery-tsubaki.net/tsubaki.html
新宿区,新宿１丁目,-,東京都新宿区新宿1-2-11近代ビル3f,35.687756,139.712675,Place M,http://www.placem.com/
新宿区,新宿３丁目,-,東京都新宿区新宿3-8-9新宿qビル4f,35.690644,139.706684,サードディストリクトギャラリー,http://www.3rddg.com/
江東区,新砂１丁目,-,東京都江東区新砂1-1-1竹中工務店東京本店1f,35.668150,139.819967,Gallery A4,http://www.a-quad.jp
港区,六本木６丁目,六本木,東京都港区六本木6-6-9ピラミデビル1f,35.661974,139.731214,ギャラリーペロタン東京,-
品川区,上大崎３丁目,-,東京都品川区上大崎3-1-1jr東急目黒ビル12f,35.632686,139.715751,PUBLICIS WALL GALLERY,https://www.pinterest.jp/publiciswallgallery/
新宿区,西五軒町,-,東京都新宿区西五軒町5-1エーワビル3f,35.706340,139.737541,スプラウト・キュレーション,http://sprout-curation.com/
渋谷区,宇田川町,-,東京都渋谷区宇田川町15-1渋谷パルコb1f,35.662048,139.698777,GALLERY X,https://art.parco.jp/galleryx/
渋谷区,神宮前２丁目,-,東京都渋谷区神宮前2-13-8アビターレ神宮前b-3,35.674514,139.711980,VIGLOWA,https://www.viglowa.co.jp/
港区,麻布十番２丁目,-,東京都港区麻布十番2-9-4,35.655118,139.734687,パレットギャラリー 麻布十番,http://palette-gallery.jp/
新宿区,西早稲田２丁目,-,東京都新宿区西早稲田2-3-1,35.707456,139.716404,早稲田スコットホールギャラリー,http://www.hoshien.or.jp/gallery/index.html
港区,南青山４丁目,-,東京都港区南青山4-23-61f,35.662522,139.717566,ノートンギャラリー,http://www.nortongallery.jp/
千代田区,神田東松下町,-,東京都千代田区神田東松下町19興亜第1ビル,35.694504,139.773984,"Right, there is nothing.",http://www.right-th.com/news.html
千代田区,外神田３丁目,-,"東京都千代田区外神田3-5-201f,3f",35.701689,139.769544,PARK GALLERY,https://park-tokyo.com/
渋谷区,桜丘町,-,東京都渋谷区桜丘町26-1セルリアンタワーb2f,35.656409,139.699354,GMO Gallery,http://gallery.gmo.jp/
港区,南青山３丁目,-,東京都港区南青山3-15-6ripplesquaredb1f,35.665122,139.715629,Art Salon SCÈNE,http://scenetokyo.com/
渋谷区,神宮前２丁目,-,東京都渋谷区神宮前2-33-12ビラビアンカ501,35.673500,139.708076,PROJECT 501,http://project501.tokyo
新宿区,西新宿６丁目,-,東京都新宿区西新宿6-6-2ヒルトン東京b1fヒルトピアショッピングアーケード内,35.692584,139.691189,フジギャラリー新宿,https://www.fuji-gs.jp/
新宿区,矢来町,-,東京都新宿区矢来町123第一矢来ビル1fかもめブックス内,35.704105,139.733476,"ondo kagurazaka, tokyo",http://kamomebooks.jp/
渋谷区,神宮前１丁目,-,東京都渋谷区神宮前1-12-6ドヒビル1f,35.669362,139.704618,SORAMA GALLERY,http://sorama.tokyo/gallery/
中央区,八重洲２丁目,日八京,東京都中央区八重洲2-8-10松岡八重洲ビル3f,35.676485,139.768191,T-BOX,http://www.tbox.co.jp/
港区,赤坂９丁目,六本木,東京都港区赤坂9-2-13,35.664671,139.730695,ninetytwo 13 gallery,https://tokyochapter.com/
渋谷区,代官山町,-,東京都渋谷区代官山町2−3bf,35.652609,139.705137,LAID BUG,http://laidbug.com/
渋谷区,東１丁目,-,東京都渋谷区東1-29-3shibuyabridgeb棟1f,35.653332,139.707123,CONNECT,https://www.instagram.com/cnct_space/
渋谷区,猿楽町,-,東京都渋谷区猿楽町12-82f,35.651079,139.702645,MONKEY GALLERY,http://monkeycafe.jp/
千代田区,外神田２丁目,-,東京都千代田区外神田2-19-14101,35.702044,139.766825,Gallery Bauhaus,http://www.gallery-bauhaus.com
渋谷区,恵比寿西１丁目,-,東京都渋谷区恵比寿西1-31-12fleg2f,35.647808,139.704956,(g) Good Design Company,http://www.gooddesigncompany.com
渋谷区,神宮前５丁目,-,東京都渋谷区神宮前5-9-25スクエア251f,35.666265,139.707739,Gallery Target,http://www.gallery-target.com/
中央区,日本橋堀留町２丁目,-,東京都中央区日本橋堀留町2-2-9asビル1f,35.688244,139.781054,人形町Vision's,http://www.visions.jp/
江東区,清澄２丁目,-,東京都江東区清澄2-6-12,35.681653,139.796879,ondo STAY&EXHIBITION,http://store.ondo-info.net/feature/5565/
港区,西麻布２丁目,-,東京都港区西麻布2-13-12早野ビル404,35.659952,139.723093,SNOW Contemporary,http://www.snowcontemporary.com/
中央区,銀座７丁目,-,東京都中央区銀座7-13-22磯部ビル2f,35.668223,139.764439,牧神画廊,http://pierota.co.jp/
渋谷区,神宮前６丁目,-,東京都渋谷区神宮前6-32-5ドルミ原宿201号,35.667834,139.704424,L'illustre Galerie LE MONDE（ル・モンド）,https://www.galerielemonde.com/
渋谷区,神宮前２丁目,-,東京都渋谷区神宮前2-30-28原宿ホームズ101,35.674715,139.708658,Gallery 38,http://www.gallery-38.com/
渋谷区,代々木４丁目,-,東京都渋谷区代々木4-54-7,35.678583,139.691147,Picaresque（ピカレスク）,https://picaresquejpn.com/
中央区,銀座５丁目,-,東京都中央区銀座5-5-15,35.671299,139.763368,養清堂画廊,https://www.yoseido.com/
新宿区,天神町,-,東京都新宿区天神町77-5ラスティックビルb101,35.705921,139.730806,Maki Fine Arts,http://www.makifinearts.com/jp/
千代田区,東神田１丁目,-,東京都千代田区東神田1-15-2ローズビル1f,35.694459,139.782082,KOKI ARTS,http://www.kokiarts.com/
新宿区,西新宿３丁目,-,東京都新宿区西新宿3-18-2-102,35.685035,139.687722,ケンジタキギャラリー,http://www.kenjitaki.com/
中央区,日本橋本町１丁目,日八京,東京都中央区日本橋本町1-7-9,35.686218,139.777609,Space2*3（スペース2バイ3）,http://kurum-art.com/index.html
千代田区,神田猿楽町２丁目,-,東京都千代田区神田猿楽町2-2-1澤田ビル202,35.698690,139.759043,The White,http://www.the-white-jp.com/
千代田区,西神田３丁目,-,東京都千代田区西神田3-8-5,35.698950,139.753251,nuisance galerie,https://www.facebook.com/nuisance.tokyo
中央区,銀座８丁目,-,東京都中央区銀座8-8-1第7セントラルビル8f,35.668650,139.761749,ギャラリー上田,http://gallery-ueda.com/
渋谷区,宇田川町,-,東京都渋谷区宇田川町21-1西武百貨店渋谷店b館8f,35.660911,139.699661,西武百貨店 渋谷店 美術画廊,https://www.sogo-seibu.jp/shibuya/
渋谷区,神宮前４丁目,-,東京都渋谷区神宮前4-23-2原宿テラス101,35.669242,139.709551,表参道 Overland Gallery,http://www.overlandhair.com/
新宿区,市谷田町３丁目,-,東京都新宿区市谷田町3-13神楽ビル2f,35.696714,139.739300,ミヅマアートギャラリー（市ヶ谷）,https://mizuma-art.co.jp/
中央区,新富１丁目,-,東京都中央区新富1-3-11銀座bldno.13f,35.673246,139.773702,GALERIE・SOL,https://www.galerie-sol.com/INFORMATION/INFORMATION.htm
中央区,銀座５丁目,-,東京都中央区銀座5-3-16,35.671915,139.762932,日動画廊,http://www.nichido-garo.co.jp/
中央区,銀座３丁目,-,東京都中央区銀座3-5-163f,35.672728,139.766034,和田画廊,http://www.wadagarou.com/
渋谷区,渋谷１丁目,-,東京都渋谷区渋谷1-16-14メトロプラザ1f,35.661488,139.702620,しぶや黒田陶苑,https://www.kurodatoen.co.jp/
港区,赤坂８丁目,赤坂,東京都港区赤坂8-8-10akasaka8ビル202,35.670491,139.729738,北井画廊,http://www.kitaikikaku.co.jp/gallery
江東区,清澄２丁目,-,東京都江東区清澄2-4-7,35.681383,139.795495,HARMAS GALLERY,http://harmas.fabre-design.com/
千代田区,九段南２丁目,-,東京都千代田区九段南2-2-8松岡九段ビルディング205,35.694328,139.747229,成山画廊,http://www.gallery-naruyama.com/
千代田区,神田紺屋町,-,東京都千代田区神田紺屋町46アルタビル6f,35.692995,139.772886,gallery N 神田社宅,http://www.f-g-n.jp/
渋谷区,恵比寿４丁目,-,東京都渋谷区恵比寿4-10-182f,35.645624,139.713730,Galerie Malle（ギャラリーまぁる）,http://galeriemalle.jp/
新宿区,早稲田鶴巻町,-,東京都新宿区早稲田鶴巻町574tsuru-11f,35.709332,139.727271,Gallery A,https://www.gallery-a.art/
港区,南麻布３丁目,-,東京都港区南麻布3-9-11パインコーストハイツ1f,35.650097,139.731084,MISA SHIN GALLERY,https://www.misashin.com/
渋谷区,神宮前４丁目,-,東京都渋谷区神宮前4-11-11,35.667117,139.709648,MAKI,https://www.makigallery.com/ja/
江東区,三好１丁目,-,東京都江東区三好1-4-16,35.679498,139.801031,ギャラリー・コピス,http://www.g-kopis.com
渋谷区,恵比寿南３丁目,-,東京都渋谷区恵比寿南3-7-171f,35.645722,139.703682,AL,http://www.al-tokyo.jp
渋谷区,神宮前６丁目,-,東京都渋谷区神宮前6-12-9blockhouse2f,35.666175,139.704407,HARUKAITO by island,http://islandjapan.com/
渋谷区,恵比寿南２丁目,-,東京都渋谷区恵比寿南2-8-13キョウデンビル2f,35.644646,139.708729,ギャラリー ここ,https://www.facebook.com/Gallerykoko/
中央区,日本橋大伝馬町,-,東京都中央区日本橋大伝馬町2-5石倉ビル3f,35.689390,139.777848,みうらじろうギャラリーbis,http://jiromiuragallery.com/bis.html
渋谷区,渋谷３丁目,-,東京都渋谷区渋谷3-16-3髙桑ビル3f〜6f,35.656167,139.705174,ギャラリー・ルデコ,http://www.ledeco.net/
渋谷区,宇田川町,-,東京都渋谷区宇田川町15-1渋谷parco2f,35.661905,139.698884,OIL by 美術手帖ギャラリー,https://oil-gallery.bijutsutecho.com/
中央区,銀座７丁目,-,東京都中央区銀座7-5-4,35.670245,139.761678,ギャルリーためなが,http://www.tamenaga.com/
渋谷区,神宮前５丁目,-,東京都渋谷区神宮前5-52-2青山オーバルビル2f,35.662702,139.709096,GoFa,http://www.gofa.co.jp/
品川区,東品川１丁目,-,東京都品川区東品川1-33-10terradaartcomplex5f,35.619175,139.746603,SCAI PARK（スカイパーク）,http://www.scaithebathhouse.com/park/ja/
中央区,銀座８丁目,-,東京都中央区銀座8-10-57f,35.667774,139.762374,東京画廊＋BTAP,http://www.tokyo-gallery.com/
渋谷区,神宮前３丁目,-,東京都渋谷区神宮前3-42-5サイオンビル1ｆ,35.670944,139.713836,トキ・アートスペース,http://tokiart.life.coocan.jp/
渋谷区,千駄ケ谷３丁目,-,東京都渋谷区千駄ケ谷3-12-14,35.678032,139.704860,GA gallery,http://www.ga-ada.co.jp/japanese/ga_gallery/gallery_info.html
中央区,日本橋大伝馬町,-,東京都中央区日本橋大伝馬町2-5石倉ビル4f,35.689390,139.777848,みうらじろうギャラリー,http://jiromiuragallery.com/
千代田区,神田錦町３丁目,-,東京都千代田区神田錦町3-18-3,35.693258,139.761414,見本帖本店,https://www.takeo.co.jp/finder/mihoncho/
中央区,京橋２丁目,日八京,東京都中央区京橋2-11-9西堀11-ビル2f,35.676187,139.771578,四季彩舎,http://www.shikisaisha.com/
中央区,銀座１丁目,-,東京都中央区銀座1-7-5銀座中央通りビル7階,35.674764,139.768081,ギャラリーゴトウ,http://www.gallery-goto.com
新宿区,新宿３丁目,-,東京都新宿区新宿3-32-6beamsjapan5f,35.690355,139.704028,Bギャラリー,https://www.beams.co.jp/
千代田区,東神田１丁目,-,東京都千代田区東神田1-14-11ヤマダビル1f,35.694240,139.782055,gallery UG Bakurocho,http://www.gallery-ug.com/
港区,西麻布３丁目,-,東京都港区西麻布3-13-15パロマプラザb2f,35.657178,139.724041,K-Gallery,-
中央区,銀座１丁目,-,東京都中央区銀座1-7-6銀座河合ビル1f,35.674482,139.768146,お仏壇のはせがわ 銀座本店,https://corp.hasegawa.jp/shop/ginza/
中央区,銀座１丁目,-,東京都中央区銀座1-14-12楠本第17ビル3f,35.673092,139.769471,ギャラリーQ,http://www.galleryq.info/
新宿区,新宿３丁目,-,東京都新宿区新宿3-1-32新宿ビル2号館5f,35.690797,139.705591,KEN NAKAHASHI,https://kennakahashi.net/
新宿区,南町,-,東京都新宿区南町6,35.698555,139.736915,√K Contemporary,https://root-k.jp/
新宿区,矢来町,-,東京都新宿区矢来町32−2,35.702985,139.730586,eitoeiko,http://eitoeiko.com/
港区,東麻布２丁目,-,東京都港区東麻布2-3-4tkbビル3f,35.657429,139.742872,PGI,http://www.pgi.ac/
中央区,日本橋茅場町１丁目,-,東京都中央区日本橋茅場町1-1-6小浦第一ビル2fc室,35.681344,139.780172,ARTDYNE,https://art-dyne.com/art/
港区,六本木６丁目,六本木,東京都港区六本木6-5-24complex6653f,35.661539,139.731043,タカ・イシイギャラリー,http://www.takaishiigallery.com/
渋谷区,松涛２丁目,-,東京都渋谷区松涛2-11-1,35.659618,139.690434,ギャラリー TOM,http://www.gallerytom.co.jp/
中央区,銀座２丁目,-,東京都中央区銀座2-16-12銀座大塚ビルb1,35.670890,139.770206,メグミオギタギャラリー,http://www.megumiogita.com
港区,六本木６丁目,六本木,東京都港区六本木6-2-6サンビル第32f,35.662012,139.730717,GALLERY MoMo Projects,http://www.gallery-momo.com/
中央区,銀座１丁目,-,東京都中央区銀座1-7-7ポーラ銀座ビル3f,35.674300,139.767878,ポーラ ミュージアム アネックス,http://www.po-holdings.co.jp/m-annex/
新宿区,新宿５丁目,-,東京都新宿区新宿5-18-11タナカビル101,35.694614,139.706262,新宿眼科画廊,http://www.gankagarou.com
中央区,京橋２丁目,日八京,東京都中央区京橋2-5-22キムラヤビル3f,35.676471,139.770250,スパンアートギャラリー,http://www.span-art.co.jp/
新宿区,新宿２丁目,-,東京都新宿区新宿2-16-11-401,35.6914484,139.7087088,photographers’ gallery,http://www.pg-web.net/
中央区,銀座３丁目,-,東京都中央区銀座3-9-7,35.6714486,139.7677142,キヤノンギャラリー 銀座,http://cweb.canon.jp/gallery/schedule/ginza.html
中央区,銀座８丁目,-,東京都中央区銀座8-10-7東成ビルb2f,35.6676487,139.7621013,ヴァニラ画廊,http://www.vanilla-gallery.com
中央区,銀座６丁目,-,東京都中央区銀座6-12-14銀緑館2f,35.6691371,139.7645491,銀座 黒田陶苑アネックス,https://kurodatouen.com/index_jp.html
中央区,京橋３丁目,日八京,東京都中央区京橋3-9-7京橋ポイントビル4f,35.67484,139.7709687,ギャラリイK,http://galleryk.la.coocan.jp/
千代田区,神田錦町３丁目,-,東京都千代田区神田錦町3-18ほぼ日神田ビル1f,35.6934399,139.7614029,TOBICHI東京,http://www.1101.com/tobichi/
中央区,日本橋茅場町１丁目,-,東京都中央区日本橋茅場町1-1-6小浦第一ビル2fa,35.6813442,139.7801718,ex-chamber museum,http://ex-chamber.seesaa.net/
新宿区,西新宿１丁目,-,東京都新宿区西新宿1-6-1新宿エルタワー28fニコンプラザ新宿内,35.6922806,139.6974213,ニコンプラザ東京,https://www.nikon-image.com/support/showroom/tokyo/event.html
港区,六本木７丁目,六本木,東京都港区六本木7-18-8岸田ビル2f,35.6621643,139.7292076,CLEAR GALLERY TOKYO,https://cleargallerytokyo.com/
中央区,銀座５丁目,-,東京都中央区銀座5-14-16銀座アビタシオン1f,35.6687386,139.7672247,靖山画廊,http://art-japan.jp/
中央区,銀座４丁目,-,東京都中央区銀座4-11-3ウインド銀座ビル5f,35.6727692,139.7651081,Art Gallery M84,http://artgallery-m84.com
新宿区,四谷４丁目,-,東京都新宿区四谷4-10メイプル花上2f,35.6882428,139.717686,ギャラリーニエプス,http://www.niepce-tokyo.net/
品川区,東品川１丁目,-,東京都品川区東品川1-32-8terradaartcomplexii2f,35.6197808,139.7463196,MU GALLERY,https://www.mugallery-tokyo.com/
江東区,白河３丁目,-,東京都江東区白河3-18-8第二杉田ビル1f,35.6831133,139.8044557,Satoko Oe Contemporary,https://satokooe.com/
港区,南青山２丁目,-,港区東京都南青山2-17-14,35.6690456,139.7202398,白白庵,http://www.pakupakuan.jp/
港区,北青山３丁目,-,東京都港区北青山3-5-9,35.6670726,139.7136062,ファーガス・マカフリー 東京,http://fergusmccaffrey.com/exhibitions/
中央区,銀座４丁目,-,東京都中央区銀座4-4-13琉映ビル4f,35.6720986,139.7647697,ギャラリー58,https://www.gallery-58.com/
渋谷区,渋谷２丁目,-,東京都渋谷区渋谷2-21-1渋谷ヒカリエ8f,35.6591239,139.7037298,"渋谷ヒカリエ 8/ CUBE 1, 2, 3",http://www.hikarie8.com/cube/
港区,赤坂６丁目,赤坂,東京都港区赤坂6-4-10赤坂zenビル2f,35.6701131,139.7347165,HULS GALLERY TOKYO,https://hulsgallerytokyo.com/
中央区,京橋３丁目,日八京,東京都中央区京橋3-4-2フォーチュンビル1f,35.6754458,139.7680244,ギャラリーなつか,http://gnatsuka.com/
