指標名,ミシュラン掲載レストラン,,,,,,,3つ星,特別な料理,
出典,ミシュランガイド東京 2024,,,,,,,2つ星,優れた料理,
年次,2024年,,,,,,,1つ星,高品質な料理,
URL,https://guide.michelin.com/jp/ja/tokyo-region/restaurants,,,,,,,ビブグルマン,価格以上の満足感が得られる料理,
備考,（2019年：318件、2020年：322件、2022年度：318件、2023年度：400件、2024年度：419件）,,,,,,,,,
,,,,,,,,,,
区,町丁,エリア,住所,緯度,経度,店舗名,カテゴリ,星数,価格帯,URL
渋谷区,神宮前６丁目,-,渋谷区神宮前 6-9-9,35.66714,139.70502,野田／Noda,現代風料理,-,¥¥¥¥,https://guide.michelin.com/jp/ja/tokyo-region/tokyo/restaurant/noda-1212852
中央区,日本橋箱崎町,-,中央区日本橋箱崎町 8-6,35.67908,139.78516,ル・ジャルダン・ド・カモ／Le Jardin de Kamo,フランス料理,-,¥¥¥,https://guide.michelin.com/jp/ja/tokyo-region/tokyo/restaurant/le-jardin-de-kamo
港区,南青山４丁目,-,港区南青山 4-3-23 2F,35.66609,139.72020,エーヴィック／EWIG,オーストリア料理,-,¥¥¥,https://guide.michelin.com/jp/ja/tokyo-region/tokyo/restaurant/ewig
新宿区,袋町,-,新宿区袋町 3-6 3F,35.70139,139.73856,鮨 大矢／Sushi Oya,寿司,-,¥¥¥¥,https://guide.michelin.com/jp/ja/tokyo-region/tokyo/restaurant/sushi-oya
港区,南麻布２丁目,-,港区南麻布 2-7-23,35.64733,139.73667,鮨 田中／Sushi Tanaka,寿司,-,¥¥¥,https://guide.michelin.com/jp/ja/tokyo-region/tokyo/restaurant/sushi-tanaka
新宿区,西早稲田２丁目,-,新宿区西早稲田 2-3-21,35.70683,139.71676,旧雨／Kyuu,中国料理,-,¥¥¥,https://guide.michelin.com/jp/ja/tokyo-region/tokyo/restaurant/kyuu
港区,赤坂３丁目,赤坂,港区赤坂 3-21-8 3F,35.67647,139.73618,赤坂 島袋／Akasaka Shimabukuro,日本料理,-,¥¥¥¥,https://guide.michelin.com/jp/ja/tokyo-region/tokyo/restaurant/akasaka-shimabukuro
港区,麻布十番３丁目,-,港区麻布十番 3-9-2 2F,35.65288,139.73422,フラグメント 麻布十番／fragment Azabujuban,イタリア料理,-,¥¥¥,https://guide.michelin.com/jp/ja/tokyo-region/tokyo/restaurant/fragment-azabujuban
港区,南麻布５丁目,-,港区南麻布 5-15-25 2F,35.65184,139.72247,レ シス／Les six,フランス料理,ビブグルマン,¥¥,https://guide.michelin.com/jp/ja/tokyo-region/tokyo/restaurant/les-six
港区,西麻布４丁目,-,港区西麻布 4-11-28 2F,35.65934,139.72251,氣分／KIBUN,現代風料理,-,¥¥¥,https://guide.michelin.com/jp/ja/tokyo-region/tokyo/restaurant/kibun
港区,白金３丁目,-,港区白金 3-2-3,35.64662,139.73129,白金 芯／Shirokane Shin,日本料理,-,¥¥¥,https://guide.michelin.com/jp/ja/tokyo-region/tokyo/restaurant/shirokane-shin
港区,白金６丁目,-,港区白金 6-16-41,35.64380,139.72290,山／Yama,クリエイティブ,1つ星,¥¥¥¥,https://guide.michelin.com/jp/ja/tokyo-region/tokyo/restaurant/yama-1214953
新宿区,荒木町,-,新宿区荒木町 7,35.68935,139.72225,鮨 てる／Sushi Teru,寿司,-,¥¥¥,https://guide.michelin.com/jp/ja/tokyo-region/tokyo/restaurant/sushi-teru
港区,虎ノ門３丁目,虎ノ門,港区虎ノ門 3-11-15,35.66511,139.74704,すきやき あさい／SUKIYAKI ASAI,すき焼,-,¥¥¥,https://guide.michelin.com/jp/ja/tokyo-region/tokyo/restaurant/sukiyaki-asai
中央区,銀座７丁目,-,中央区銀座 7-7-19 B1F,35.66965,139.76225,ロドラント ミノルナキジン／l'Odorante par Minoru Nakijin,フランス料理,-,¥¥¥,https://guide.michelin.com/jp/ja/tokyo-region/tokyo/restaurant/l-odorante-par-minoru-nakijin
品川区,大井１丁目,-,品川区大井 1-53-8,35.60452,139.73376,ブラッスリー ポワソンルージュ／BRASSERIE POISSON ROUGE,フランス料理,ビブグルマン,¥¥,https://guide.michelin.com/jp/ja/tokyo-region/tokyo/restaurant/brasserie-poisson-rouge
中央区,日本橋人形町２丁目,-,中央区日本橋人形町 2-10-11 7F,35.68564,139.78405,柳燕／Ryuen,日本料理,-,¥¥¥,https://guide.michelin.com/jp/ja/tokyo-region/tokyo/restaurant/ryuen
港区,虎ノ門２丁目,虎ノ門,港区虎ノ門 2-6-4 虎ノ門ヒルズ ステーションタワー 1F,35.66733,139.74731,ル・プリスティン 東京／LE PRISTINE TOKYO,"現代風料理, 現代風イタリア料理",-,¥¥¥,https://guide.michelin.com/jp/ja/tokyo-region/tokyo/restaurant/le-pristine-tokyo
渋谷区,松涛２丁目,-,渋谷区松濤 2-13-12,35.65921,139.69187,啓蟄／Keichitsu,"フランス料理, 現代風フランス料理",-,¥¥¥,https://guide.michelin.com/jp/ja/tokyo-region/tokyo/restaurant/keichitsu
渋谷区,神宮前５丁目,-,渋谷区神宮前 5-10-1 GYRE 4F,35.66739,139.70691,ボネラン／bonélan,フランス料理,-,¥¥,https://guide.michelin.com/jp/ja/tokyo-region/tokyo/restaurant/bonelan
港区,麻布台１丁目,虎ノ門,港区麻布台 1-2-3 麻布台ヒルズレジデンス A棟 2F,35.66225,139.74050,デプス ブリアンツァ／DepTH brianza,"イタリア料理, 現代風料理",-,¥¥¥,https://guide.michelin.com/jp/ja/tokyo-region/tokyo/restaurant/depth-brianza
新宿区,神楽坂４丁目,-,新宿区神楽坂 4-3 2F,35.70171,139.73982,鮓家一／Sushiya Hajime,寿司,-,¥¥¥,https://guide.michelin.com/jp/ja/tokyo-region/tokyo/restaurant/sushiya-hajime
港区,六本木７丁目,六本木,港区六本木 7-13-10,35.66373,139.73029,YAKITORI 燃es／YAKITORI Moe es,焼鳥,-,¥¥¥,https://guide.michelin.com/jp/ja/tokyo-region/tokyo/restaurant/yakitori-moe-es
新宿区,高田馬場１丁目,-,新宿区高田馬場 1-32-11 B1F,35.71081,139.70379,Fry家／Fry-ya,"とんかつ, 洋食",ビブグルマン,¥¥,https://guide.michelin.com/jp/ja/tokyo-region/tokyo/restaurant/fry-ya
中央区,銀座６丁目,-,中央区銀座 6-6-1 2F,35.67107,139.76261,現代茶寮 銀座凮月堂／Gendaisaryo Ginza Fugetsudo,フランス料理,-,¥¥¥,https://guide.michelin.com/jp/ja/tokyo-region/tokyo/restaurant/gendaisaryo-ginza-fugetsudo
千代田区,紀尾井町,赤坂,千代田区紀尾井町 4-1 ホテルニューオータニ東京 ザ・メイン ロビー階,35.68110,139.73402,トゥールダルジャン 東京／Tour D'argent Tokyo,フランス料理,1つ星,¥¥¥¥,https://guide.michelin.com/jp/ja/tokyo-region/tokyo/restaurant/tour-d-argent-1194082
渋谷区,広尾１丁目,-,渋谷区広尾 1-6-13,35.64876,139.71412,アムール／AMOUR,フランス料理,-,¥¥¥,https://guide.michelin.com/jp/ja/tokyo-region/tokyo/restaurant/amour
渋谷区,広尾５丁目,-,渋谷区広尾 5-4-16 EAT PLAY WORKS 2F,35.65069,139.72191,ル ビストロ デ ブル／le bistrot des bleus,フランス料理,ビブグルマン,¥¥,https://guide.michelin.com/jp/ja/tokyo-region/tokyo/restaurant/le-bistrot-des-bleus
中央区,築地１丁目,-,中央区築地 1-5-8,35.66993,139.77151,東京チャイニーズ 一凛／Tokyo Chinese Ichirin,中国料理,-,¥¥,https://guide.michelin.com/jp/ja/tokyo-region/tokyo/restaurant/tokyo-chinese-ichirin
港区,南青山３丁目,-,港区南青山 3-14-23,35.66517,139.71457,ラ・ロシェル 南青山／La Rochelle Minami Aoyama,フランス料理,-,¥¥¥,https://guide.michelin.com/jp/ja/tokyo-region/tokyo/restaurant/la-rochelle-minami-aoyama
港区,愛宕１丁目,虎ノ門,港区愛宕 1-1-1 虎ノ門ヒルズレジデンシャルタワー 1F,35.66599,139.74857,かんだ／Kanda,日本料理,3つ星,¥¥¥¥,https://guide.michelin.com/jp/ja/tokyo-region/tokyo/restaurant/kanda
渋谷区,広尾５丁目,-,渋谷区広尾 5-22-1,35.64857,139.71760,ポ・ブイユ／Pot-Bouille,フランス料理,ビブグルマン,¥¥,https://guide.michelin.com/jp/ja/tokyo-region/tokyo/restaurant/pot-bouille
品川区,東五反田３丁目,-,品川区東五反田 3-15-19,35.62601,139.72970,ヌキテパ／Ne Quittez pas,フランス料理,-,¥¥¥,https://guide.michelin.com/jp/ja/tokyo-region/tokyo/restaurant/ne-quittez-pas
港区,六本木３丁目,六本木,港区六本木 3-8-12,35.66319,139.73435,三宅 輝／Miyake Akira,日本料理,-,¥¥¥¥,https://guide.michelin.com/jp/ja/tokyo-region/tokyo/restaurant/miyake-akira
渋谷区,上原１丁目,-,渋谷区上原 1-32-5,35.66878,139.68075,ラ・ファソン 古賀／La façon Koga,フランス料理,-,¥¥¥,https://guide.michelin.com/jp/ja/tokyo-region/tokyo/restaurant/la-facon-koga
港区,赤坂５丁目,赤坂,港区赤坂 5-3-1 赤坂Bizタワー 2F,35.67305,139.73628,広東名菜 赤坂璃宮／Canton Meisai Akasaka Rikyu,中国料理,-,¥¥¥,https://guide.michelin.com/jp/ja/tokyo-region/tokyo/restaurant/canton-meisai-akasaka-rikyu
新宿区,舟町,-,新宿区舟町 15,35.69182,139.72153,すし処 志げる／Sushidokoro Shigeru,寿司,ビブグルマン,¥¥,https://guide.michelin.com/jp/ja/tokyo-region/tokyo/restaurant/sushidokoro-shigeru
港区,西麻布３丁目,-,港区西麻布 3-2-34 B1F,35.65944,139.72671,明寂／Myojaku,日本料理,2つ星,¥¥¥¥,https://guide.michelin.com/jp/ja/tokyo-region/tokyo/restaurant/myojaku
港区,西新橋２丁目,虎ノ門広域,港区西新橋 2-13-6,35.66683,139.75160,港式料理 鴻禧／Koshikiryori Koki,中国料理,1つ星,¥¥¥,https://guide.michelin.com/jp/ja/tokyo-region/tokyo/restaurant/koshikiryori-koki
中央区,銀座７丁目,-,中央区銀座 7-16-21,35.66714,139.76564,トワヴィサージュ／TROIS VISAGES,"フランス料理, 現代風料理",1つ星,¥¥¥,https://guide.michelin.com/jp/ja/tokyo-region/tokyo/restaurant/trois-visages
渋谷区,広尾５丁目,-,渋谷区広尾 5-19-1,35.64899,139.71946,飄香／Piao-Xiang,中国料理,1つ星,¥¥¥,https://guide.michelin.com/jp/ja/tokyo-region/tokyo/restaurant/piao-xiang
渋谷区,広尾５丁目,-,渋谷区広尾 5-19-1 2F,35.64899,139.71946,広尾 石阪／Hiroo Ishizaka,寿司,1つ星,¥¥¥,https://guide.michelin.com/jp/ja/tokyo-region/tokyo/restaurant/hiroo-ishizaka
新宿区,荒木町,-,新宿区荒木町 6-39,35.68924,139.72261,車力門 おの澤／Sharikimon Onozawa,日本料理,1つ星,¥¥¥¥,https://guide.michelin.com/jp/ja/tokyo-region/tokyo/restaurant/sharikimon-onozawa
千代田区,有楽町１丁目,大丸有,千代田区有楽町 1-8-1 ザ・ペニンシュラ東京 2F,35.67476,139.76047,ヘイフンテラス／Hei Fung Terrace,中国料理,-,¥¥¥,https://guide.michelin.com/jp/ja/tokyo-region/tokyo/restaurant/hei-fung-terrace
港区,麻布十番２丁目,-,港区麻布十番 2-7-2,35.65594,139.73356,麻布 かどわき／Azabu Kadowaki,日本料理,3つ星,¥¥¥¥,https://guide.michelin.com/jp/ja/tokyo-region/tokyo/restaurant/azabu-kadowaki
渋谷区,神宮前３丁目,-,渋谷区神宮前 3-1-25,35.66988,139.71387,ジュリア／JULIA,現代風料理,-,¥¥¥¥,https://guide.michelin.com/jp/ja/tokyo-region/tokyo/restaurant/julia-1209244
港区,白金１丁目,-,港区白金 1-1-12,35.64698,139.73183,ロッツォ シチリア／ROZZO SICILIA,イタリア料理,ビブグルマン,¥¥,https://guide.michelin.com/jp/ja/tokyo-region/tokyo/restaurant/rozzo-sicilia
渋谷区,恵比寿南１丁目,-,渋谷区恵比寿南 1-17-16 2F,35.64466,139.71029,すしさとる／Sushi Satoru,寿司,-,¥¥¥,https://guide.michelin.com/jp/ja/tokyo-region/tokyo/restaurant/sushi-satoru
渋谷区,神宮前３丁目,-,渋谷区神宮前 3-42-11,35.67182,139.71394,とんかつ 七井戸／Tonkatsu Nanaido,とんかつ,ビブグルマン,¥,https://guide.michelin.com/jp/ja/tokyo-region/tokyo/restaurant/tonkatsu-nanaido
渋谷区,代官山町,-,渋谷区代官山町 6-6,35.65182,139.70594,レクレルール／L’éclaireur,フランス料理,-,¥¥¥,https://guide.michelin.com/jp/ja/tokyo-region/tokyo/restaurant/l-eclaireur
渋谷区,神宮前５丁目,-,渋谷区神宮前 5-13-14,35.66625,139.70693,イェン／HYÈNE,現代風料理,-,¥¥¥,https://guide.michelin.com/jp/ja/tokyo-region/tokyo/restaurant/hyene
港区,六本木７丁目,六本木,港区六本木 7-10-3 2F,35.66466,139.72921,ブーケ・ド・フランス／Bouquet de France,フランス料理,-,¥¥¥,https://guide.michelin.com/jp/ja/tokyo-region/tokyo/restaurant/bouquet-de-france
中央区,湊３丁目,-,中央区湊 3-5-1,35.66982,139.77821,焼鳥 本田／Yakitori Honda,焼鳥,-,¥¥¥,https://guide.michelin.com/jp/ja/tokyo-region/tokyo/restaurant/yakitori-honda
渋谷区,広尾５丁目,-,渋谷区広尾 5-10-3,35.64951,139.72104,ハスオ／HASUO,韓国料理,-,¥¥,https://guide.michelin.com/jp/ja/tokyo-region/tokyo/restaurant/hasuo
港区,三田１丁目,-,港区三田 1-3-28,35.65450,139.74401,宮わき／Miyawaki,日本料理,-,¥¥¥,https://guide.michelin.com/jp/ja/tokyo-region/tokyo/restaurant/miyawaki
港区,新橋６丁目,虎ノ門広域,港区新橋 6-13-13,35.66195,139.75366,天ぷら かき揚げ 之村／Tempura Kakiage Yukimura,天ぷら,ビブグルマン,¥,https://guide.michelin.com/jp/ja/tokyo-region/tokyo/restaurant/tempura-kakiage-yukimura
中央区,東日本橋３丁目,-,中央区東日本橋 3-1-3,35.69031,139.78270,鮨 一條／Sushi Ichijo,寿司,1つ星,¥¥¥,https://guide.michelin.com/jp/ja/tokyo-region/tokyo/restaurant/sushi-ichijo
渋谷区,神宮前５丁目,-,渋谷区神宮前 5-10-1 GYRE 4F,35.66739,139.70691,レラン／l'élan,フランス料理,1つ星,¥¥¥,https://guide.michelin.com/jp/ja/tokyo-region/tokyo/restaurant/l-elan
中央区,銀座３丁目,-,中央区銀座 3-12-5,35.67083,139.76919,イバイア／IBAIA,フランス料理,-,¥¥,https://guide.michelin.com/jp/ja/tokyo-region/tokyo/restaurant/ibaia
港区,南青山４丁目,-,港区南青山 4-26-12 B1F,35.66220,139.71832,割烹 隆／Kappo Ryu,日本料理,-,¥¥¥,https://guide.michelin.com/jp/ja/tokyo-region/tokyo/restaurant/kappo-ryu
港区,西麻布２丁目,-,港区西麻布 2-14-5,35.66001,139.72275,おそばの甲賀／Osobano Kouga,蕎麦,ビブグルマン,¥,https://guide.michelin.com/jp/ja/tokyo-region/tokyo/restaurant/osobano-kouga
渋谷区,代々木３丁目,-,渋谷区代々木 3-37-1,35.68185,139.69339,キノシタ／Kinoshita,フランス料理,ビブグルマン,¥¥,https://guide.michelin.com/jp/ja/tokyo-region/tokyo/restaurant/kinoshita-1197753
渋谷区,神宮前５丁目,-,渋谷区神宮前 5-46-7 B1F,35.66393,139.70894,デンクシフロリ／DEN KUSHI FLORI,現代風料理,-,¥¥¥,https://guide.michelin.com/jp/ja/tokyo-region/tokyo/restaurant/den-kushi-flori
港区,麻布十番２丁目,-,港区麻布十番 2-8-7 2F,35.65553,139.73474,立喰 鮨となり／Tachigui Sushi Tonari,寿司,ビブグルマン,¥¥,https://guide.michelin.com/jp/ja/tokyo-region/tokyo/restaurant/tachigui-sushi-tonari
渋谷区,西原２丁目,-,渋谷区西原 2-17-3,35.67316,139.67878,茂幸／Shigeyuki,日本料理,1つ星,¥¥¥,https://guide.michelin.com/jp/ja/tokyo-region/tokyo/restaurant/shigeyuki
中央区,日本橋人形町２丁目,-,中央区日本橋人形町 2-9-7,35.68606,139.78404,天ぷら やぐち／Tempura Yaguchi,天ぷら,1つ星,¥¥¥¥,https://guide.michelin.com/jp/ja/tokyo-region/tokyo/restaurant/tempura-yaguchi
千代田区,大手町１丁目,大丸有,千代田区大手町 1-2-1 フォーシーズンズホテル東京大手町 39F,35.68773,139.76329,エスト／est,"フランス料理, 現代風料理",1つ星,¥¥¥¥,https://guide.michelin.com/jp/ja/tokyo-region/tokyo/restaurant/est
中央区,日本橋室町１丁目,日八京,中央区日本橋室町 1-9-4 B1F,35.68509,139.77556,ラ ペ／La Paix,フランス料理,1つ星,¥¥¥,https://guide.michelin.com/jp/ja/tokyo-region/tokyo/restaurant/la-paix-1194221
港区,南青山６丁目,-,港区南青山 6-4-6,35.66152,139.71641,プリズマ／PRISMA,イタリア料理,2つ星,¥¥¥¥,https://guide.michelin.com/jp/ja/tokyo-region/tokyo/restaurant/prisma-1194160
港区,南麻布５丁目,-,港区南麻布 5-1-5,35.65579,139.72299,分とく山／Waketokuyama,日本料理,1つ星,¥¥¥,https://guide.michelin.com/jp/ja/tokyo-region/tokyo/restaurant/waketokuyama
中央区,新富１丁目,-,中央区新富 1-8-2,35.67291,139.77448,鮨 はしもと／Sushi Hashimoto,寿司,1つ星,¥¥¥¥,https://guide.michelin.com/jp/ja/tokyo-region/tokyo/restaurant/sushi-hashimoto
新宿区,荒木町,-,新宿区荒木町 10-14,35.68953,139.72258,燗コーヒー 藤々／Kan Coffee Fujifuji,居酒屋,-,¥¥,https://guide.michelin.com/jp/ja/tokyo-region/tokyo/restaurant/kan-coffee-fujifuji
渋谷区,神宮前５丁目,-,渋谷区神宮前 5-23-3,35.66448,139.70469,玉笑／Tamawarai,蕎麦,-,¥¥¥,https://guide.michelin.com/jp/ja/tokyo-region/tokyo/restaurant/tamawarai
新宿区,高田馬場２丁目,-,新宿区高田馬場 2-9-12,35.71212,139.70794,ラミティエ／L'AMITIE,フランス料理,ビブグルマン,¥¥,https://guide.michelin.com/jp/ja/tokyo-region/tokyo/restaurant/l-amitie-1194223
中央区,銀座３丁目,-,中央区銀座 3-5-3 10F,35.67300,139.76653,ベージュ アラン・デュカス／BEIGE Alain Ducasse,フランス料理,1つ星,¥¥¥,https://guide.michelin.com/jp/ja/tokyo-region/tokyo/restaurant/beige-alain-ducasse
渋谷区,元代々木町,-,渋谷区元代々木町 10-8,35.67017,139.68443,レイ／REI,中国料理,ビブグルマン,¥¥,https://guide.michelin.com/jp/ja/tokyo-region/tokyo/restaurant/rei
中央区,日本橋人形町２丁目,-,中央区日本橋人形町 2-22-11,35.68626,139.78451,日本橋 蕎ノ字／Nihombashi Sonoji,天ぷら,1つ星,¥¥¥¥,https://guide.michelin.com/jp/ja/tokyo-region/tokyo/restaurant/nihombashi-sonoji
中央区,銀座８丁目,-,中央区銀座 8-8-3 10F,35.66856,139.76189,ファロ／FARO,イタリア料理,1つ星,¥¥¥,https://guide.michelin.com/jp/ja/tokyo-region/tokyo/restaurant/faro-1194154
港区,三田２丁目,-,港区三田 2-17-29 B1F,35.64744,139.74016,晴山／Seizan,日本料理,2つ星,¥¥¥¥,https://guide.michelin.com/jp/ja/tokyo-region/tokyo/restaurant/seizan
中央区,銀座５丁目,-,中央区銀座 5-5-13 9F,35.67112,139.76308,てんぷら 近藤／Tempura Kondo,天ぷら,2つ星,¥¥¥,https://guide.michelin.com/jp/ja/tokyo-region/tokyo/restaurant/tempura-kondo
中央区,日本橋室町２丁目,日八京,中央区日本橋室町 2-1-1 マンダリン オリエンタル 東京 37F,35.68705,139.77306,センス／Sense,中国料理,-,¥¥¥,https://guide.michelin.com/jp/ja/tokyo-region/tokyo/restaurant/sense-1194023
港区,西麻布２丁目,-,港区西麻布 2-16-1,35.66192,139.72042,壽修／Jushu,日本料理,1つ星,¥¥¥,https://guide.michelin.com/jp/ja/tokyo-region/tokyo/restaurant/jushu
中央区,京橋２丁目,日八京,中央区京橋 2-5-2,35.67646,139.77046,京橋 てんぷら 深町／Kyobashi Tempura Fukamachi,天ぷら,1つ星,¥¥¥,https://guide.michelin.com/jp/ja/tokyo-region/tokyo/restaurant/kyobashi-tempura-fukamachi
中央区,築地６丁目,-,中央区築地 6-6-4,35.66551,139.77366,鮨 桂太／Sushi Keita,寿司,1つ星,¥¥¥,https://guide.michelin.com/jp/ja/tokyo-region/tokyo/restaurant/sushi-keita
千代田区,丸の内１丁目,大丸有,千代田区丸の内 1-1-1 パレスホテル東京 6F,35.68450,139.76123,エステール by アラン・デュカス／ESTERRE by Alain Ducasse,フランス料理,1つ星,¥¥¥,https://guide.michelin.com/jp/ja/tokyo-region/tokyo/restaurant/esterre
新宿区,荒木町,-,新宿区荒木町 1 2F,35.68969,139.72241,懐石 大原／Kaiseki Ohara,日本料理,-,¥¥¥,https://guide.michelin.com/jp/ja/tokyo-region/tokyo/restaurant/kaiseki-ohara
渋谷区,東４丁目,-,渋谷区東 4-6-5 3F,35.65643,139.71385,熟成鮨 万／Jukuseizushi Yorozu,寿司,1つ星,¥¥¥¥,https://guide.michelin.com/jp/ja/tokyo-region/tokyo/restaurant/jukuseizushi-yorozu
中央区,銀座７丁目,-,中央区銀座 7-5-4 2F,35.67024,139.76168,銀座 とよだ／Ginza Toyoda,日本料理,1つ星,¥¥¥¥,https://guide.michelin.com/jp/ja/tokyo-region/tokyo/restaurant/ginza-toyoda
渋谷区,富ヶ谷１丁目,-,渋谷区富ヶ谷 1-3-12 3F,35.66929,139.68906,静流／Shizuru,日本料理,-,¥¥,https://guide.michelin.com/jp/ja/tokyo-region/tokyo/restaurant/shizuru
港区,西麻布３丁目,-,港区西麻布 3-3-1,35.65832,139.72729,ル・ブルギニオン／LE BOURGUIGNON,フランス料理,-,¥¥¥,https://guide.michelin.com/jp/ja/tokyo-region/tokyo/restaurant/le-bourguignon
渋谷区,元代々木町,-,渋谷区元代々木町 8-8,35.67015,139.68534,ル・キャバレ／Le cabaret,フランス料理,ビブグルマン,¥¥,https://guide.michelin.com/jp/ja/tokyo-region/tokyo/restaurant/le-cabaret-1194236
港区,西麻布１丁目,-,港区西麻布 1-2-14 B1F,35.66097,139.72663,マ・キュイジーヌ／Ma Cuisine,フランス料理,ビブグルマン,¥¥,https://guide.michelin.com/jp/ja/tokyo-region/tokyo/restaurant/ma-cuisine-1194175
渋谷区,恵比寿西２丁目,-,渋谷区恵比寿西 2-17-13,35.64906,139.70541,サンプリシテ／Simplicité,フランス料理,1つ星,¥¥¥,https://guide.michelin.com/jp/ja/tokyo-region/tokyo/restaurant/simplicite
中央区,銀座５丁目,-,中央区銀座 5-5-4 10F,35.67168,139.76397,アルマーニ リストランテ／ARMANI / RISTORANTE,"イタリア料理, 現代風料理",-,¥¥¥,https://guide.michelin.com/jp/ja/tokyo-region/tokyo/restaurant/armani-ristorante-1195701
中央区,銀座５丁目,-,中央区銀座 5-14-14 9F,35.66857,139.76691,薪焼 銀座おのでら／MAKIYAKI GINZA ONODERA,フランス料理,1つ星,¥¥¥¥,https://guide.michelin.com/jp/ja/tokyo-region/tokyo/restaurant/makiyaki-ginza-onodera
新宿区,荒木町,-,新宿区荒木町 15 2F,35.69108,139.72470,津の守坂 小柴／Tsunokamizaka Koshiba,日本料理,-,¥¥¥,https://guide.michelin.com/jp/ja/tokyo-region/tokyo/restaurant/tsunokamizaka-koshiba
中央区,銀座３丁目,-,中央区銀座 3-11-6 2F,35.67085,139.76881,時喰み／Tokihami,居酒屋,-,¥¥,https://guide.michelin.com/jp/ja/tokyo-region/tokyo/restaurant/tokihami
中央区,銀座５丁目,-,中央区銀座 5-1-8 B1F,35.67202,139.76180,レ・コパン ドゥ ドミニク・ブシェ／Les Copains de DOMINIQUE BOUCHET,フランス料理,ビブグルマン,¥¥,https://guide.michelin.com/jp/ja/tokyo-region/tokyo/restaurant/les-copains-de-dominique-bouchet
千代田区,霞が関３丁目,虎ノ門広域,千代田区霞が関 3-2-6 東京倶楽部ビルディング 2F,35.67064,139.74660,ラルジャン／L'ARGENT,フランス料理,1つ星,¥¥¥,https://guide.michelin.com/jp/ja/tokyo-region/tokyo/restaurant/l-argent
品川区,小山６丁目,-,品川区小山 6-7-6,35.61456,139.69998,ネリザ／nerisa,イタリア料理,-,¥¥,https://guide.michelin.com/jp/ja/tokyo-region/tokyo/restaurant/nerisa
港区,西麻布１丁目,-,港区西麻布 1-11-10,35.66034,139.72427,タクミ／Takumi,フランス料理,-,¥¥¥,https://guide.michelin.com/jp/ja/tokyo-region/tokyo/restaurant/takumi
渋谷区,恵比寿西２丁目,-,渋谷区恵比寿西 2-7-2,35.65036,139.70722,ル・コック／Le Coq,フランス料理,-,¥¥¥,https://guide.michelin.com/jp/ja/tokyo-region/tokyo/restaurant/le-coq
中央区,日本橋兜町,-,中央区日本橋兜町 1-4,35.68039,139.77904,アサヒナガストロノーム／ASAHINA Gastronome,フランス料理,2つ星,¥¥¥¥,https://guide.michelin.com/jp/ja/tokyo-region/tokyo/restaurant/asahina-gastronome
渋谷区,富ヶ谷１丁目,-,渋谷区富ヶ谷 1-51-10,35.66863,139.68907,クリスチアノ／Cristiano's,ポルトガル料理,ビブグルマン,¥¥,https://guide.michelin.com/jp/ja/tokyo-region/tokyo/restaurant/cristiano-s
中央区,銀座２丁目,-,中央区銀座 2-6-5 12F,35.67369,139.76716,アロマフレスカ／Aroma Fresca,イタリア料理,1つ星,¥¥¥,https://guide.michelin.com/jp/ja/tokyo-region/tokyo/restaurant/aroma-fresca
新宿区,荒木町,-,新宿区荒木町 10,35.68990,139.72262,荒木町 たつや／Arakicho Tatsuya,日本料理,-,¥¥¥,https://guide.michelin.com/jp/ja/tokyo-region/tokyo/restaurant/arakicho-tatsuya
渋谷区,神山町,-,渋谷区神山町 11-10 B1F,35.66308,139.69454,すし 光琳／SUSHI KOURIN,寿司,ビブグルマン,¥¥,https://guide.michelin.com/jp/ja/tokyo-region/tokyo/restaurant/sushi-kourin
中央区,銀座４丁目,-,中央区銀座 4-2-15 B1F,35.67263,139.76402,バードランド／BIRD LAND,焼鳥,-,¥¥,https://guide.michelin.com/jp/ja/tokyo-region/tokyo/restaurant/bird-land
渋谷区,恵比寿西２丁目,-,渋谷区恵比寿西 2-8-11 3F,35.64953,139.70756,天ぷら 元吉／Tempura Motoyoshi,天ぷら,2つ星,¥¥¥¥,https://guide.michelin.com/jp/ja/tokyo-region/tokyo/restaurant/tempura-motoyoshi
千代田区,丸の内１丁目,大丸有,千代田区丸の内 1-3-4 丸の内テラス 10F,35.68435,139.76404,アッパー／THE UPPER,フランス料理,-,¥¥,https://guide.michelin.com/jp/ja/tokyo-region/tokyo/restaurant/the-upper
新宿区,新宿２丁目,-,新宿区新宿 2-4-1,35.68877,139.70826,SOBAHOUSE 金色不如帰／SOBAHOUSE KONJIKI HOTOTOGISU,ラーメン,ビブグルマン,¥,https://guide.michelin.com/jp/ja/tokyo-region/tokyo/restaurant/sobahouse-konjikihototogisu
港区,南青山５丁目,-,港区南青山 5-4-30,35.66176,139.71418,宮坂／Miyasaka,日本料理,1つ星,¥¥¥¥,https://guide.michelin.com/jp/ja/tokyo-region/tokyo/restaurant/miyasaka
新宿区,神楽坂３丁目,-,新宿区神楽坂 3-5-5,35.70081,139.74085,虎白／Kohaku,日本料理,3つ星,¥¥¥¥,https://guide.michelin.com/jp/ja/tokyo-region/tokyo/restaurant/kohaku
港区,六本木６丁目,六本木,港区六本木 6-12-3 六本木ヒルズレジデンス C棟 3F,35.65889,139.73015,ラ・ブリアンツァ／La Brianza,イタリア料理,-,¥¥,https://guide.michelin.com/jp/ja/tokyo-region/tokyo/restaurant/la-brianza
中央区,銀座８丁目,-,中央区銀座 8-7-19 3F,35.66851,139.76101,御料理 かつ志／Oryori Katsushi,日本料理,-,¥¥¥,https://guide.michelin.com/jp/ja/tokyo-region/tokyo/restaurant/oryori-katsushi
渋谷区,猿楽町,-,渋谷区猿楽町 2-5,35.65299,139.70483,アタ／Äta,フランス料理,-,¥¥,https://guide.michelin.com/jp/ja/tokyo-region/tokyo/restaurant/ata
中央区,銀座５丁目,-,中央区銀座 5-6-10 4F,35.67074,139.76365,喰善 あべ／Shokuzen Abe,日本料理,1つ星,¥¥¥,https://guide.michelin.com/jp/ja/tokyo-region/tokyo/restaurant/shokuzen-abe
港区,南麻布２丁目,-,港区南麻布 2-5-21,35.65000,139.73711,タストゥー／T'astous,フランス料理,ビブグルマン,¥¥,https://guide.michelin.com/jp/ja/tokyo-region/tokyo/restaurant/t-astous
中央区,築地３丁目,-,中央区築地 3-16-9 B1F,35.66635,139.77125,清壽／Seiju,天ぷら,1つ星,¥¥¥¥,https://guide.michelin.com/jp/ja/tokyo-region/tokyo/restaurant/seiju
新宿区,袋町,-,新宿区袋町 3-4,35.70117,139.73863,神楽坂 まる富／Kagurazaka Marutomi,日本料理,-,¥¥¥,https://guide.michelin.com/jp/ja/tokyo-region/tokyo/restaurant/akebonobashi-marutomi
渋谷区,神宮前５丁目,-,渋谷区神宮前 5-51-8 ラ・ポルト青山 10F,35.66291,139.70947,ブノワ／Benoit,フランス料理,-,¥¥¥,https://guide.michelin.com/jp/ja/tokyo-region/tokyo/restaurant/benoit-1207988
中央区,銀座１丁目,-,中央区銀座 1-27-8,35.67272,139.77206,ビストロ・シンバ／bistro simba,フランス料理,-,¥¥,https://guide.michelin.com/jp/ja/tokyo-region/tokyo/restaurant/bistro-simba
品川区,南大井６丁目,-,品川区南大井 6-11-10,35.59081,139.73279,Homemade Ramen 麦苗／Homemade Ramen Muginae,ラーメン,ビブグルマン,¥,https://guide.michelin.com/jp/ja/tokyo-region/tokyo/restaurant/homemade-ramen-muginae
港区,西麻布４丁目,-,港区西麻布 4-11-25 2F,35.65922,139.72234,常／Towa,日本料理,1つ星,¥¥¥¥,https://guide.michelin.com/jp/ja/tokyo-region/tokyo/restaurant/towa
中央区,日本橋２丁目,日八京,中央区日本橋 2-10-11 6F,35.68098,139.77461,天ぷら 浅沼／Tempura Asanuma,天ぷら,-,¥¥¥,https://guide.michelin.com/jp/ja/tokyo-region/tokyo/restaurant/tempura-asanuma
品川区,上大崎３丁目,-,品川区上大崎 3-3-4,35.63394,139.71806,やきとり 阿部／Yakitori Abe,焼鳥,ビブグルマン,¥¥,https://guide.michelin.com/jp/ja/tokyo-region/tokyo/restaurant/yakitori-abe
港区,六本木１丁目,虎ノ門,港区六本木 1-9-10 アークヒルズ仙石山森タワー 1F,35.66341,139.74180,ローブ／L'aube,フランス料理,1つ星,¥¥¥,https://guide.michelin.com/jp/ja/tokyo-region/tokyo/restaurant/l-aube
江東区,東陽１丁目,-,江東区東陽 1-11-3,35.66849,139.81033,コンメディア／commedia,イタリア料理,-,¥¥¥,https://guide.michelin.com/jp/ja/tokyo-region/tokyo/restaurant/commedia
渋谷区,代々木２丁目,-,渋谷区代々木 2-6-5,35.68795,139.69891,鳥茂／Torishige,豚肉料理,ビブグルマン,¥¥,https://guide.michelin.com/jp/ja/tokyo-region/tokyo/restaurant/torishige
千代田区,大手町１丁目,大丸有,千代田区大手町 1-5-6 大手町タワー アマン東京 33F,35.68555,139.76537,アルヴァ／Arva,イタリア料理,-,¥¥¥,https://guide.michelin.com/jp/ja/tokyo-region/tokyo/restaurant/arva-1207977
中央区,日本橋室町２丁目,日八京,中央区日本橋室町 2-3-1 コレド室町2 1F,35.68690,139.77485,ラ・ボンヌターブル／LA BONNE TABLE,フランス料理,-,¥¥¥,https://guide.michelin.com/jp/ja/tokyo-region/tokyo/restaurant/la-bonne-table
港区,元麻布３丁目,-,港区元麻布 3-10-5 2F,35.65688,139.73231,天 よこた／Ten Yokota,天ぷら,1つ星,¥¥¥,https://guide.michelin.com/jp/ja/tokyo-region/tokyo/restaurant/ten-yokota
渋谷区,恵比寿２丁目,-,渋谷区恵比寿 2-23-3,35.64771,139.72019,おでこ／au deco,フランス料理,1つ星,¥¥¥,https://guide.michelin.com/jp/ja/tokyo-region/tokyo/restaurant/au-deco
千代田区,紀尾井町,赤坂,千代田区紀尾井町 1-3 東京ガーデンテラス紀尾井町 3F,35.67999,139.73794,マス／MAZ,イノベーティブ,2つ星,¥¥¥¥,https://guide.michelin.com/jp/ja/tokyo-region/tokyo/restaurant/maz
港区,西麻布１丁目,-,港区西麻布 1-10-16 ,35.66156,139.72413,西麻布 野口／Nishiazabu Noguchi,日本料理,1つ星,¥¥¥¥,https://guide.michelin.com/jp/ja/tokyo-region/tokyo/restaurant/nishiazabu-noguchi
江東区,三好２丁目,-,江東区三好 2-15-12,35.68028,139.80269,オーツー／O2,中国料理,-,¥¥,https://guide.michelin.com/jp/ja/tokyo-region/tokyo/restaurant/o2
港区,三田３丁目,-,港区三田 3-4-2,35.64631,139.74286,聖坂 和敬／Hijirizaka Wakei,日本料理,-,¥¥¥¥,https://guide.michelin.com/jp/ja/tokyo-region/tokyo/restaurant/azabu-wakei
港区,南青山４丁目,-,港区南青山 4-11-13,35.66569,139.71761,ジンボ ミナミ アオヤマ／JINBO MINAMI AOYAMA,イタリア料理,-,¥¥¥,https://guide.michelin.com/jp/ja/tokyo-region/tokyo/restaurant/jinbo-minami-aoyama
中央区,日本橋室町２丁目,日八京,中央区日本橋室町 2-4-3 YUITO 1F,35.68702,139.77395,ポンドール・イノ／Pont d'Or Inno,フランス料理,-,¥¥¥,https://guide.michelin.com/jp/ja/tokyo-region/tokyo/restaurant/pont-d-or-inno
渋谷区,広尾５丁目,-,渋谷区広尾 5-25-4,35.64786,139.72116,天てんぷら うち津／Tentempura Uchitsu,天ぷら,1つ星,¥¥¥¥,https://guide.michelin.com/jp/ja/tokyo-region/tokyo/restaurant/tentempura-uchitsu
渋谷区,神宮前３丁目,-,渋谷区神宮前 3-42-5,35.67100,139.71384,ブラマソーレ／BRAMASOLE,イタリア料理,ビブグルマン,¥¥,https://guide.michelin.com/jp/ja/tokyo-region/tokyo/restaurant/bramasole
港区,白金６丁目,-,港区白金 6-5-3,35.64444,139.72476,あき山／Akiyama,日本料理,1つ星,¥¥¥¥,https://guide.michelin.com/jp/ja/tokyo-region/tokyo/restaurant/akiyama
渋谷区,上原１丁目,-,渋谷区上原 1-35-3,35.66955,139.68214,シオ／sio,現代風料理,-,¥¥¥,https://guide.michelin.com/jp/ja/tokyo-region/tokyo/restaurant/sio
中央区,銀座６丁目,-,中央区銀座 6-4-13 2F,35.67105,139.76107,鮨 太一／Sushi Taichi,寿司,-,¥¥¥,https://guide.michelin.com/jp/ja/tokyo-region/tokyo/restaurant/sushi-taichi
中央区,銀座２丁目,-,中央区銀座 2-4-6 8F,35.67399,139.76641,マシア／MASIA,スペイン料理,-,¥¥¥,https://guide.michelin.com/jp/ja/tokyo-region/tokyo/restaurant/masia
港区,麻布十番２丁目,-,港区麻布十番 2-8-16 4F,35.65556,139.73390,てんぷら 前平／Tempura Maehira,天ぷら,1つ星,¥¥¥,https://guide.michelin.com/jp/ja/tokyo-region/tokyo/restaurant/tempura-maehira
港区,六本木７丁目,六本木,港区六本木 7-5-11,35.66493,139.72781,ヒカリモノ／Hikarimono,寿司,-,¥¥,https://guide.michelin.com/jp/ja/tokyo-region/tokyo/restaurant/hikarimono
中央区,新川２丁目,-,中央区新川 2-18-4,35.67458,139.78172,中国菜 漢／Chugokusai Kan,中国料理,-,¥¥,https://guide.michelin.com/jp/ja/tokyo-region/tokyo/restaurant/chugokusai-kan
中央区,銀座７丁目,-,中央区銀座 7-8-7 7F,35.66901,139.76238,銀座 ハプスブルク・ファイルヒェン／GINZA HABSBURG VEILCHEN,オーストリア料理,-,¥¥¥,https://guide.michelin.com/jp/ja/tokyo-region/tokyo/restaurant/ginza-habsburg-veilchen
港区,新橋３丁目,虎ノ門広域,港区新橋 3-2-3,35.66643,139.75465,鮨 神楽／Sushi Kagura,寿司,-,¥¥¥,https://guide.michelin.com/jp/ja/tokyo-region/tokyo/restaurant/sushi-kagura
江東区,森下１丁目,-,江東区森下 1-7-6,35.68693,139.79761,たかはし／Takahashi,日本料理,-,¥¥¥,https://guide.michelin.com/jp/ja/tokyo-region/tokyo/restaurant/takahashi-1205597
中央区,銀座５丁目,-,中央区銀座 5-14-14 5F,35.66857,139.76691,馳創 吼龍／Chiso Koryu,日本料理,-,¥¥¥,https://guide.michelin.com/jp/ja/tokyo-region/tokyo/restaurant/chiso-koryu
千代田区,丸の内１丁目,大丸有,千代田区丸の内 1-11-1 フォーシーズンズホテル丸の内 東京 7F,35.67814,139.76698,セザン／SÉZANNE,"フランス料理, 現代風料理",3つ星,¥¥¥¥,https://guide.michelin.com/jp/ja/tokyo-region/tokyo/restaurant/sezanne
港区,白金台５丁目,-,港区白金台 5-13-14 B1F,35.63774,139.72278,三和／Sanwa,イタリア料理,-,¥¥¥,https://guide.michelin.com/jp/ja/tokyo-region/tokyo/restaurant/sanwa
新宿区,矢来町,-,新宿区矢来町 64-4 2F,35.70348,139.73282,焼鳥 山香／Yakitori SANKA,焼鳥,ビブグルマン,¥¥,https://guide.michelin.com/jp/ja/tokyo-region/tokyo/restaurant/yakitori-sanka
新宿区,四谷３丁目,-,新宿区四谷 3-3-6 B1F,35.68853,139.72188,荒木町 きんつぎ／Arakicho Kintsugi,日本料理,-,¥¥¥,https://guide.michelin.com/jp/ja/tokyo-region/tokyo/restaurant/arakicho-kintsugi
中央区,銀座８丁目,-,中央区銀座 8-3-1 6F,35.66925,139.75925,青空／Harutaka,寿司,3つ星,¥¥¥¥,https://guide.michelin.com/jp/ja/tokyo-region/tokyo/restaurant/harutaka
港区,六本木４丁目,六本木,港区六本木 4-12-12,35.66477,139.73168,入鹿 TOKYO／IRUCA TOKYO,ラーメン,ビブグルマン,¥,https://guide.michelin.com/jp/ja/tokyo-region/tokyo/restaurant/iruca-tokyo
千代田区,西神田２丁目,-,千代田区西神田 2-4-9,35.69836,139.75435,神保町 五木田／Jimbocho Gokita,"焼鳥, フランス料理",-,¥¥¥,https://guide.michelin.com/jp/ja/tokyo-region/tokyo/restaurant/jimbocho-gokita
渋谷区,東２丁目,-,渋谷区東 2-25-38,35.65355,139.70774,久原／Kuhara,日本料理,ビブグルマン,¥¥,https://guide.michelin.com/jp/ja/tokyo-region/tokyo/restaurant/koryori-kuhara
港区,赤坂９丁目,六本木,港区赤坂 9-1-7,35.66804,139.73291,江戸前鮨 英／Edomae Sushi Hanabusa,寿司,1つ星,¥¥¥¥,https://guide.michelin.com/jp/ja/tokyo-region/tokyo/restaurant/edomae-sushi-hanabusa
新宿区,神楽坂４丁目,-,新宿区神楽坂 4-3 4F,35.70171,139.73982,愚直に／Guchokuni,日本料理,1つ星,¥¥¥¥,https://guide.michelin.com/jp/ja/tokyo-region/tokyo/restaurant/guchokuni
港区,六本木６丁目,六本木,港区六本木 6-8-28 2F,35.66012,139.73213,根深／Nebuka,現代風料理,-,¥¥¥,https://guide.michelin.com/jp/ja/tokyo-region/tokyo/restaurant/nebuka
港区,麻布十番２丁目,-,港区麻布十番 2-6-2 3F,35.65622,139.73306,たそがれ／Tasogare,フランス料理,-,¥¥¥,https://guide.michelin.com/jp/ja/tokyo-region/tokyo/restaurant/tasogare
港区,西麻布２丁目,-,港区西麻布 2-16-4,35.66170,139.72078,割烹 室井／Kappo Muroi,日本料理,1つ星,¥¥¥¥,https://guide.michelin.com/jp/ja/tokyo-region/tokyo/restaurant/kappo-muroi
中央区,日本橋人形町２丁目,-,中央区日本橋人形町 2-10-11 3F,35.68564,139.78405,御料理 心馬／Oryori Kokoroba,日本料理,-,¥¥¥,https://guide.michelin.com/jp/ja/tokyo-region/tokyo/restaurant/oryori-kokoroba
港区,高輪２丁目,-,港区高輪 2-1-62 2F,35.64065,139.73774,中国菜 華丘房／Chugokusai KAKYU-BOU,中国料理,-,¥¥,https://guide.michelin.com/jp/ja/tokyo-region/tokyo/restaurant/chugokusai-kakyu-bou
新宿区,荒木町,-,新宿区荒木町 3-21 2F,35.68858,139.72297,四ツ谷 みね村／Yotsuya Minemura,日本料理,1つ星,¥¥¥¥,https://guide.michelin.com/jp/ja/tokyo-region/tokyo/restaurant/yotsuya-minemura
渋谷区,広尾５丁目,-,渋谷区広尾 5-9-13,35.64876,139.72165,リストランテ ラ プリムラ／RISTORANTE la primula,イタリア料理,-,¥¥¥,https://guide.michelin.com/jp/ja/tokyo-region/tokyo/restaurant/ristorante-la-primula
中央区,新富１丁目,-,中央区新富 1-5-12 2F,35.67243,139.77283,オルタンシア／hortensia,"フランス料理, 現代風フランス料理",1つ星,¥¥¥,https://guide.michelin.com/jp/ja/tokyo-region/tokyo/restaurant/hortensia
港区,白金５丁目,-,港区白金 5-12-24,35.64531,139.72372,オルタナティヴ／Alternative,フランス料理,-,¥¥¥,https://guide.michelin.com/jp/ja/tokyo-region/tokyo/restaurant/alternative
中央区,銀座４丁目,-,中央区銀座 4-11-9,35.66986,139.76861,歌舞伎座裏まさし／Kabukizaura Masashi,日本料理,-,¥¥¥,https://guide.michelin.com/jp/ja/tokyo-region/tokyo/restaurant/kabukizaura-masashi
渋谷区,恵比寿西２丁目,-,渋谷区恵比寿西 2-7-10 B1F,35.65053,139.70714,ソーセ／Saucer,フランス料理,1つ星,¥¥¥,https://guide.michelin.com/jp/ja/tokyo-region/tokyo/restaurant/saucer
渋谷区,恵比寿３丁目,-,渋谷区恵比寿 3-28-2,35.64376,139.71569,鳥焼き 小花／Toriyaki Ohana,鳥料理,-,¥¥¥,https://guide.michelin.com/jp/ja/tokyo-region/tokyo/restaurant/toriyaki-ohana
渋谷区,笹塚１丁目,-,渋谷区笹塚 1-62-6,35.67274,139.66238,立食い鮨 鮨川／Tachiguisushi Sushikawa,寿司,ビブグルマン,¥¥,https://guide.michelin.com/jp/ja/tokyo-region/tokyo/restaurant/tachiguisushi-sushikawa
渋谷区,代々木４丁目,-,渋谷区代々木 4-1-7,35.67928,139.69363,オルケストラ／Orchestra,イタリア料理,-,¥¥¥,https://guide.michelin.com/jp/ja/tokyo-region/tokyo/restaurant/orchestra
港区,南青山３丁目,-,港区南青山 3-10-38,35.66637,139.71450,ミソラ／misola,"イタリア料理, 現代風料理",-,¥¥¥,https://guide.michelin.com/jp/ja/tokyo-region/tokyo/restaurant/misola
新宿区,若宮町,-,新宿区若宮町 12-4 3F,35.70029,139.73937,イチニーヨン.カグラザカ／124. KAGURAZAKA,焼鳥,-,¥¥,https://guide.michelin.com/jp/ja/tokyo-region/tokyo/restaurant/124-kagurazaka
中央区,築地１丁目,-,中央区築地 1-5-11 B1F,35.67002,139.77164,プリモ パッソ／PRIMO PASSO,イタリア料理,1つ星,¥¥¥,https://guide.michelin.com/jp/ja/tokyo-region/tokyo/restaurant/primo-passo
港区,虎ノ門２丁目,虎ノ門,港区虎ノ門 2-6-2 虎ノ門ヒルズ ステーションタワー 49F,35.66733,139.74731,アポテオーズ／apothéose,フランス料理,1つ星,¥¥¥¥,https://guide.michelin.com/jp/ja/tokyo-region/tokyo/restaurant/apotheose
中央区,京橋２丁目,日八京,中央区京橋 2-4-16,35.67688,139.76896,シェ・イノ／Chez Inno,フランス料理,-,¥¥¥,https://guide.michelin.com/jp/ja/tokyo-region/tokyo/restaurant/chez-inno
港区,赤坂６丁目,赤坂,港区赤坂 6-11-10,35.66965,139.73484,ワキヤ 一笑美茶樓／Wakiya Ichiemicharo,中国料理,-,¥¥¥,https://guide.michelin.com/jp/ja/tokyo-region/tokyo/restaurant/wakiya-ichiemicharo
港区,西麻布２丁目,-,港区西麻布 2-2-2,35.66380,139.72026,田中田 西麻布店／Tanakada Nishiazabuten,居酒屋,-,¥¥¥,https://guide.michelin.com/jp/ja/tokyo-region/tokyo/restaurant/tanakada-nishiazabuten
新宿区,袋町,-,新宿区袋町 3-4 3F,35.70117,139.73863,一凛／Ichirin,日本料理,1つ星,¥¥¥,https://guide.michelin.com/jp/ja/tokyo-region/tokyo/restaurant/ichirin
新宿区,神楽坂４丁目,-,新宿区神楽坂 4-2 2F,35.70215,139.73982,初志／Uisane,日本料理,-,¥¥¥,https://guide.michelin.com/jp/ja/tokyo-region/tokyo/restaurant/uisane
港区,新橋２丁目,虎ノ門広域,港区新橋 2-20-15 新橋駅前ビル1号館 1F,35.66623,139.75955,はるちゃんラーメン／HARU CHAN Ramen,ラーメン,ビブグルマン,¥,https://guide.michelin.com/jp/ja/tokyo-region/tokyo/restaurant/haru-chan-ramen
港区,南青山７丁目,-,港区南青山 7-12-12 B1F,35.65774,139.71839,スダチ／Sudachi,日本料理,-,¥¥¥,https://guide.michelin.com/jp/ja/tokyo-region/tokyo/restaurant/sudachi
中央区,東日本橋２丁目,-,中央区東日本橋 2-11-7,35.69284,139.78715,旬華 なか村／Shunka Nakamura,中国料理,-,¥¥¥,https://guide.michelin.com/jp/ja/tokyo-region/tokyo/restaurant/shunka-nakamura
千代田区,平河町２丁目,-,千代田区平河町 2-5-7 B1F,35.67973,139.73874,ヌー トウキョウ／Nœud. TOKYO,"フランス料理, 現代風料理",-,¥¥¥,https://guide.michelin.com/jp/ja/tokyo-region/tokyo/restaurant/n%C5%93ud-tokyo
港区,赤坂７丁目,赤坂,港区赤坂 7-5-34,35.67102,139.73020,ライラ／Lyla,フランス料理,-,¥¥¥,https://guide.michelin.com/jp/ja/tokyo-region/tokyo/restaurant/lyla
港区,虎ノ門５丁目,虎ノ門,港区虎ノ門 5-3-3,35.66277,139.74420,空花／Sorahana,日本料理,1つ星,¥¥¥,https://guide.michelin.com/jp/ja/tokyo-region/tokyo/restaurant/sorahana
中央区,日本橋人形町３丁目,-,中央区日本橋人形町 3-4-11,35.68625,139.78123,かつ好／Katsuyoshi,とんかつ,ビブグルマン,¥,https://guide.michelin.com/jp/ja/tokyo-region/tokyo/restaurant/katsuyoshi
港区,赤坂２丁目,赤坂,港区赤坂 2-17-59 2F,35.67059,139.73797,赤坂 渡なべ／Akasaka Watanabe,日本料理,-,¥¥¥,https://guide.michelin.com/jp/ja/tokyo-region/tokyo/restaurant/akasaka-watanabe
中央区,銀座５丁目,-,中央区銀座 5-6-10 5F,35.67074,139.76365,ぎんざ かつかみ／Ginza Katsukami,とんかつ,ビブグルマン,¥¥,https://guide.michelin.com/jp/ja/tokyo-region/tokyo/restaurant/ginza-katsukami
港区,新橋１丁目,虎ノ門広域,港区新橋 1-8-4 2F,35.66708,139.76052,トキ／TOKi,"現代風料理, 現代風スペイン料理",1つ星,¥¥¥,https://guide.michelin.com/jp/ja/tokyo-region/tokyo/restaurant/toki
港区,北青山３丁目,-,港区北青山 3-4-3 ののあおやま 2F,35.66771,139.71304,シオ アオヤマ／sio AOYAMA,現代風料理,-,¥¥¥,https://guide.michelin.com/jp/ja/tokyo-region/tokyo/restaurant/sio-aoyama
中央区,築地６丁目,-,中央区築地 6-7-7,35.66500,139.77368,ふぐ倶楽部 miyawaki 別邸／Fugu Club miyawaki Bettei,ふぐ,-,¥¥¥,https://guide.michelin.com/jp/ja/tokyo-region/tokyo/restaurant/fugu-club-miyawaki-bettei
渋谷区,渋谷２丁目,-,渋谷区渋谷 2-6-1,35.66002,139.70831,モノリス／MONOLITH,フランス料理,1つ星,¥¥¥,https://guide.michelin.com/jp/ja/tokyo-region/tokyo/restaurant/monolith
港区,赤坂８丁目,赤坂,港区赤坂 8-11-19,35.66859,139.72899,乃木坂 しん／Nogizaka Shin,日本料理,1つ星,¥¥¥¥,https://guide.michelin.com/jp/ja/tokyo-region/tokyo/restaurant/nogizaka-shin
渋谷区,代々木４丁目,-,渋谷区代々木 4-1-6,35.67921,139.69371,ロク／roku,フランス料理,ビブグルマン,¥¥¥,https://guide.michelin.com/jp/ja/tokyo-region/tokyo/restaurant/roku
港区,虎ノ門５丁目,虎ノ門,港区虎ノ門 5-10-7 麻布台ヒルズ ガーデンプラザD 2F,35.66162,139.74345,フロリレージュ／Florilège,フランス料理,2つ星,¥¥¥,https://guide.michelin.com/jp/ja/tokyo-region/tokyo/restaurant/florilege
港区,西麻布１丁目,-,港区西麻布 1-4-23,35.66152,139.72392,西麻布 大竹／Nishiazabu Otake,日本料理,1つ星,¥¥¥,https://guide.michelin.com/jp/ja/tokyo-region/tokyo/restaurant/nishiazabu-otake
港区,東麻布２丁目,-,港区東麻布 2-19-2,35.65671,139.74248,ユヌ パンセ／UNE PINCÉE,フランス料理,-,¥¥,https://guide.michelin.com/jp/ja/tokyo-region/tokyo/restaurant/une-pincee
港区,西麻布４丁目,-,港区西麻布 4-18-20,35.65835,139.71884,西麻布 鮨 真／Nishiazabu Sushi Shin,寿司,1つ星,¥¥¥¥,https://guide.michelin.com/jp/ja/tokyo-region/tokyo/restaurant/nishiazabu-sushi-shin
中央区,銀座７丁目,-,中央区銀座 7-5-5,35.66989,139.76179,ロオジエ／L'OSIER,"フランス料理, 現代風フランス料理",3つ星,¥¥¥¥,https://guide.michelin.com/jp/ja/tokyo-region/tokyo/restaurant/l-osier
中央区,銀座６丁目,-,中央区銀座 6-5-6 4F,35.67094,139.76185,茂松／SHIGEMATSU,日本料理,1つ星,¥¥¥¥,https://guide.michelin.com/jp/ja/tokyo-region/tokyo/restaurant/shigematsu
渋谷区,恵比寿西１丁目,-,渋谷区恵比寿西 1-30-12,35.64847,139.70567,アビス／abysse,"フランス料理, 現代風料理",1つ星,¥¥¥¥,https://guide.michelin.com/jp/ja/tokyo-region/tokyo/restaurant/abysse
中央区,銀座１丁目,-,中央区銀座 1-21-2,35.67277,139.77110,ラ・ベットラ・ダ・オチアイ／LA BETTOLA da Ochiai,イタリア料理,ビブグルマン,¥¥,https://guide.michelin.com/jp/ja/tokyo-region/tokyo/restaurant/la-bettola-da-ochiai
中央区,銀座２丁目,-,中央区銀座 2-7-12 9F,35.67293,139.76724,ブルガリ イル・リストランテ ルカ・ファンティン／BVLGARI IL RISTORANTE LUCA FANTIN,イタリア料理,-,¥¥¥¥,https://guide.michelin.com/jp/ja/tokyo-region/tokyo/restaurant/bvlgari-il-ristorante-luca-fantin
千代田区,外神田３丁目,-,千代田区外神田 3-6-8,35.70280,139.76990,いし橋／Ishibashi,すき焼,-,¥¥¥,https://guide.michelin.com/jp/ja/tokyo-region/tokyo/restaurant/ishibashi
新宿区,下落合３丁目,-,新宿区下落合 3-21-5,35.72284,139.70114,蕎麦 おさめ／Soba Osame,蕎麦,ビブグルマン,¥¥,https://guide.michelin.com/jp/ja/tokyo-region/tokyo/restaurant/soba-osame
港区,赤坂６丁目,赤坂,港区赤坂 6-3-9,35.67082,139.73553,炭火割烹 白坂／Sumibikappo SHIROSAKA,日本料理,1つ星,¥¥¥,https://guide.michelin.com/jp/ja/tokyo-region/tokyo/restaurant/sumibikappo-shirosaka
港区,南青山２丁目,-,港区南青山 2-14-15 2F,35.67026,139.72024,慈華／itsuka,中国料理,1つ星,¥¥¥,https://guide.michelin.com/jp/ja/tokyo-region/tokyo/restaurant/itsuka
中央区,銀座８丁目,-,中央区銀座 8-8-19 5F,35.66854,139.76155,銀座 福樹／Ginza Fukuju,日本料理,2つ星,¥¥¥¥,https://guide.michelin.com/jp/ja/tokyo-region/tokyo/restaurant/ginza-fukuju
港区,南麻布４丁目,-,港区南麻布 4-2-34,35.64758,139.72385,青草窠／Seisoka,日本料理,1つ星,¥¥¥¥,https://guide.michelin.com/jp/ja/tokyo-region/tokyo/restaurant/seisoka
新宿区,荒木町,-,新宿区荒木町 3-22,35.68888,139.72264,車力門 ちゃわんぶ／Sharikimon Chawambu,とんかつ,ビブグルマン,¥¥,https://guide.michelin.com/jp/ja/tokyo-region/tokyo/restaurant/sharikimon-chawambu
千代田区,紀尾井町,赤坂,千代田区紀尾井町 1-13,35.68034,139.73596,紀尾井町 福田家／Kioicho Fukudaya,日本料理,2つ星,¥¥¥¥,https://guide.michelin.com/jp/ja/tokyo-region/tokyo/restaurant/kioicho-fukudaya
港区,六本木３丁目,六本木,港区六本木 3-1-1 六本木ティーキューブ 1F,35.66554,139.73822,エディション・コウジ シモムラ／Édition Koji Shimomura,フランス料理,1つ星,¥¥¥¥,https://guide.michelin.com/jp/ja/tokyo-region/tokyo/restaurant/edition-koji-shimomura
中央区,銀座５丁目,-,中央区銀座 5-4-6 9F,35.67172,139.76333,エスキス／ESqUISSE,"フランス料理, 現代風料理",2つ星,¥¥¥¥,https://guide.michelin.com/jp/ja/tokyo-region/tokyo/restaurant/esquisse
新宿区,神楽坂４丁目,-,新宿区神楽坂 4-3-7,35.70177,139.74010,ルグドゥノム ブション リヨネ／LUGDUNUM Bouchon Lyonnais,フランス料理,-,¥¥,https://guide.michelin.com/jp/ja/tokyo-region/tokyo/restaurant/lugdunum-bouchon-lyonnais
港区,南青山３丁目,-,港区南青山 3-10-40 2F,35.66649,139.71427,ミモザ／MIMOSA,中国料理,-,¥¥¥,https://guide.michelin.com/jp/ja/tokyo-region/tokyo/restaurant/mimosa-1194182
港区,白金５丁目,-,港区白金 5-7-8,35.64448,139.72769,鮨 まつうら／Sushi Matsuura,寿司,1つ星,¥¥¥,https://guide.michelin.com/jp/ja/tokyo-region/tokyo/restaurant/sushi-matsuura
江東区,富岡１丁目,-,江東区富岡 1-24-11,35.67036,139.79853,トラットリア ブカ・マッシモ／TRATTORIA BUCA'MASSIMO,イタリア料理,ビブグルマン,¥¥,https://guide.michelin.com/jp/ja/tokyo-region/tokyo/restaurant/trattoria-buca-massimo
港区,白金台５丁目,-,港区白金台 5-17-11,35.63759,139.72330,ルカンケ／REQUINQUER,フランス料理,-,¥¥¥,https://guide.michelin.com/jp/ja/tokyo-region/tokyo/restaurant/requinquer
中央区,銀座７丁目,-,中央区銀座 7-3-13 B1F,35.67006,139.76023,蓮 三四七／Ren Mishina,日本料理,1つ星,¥¥¥¥,https://guide.michelin.com/jp/ja/tokyo-region/tokyo/restaurant/ren-mishina
中央区,日本橋兜町,-,中央区日本橋兜町 8-1,35.68177,139.77809,ネキ／Neki,"フランス料理, 現代風料理",-,¥¥¥,https://guide.michelin.com/jp/ja/tokyo-region/tokyo/restaurant/neki
新宿区,横寺町,-,新宿区横寺町 37-39,35.70118,139.73622,梅香／Meishan,中国料理,ビブグルマン,¥¥,https://guide.michelin.com/jp/ja/tokyo-region/tokyo/restaurant/meishan
港区,西新橋１丁目,虎ノ門広域,港区西新橋 1-23-7,35.66816,139.75156,新ばし 笹田／Shimbashi Sasada,日本料理,1つ星,¥¥¥,https://guide.michelin.com/jp/ja/tokyo-region/tokyo/restaurant/shimbashi-sasada
中央区,銀座４丁目,-,中央区銀座 4-5-5,35.67190,139.76538,銀座 レカン／Ginza L’écrin,フランス料理,1つ星,¥¥¥,https://guide.michelin.com/jp/ja/tokyo-region/tokyo/restaurant/ginza-l-ecrin
中央区,銀座６丁目,-,中央区銀座 6-7-15 B1F,35.67042,139.76242,つるとかめ／Tsurutokame,日本料理,-,¥¥¥,https://guide.michelin.com/jp/ja/tokyo-region/tokyo/restaurant/tsurutokame
江東区,白河１丁目,-,江東区白河 1-3-6,35.68153,139.79945,エマン／eman,スペイン料理,-,¥¥¥,https://guide.michelin.com/jp/ja/tokyo-region/tokyo/restaurant/eman
港区,愛宕２丁目,虎ノ門,港区愛宕 2-3-1 フォレストタワー 2F,35.66372,139.74895,醍醐／Daigo,精進料理,1つ星,¥¥¥,https://guide.michelin.com/jp/ja/tokyo-region/tokyo/restaurant/daigo
港区,麻布台３丁目,-,港区麻布台 3-4-11,35.66056,139.73896,シリーズ／Series,中国料理,1つ星,¥¥¥,https://guide.michelin.com/jp/ja/tokyo-region/tokyo/restaurant/series
中央区,銀座７丁目,-,中央区銀座 7-6-5 2F,35.66974,139.76197,銀座 安達直人／Ginza Adachi Naoto,日本料理,-,¥¥¥,https://guide.michelin.com/jp/ja/tokyo-region/tokyo/restaurant/ginza-adachi-naoto
港区,赤坂９丁目,六本木,港区赤坂 9-7-1 ザ・リッツ・カールトン東京 45F,35.66629,139.73128,エリタージュ バイ ケイ コバヤシ／Héritage by Kei Kobayashi,"フランス料理, 現代風フランス料理",1つ星,¥¥¥,https://guide.michelin.com/jp/ja/tokyo-region/tokyo/restaurant/heritage-by-kei-kobayashi
港区,虎ノ門１丁目,虎ノ門,港区虎ノ門 1-11-5 B1F,35.66882,139.75030,シャルキュ／CHARCUT,フランス料理,ビブグルマン,¥¥,https://guide.michelin.com/jp/ja/tokyo-region/tokyo/restaurant/charcut
港区,白金台５丁目,-,港区白金台 5-17-9 B1F,35.63747,139.72323,天ぷら 銀屋／Tempura Ginya,天ぷら,2つ星,¥¥¥¥,https://guide.michelin.com/jp/ja/tokyo-region/tokyo/restaurant/tempura-ginya
渋谷区,神宮前２丁目,-,渋谷区神宮前 2-3-18,35.67319,139.71276,傳／Den,日本料理,2つ星,¥¥¥,https://guide.michelin.com/jp/ja/tokyo-region/tokyo/restaurant/den
品川区,小山３丁目,-,品川区小山 3-22-7,35.61882,139.70636,もち豚とんかつ たいよう／Mochibuta Tonkatsu Taiyo,とんかつ,ビブグルマン,¥,https://guide.michelin.com/jp/ja/tokyo-region/tokyo/restaurant/mochibuta-tonkatsu-taiyo
中央区,銀座７丁目,-,中央区銀座 7-3-8 5F,35.67024,139.76047,鮨 こじま／Sushi Kojima,寿司,1つ星,¥¥¥¥,https://guide.michelin.com/jp/ja/tokyo-region/tokyo/restaurant/sushi-kojima
新宿区,荒木町,-,新宿区荒木町 16,35.69158,139.72462,曙橋 かず／Akebonobashi Kazu,日本料理,-,¥¥,https://guide.michelin.com/jp/ja/tokyo-region/tokyo/restaurant/akebonobashi-kazu
港区,麻布十番３丁目,-,港区麻布十番 3-7-5,35.65353,139.73498,麻布十番 ふくだ／Azabujuban Fukuda,日本料理,1つ星,¥¥¥¥,https://guide.michelin.com/jp/ja/tokyo-region/tokyo/restaurant/azabujuban-fukuda
新宿区,高田馬場２丁目,-,新宿区高田馬場 2-13-9,35.71290,139.70752,とんかつ ひなた／Tonkatsu Hinata,とんかつ,ビブグルマン,¥,https://guide.michelin.com/jp/ja/tokyo-region/tokyo/restaurant/tonkatsu-hinata
千代田区,内幸町１丁目,-,千代田区内幸町 1-1-1 帝国ホテル東京 本館 MF,35.67245,139.75790,レ セゾン／Les Saisons,フランス料理,1つ星,¥¥¥¥,https://guide.michelin.com/jp/ja/tokyo-region/tokyo/restaurant/les-saisons-1194250
港区,東麻布３丁目,-,港区東麻布 3-7-5,35.65627,139.73853,中国飯店 富麗華／Chugoku Hanten Fureika,中国料理,1つ星,¥¥¥,https://guide.michelin.com/jp/ja/tokyo-region/tokyo/restaurant/chugoku-hanten-fureika
中央区,日本橋浜町３丁目,-,中央区日本橋浜町 3-7-3,35.68409,139.78830,浜町 かねこ／Hamacho Kaneko,蕎麦,ビブグルマン,¥,https://guide.michelin.com/jp/ja/tokyo-region/tokyo/restaurant/hamacho-kaneko
渋谷区,恵比寿１丁目,-,渋谷区恵比寿 1-23-10 3F,35.64612,139.71593,御料理 一穂／Oryori Ichiho,日本料理,-,¥¥¥,https://guide.michelin.com/jp/ja/tokyo-region/tokyo/restaurant/oryori-ichiho
港区,南青山２丁目,-,港区南青山 2-11-11,35.67125,139.72097,鮨 龍次郎／Sushi Ryujiro,寿司,1つ星,¥¥¥¥,https://guide.michelin.com/jp/ja/tokyo-region/tokyo/restaurant/sushi-ryujiro
新宿区,神楽坂４丁目,-,新宿区神楽坂 4-3-11 2F,35.70198,139.74005,ふしきの／FUSHIKINO,日本料理,1つ星,¥¥¥,https://guide.michelin.com/jp/ja/tokyo-region/tokyo/restaurant/fushikino
港区,北青山２丁目,-,港区北青山 2-9-9 7F,35.67139,139.71672,鮨 将司／Sushi Masashi,寿司,1つ星,¥¥¥¥,https://guide.michelin.com/jp/ja/tokyo-region/tokyo/restaurant/sushi-masashi
港区,白金台５丁目,-,港区白金台 5-17-10,35.63754,139.72318,アルシミスト／Alchimiste,"フランス料理, 現代風料理",1つ星,¥¥¥,https://guide.michelin.com/jp/ja/tokyo-region/tokyo/restaurant/alchimiste
港区,西麻布３丁目,-,港区西麻布 3-24-9 B1F,35.65888,139.72426,リストランテ アルポルト／RISTORANTE Al Porto,イタリア料理,-,¥¥¥,https://guide.michelin.com/jp/ja/tokyo-region/tokyo/restaurant/ristorante-al-porto
港区,赤坂６丁目,赤坂,港区赤坂 6-4-15,35.67027,139.73437,コム・ア・ラ・メゾン／COMME À LA MAISON,フランス料理,-,¥¥,https://guide.michelin.com/jp/ja/tokyo-region/tokyo/restaurant/comme-a-la-maison
渋谷区,代々木５丁目,-,渋谷区代々木 5-55-7,35.67771,139.69222,ロス レイエス マーゴス／Los Reyes Magos,スペイン料理,ビブグルマン,¥¥,https://guide.michelin.com/jp/ja/tokyo-region/tokyo/restaurant/los-reyes-magos
港区,白金台４丁目,-,港区白金台 4-9-23 B1F,35.63841,139.72338,ラリューム／L'allium,フランス料理,-,¥¥¥,https://guide.michelin.com/jp/ja/tokyo-region/tokyo/restaurant/l-allium
港区,南麻布４丁目,-,港区南麻布 4-12-4,35.64748,139.72440,日日の料理 びおら／Hibinoryori Viola,日本料理,-,¥¥¥,https://guide.michelin.com/jp/ja/tokyo-region/tokyo/restaurant/hibinoryori-viola
千代田区,有楽町１丁目,大丸有,千代田区有楽町 1-9-4 B1F,35.67512,139.76097,アピシウス／APICIUS,フランス料理,-,¥¥¥¥,https://guide.michelin.com/jp/ja/tokyo-region/tokyo/restaurant/apicius-1209867
千代田区,六番町,-,千代田区六番町 4-3,35.68916,139.73525,ティン ガナ／Tinc gana,"スペイン料理, 現代風料理",-,¥¥¥,https://guide.michelin.com/jp/ja/tokyo-region/tokyo/restaurant/tinc-gana
新宿区,神楽坂２丁目,-,新宿区神楽坂 2-22,35.70024,139.74126,一宇／Ichiu,日本料理,-,¥¥¥,https://guide.michelin.com/jp/ja/tokyo-region/tokyo/restaurant/ichiu
港区,南青山１丁目,-,港区南青山 1-23-12,35.66665,139.72502,乃木坂 結／Nogizaka yui,中国料理,-,¥¥,https://guide.michelin.com/jp/ja/tokyo-region/tokyo/restaurant/nogizaka-yui
港区,白金台３丁目,-,港区白金台 3-18-4 2F,35.63526,139.72085,クロデグルメ／Clos Des Gourmets,フランス料理,-,¥¥,https://guide.michelin.com/jp/ja/tokyo-region/tokyo/restaurant/clos-des-gourmets
中央区,銀座５丁目,-,中央区銀座 5-4-8 4F,35.67143,139.76303,銀座 小十／Ginza Kojyu,日本料理,2つ星,¥¥¥¥,https://guide.michelin.com/jp/ja/tokyo-region/tokyo/restaurant/ginza-koju
中央区,銀座５丁目,-,中央区銀座 5-4-8 B1F,35.67143,139.76303,銀座 奥田／GINZA OKUDA,日本料理,1つ星,¥¥¥¥,https://guide.michelin.com/jp/ja/tokyo-region/tokyo/restaurant/ginza-okuda
渋谷区,富ヶ谷１丁目,-,渋谷区富ヶ谷 1-44-2,35.66847,139.68986,パス／PATH,"フランス料理, 現代風料理",-,¥¥¥,https://guide.michelin.com/jp/ja/tokyo-region/tokyo/restaurant/path
渋谷区,広尾５丁目,-,渋谷区広尾 5-19-7,35.64903,139.72018,ポンテ デル ピアット／PONTE DEL PIATTO,イタリア料理,-,¥¥¥,https://guide.michelin.com/jp/ja/tokyo-region/tokyo/restaurant/ponte-del-piatto
新宿区,若宮町,-,新宿区若宮町 35-4,35.69929,139.73841,懐石 小室／Kaiseki Komuro,日本料理,1つ星,¥¥¥¥,https://guide.michelin.com/jp/ja/tokyo-region/tokyo/restaurant/kaiseki-komuro
江東区,清澄２丁目,-,江東区清澄 2-15-4,35.68325,139.79671,清澄 たか原／Kiyosumi Takahara,日本料理,-,¥¥¥,https://guide.michelin.com/jp/ja/tokyo-region/tokyo/restaurant/kiyosumi-takahara
中央区,銀座８丁目,-,中央区銀座 8-2-10,35.66938,139.75951,鮨 こばやし／Sushi Kobayashi,寿司,-,¥¥¥,https://guide.michelin.com/jp/ja/tokyo-region/tokyo/restaurant/sushi-kobayashi
中央区,日本橋人形町２丁目,-,中央区日本橋人形町 2-10-11 6F,35.68564,139.78405,江戸前 晋作／Edomae Shinsaku,天ぷら,1つ星,¥¥¥,https://guide.michelin.com/jp/ja/tokyo-region/tokyo/restaurant/edomae-shinsaku
中央区,銀座１丁目,-,中央区銀座 1-14-6 7F,35.67303,139.76978,おにく 花柳／Oniku Karyu,牛肉料理,1つ星,¥¥¥¥,https://guide.michelin.com/jp/ja/tokyo-region/tokyo/restaurant/oniku-karyu
中央区,築地２丁目,-,中央区築地 2-14-2,35.66772,139.77058,天麩羅 なかがわ／Tempura Nakagawa,天ぷら,-,¥¥¥,https://guide.michelin.com/jp/ja/tokyo-region/tokyo/restaurant/tempura-nakagawa
中央区,新富２丁目,-,中央区新富 2-7-4,35.67087,139.77371,新富町 湯浅／Shintomicho Yuasa,中国料理,-,¥¥¥,https://guide.michelin.com/jp/ja/tokyo-region/tokyo/restaurant/shintomicho-yuasa
港区,南青山２丁目,-,港区南青山 2-27-18 パサージュ青山 2F,35.66914,139.71668,リストランテ アクアパッツァ／Ristorante ACQUA PAZZA,イタリア料理,-,¥¥¥,https://guide.michelin.com/jp/ja/tokyo-region/tokyo/restaurant/ristorante-acqua-pazza
港区,東麻布１丁目,-,港区東麻布 1-20-3,35.65578,139.74330,クローニー／Crony,"フランス料理, 現代風料理",2つ星,¥¥¥¥,https://guide.michelin.com/jp/ja/tokyo-region/tokyo/restaurant/crony-1194937
港区,南青山４丁目,-,港区南青山 4-11-2,35.66604,139.71810,伯雲／Hakuun,日本料理,1つ星,¥¥¥¥,https://guide.michelin.com/jp/ja/tokyo-region/tokyo/restaurant/hakuun
港区,六本木６丁目,六本木,港区六本木 6-10-1 六本木ヒルズ ヒルサイド 2F,35.66053,139.72997,ラトリエ ドゥ ジョエル・ロブション／L'ATELIER de Joël Robuchon,"フランス料理, 現代風料理",1つ星,¥¥¥,https://guide.michelin.com/jp/ja/tokyo-region/tokyo/restaurant/l-atelier-de-joel-robuchon-1194216
港区,六本木６丁目,六本木,港区六本木 6-12-2 六本木ヒルズ レジデンス B棟 3F,35.65860,139.72921,すきやばし 次郎 六本木店／Sukiyabashi Jiro Roppongiten,寿司,2つ星,¥¥¥¥,https://guide.michelin.com/jp/ja/tokyo-region/tokyo/restaurant/sukiyabashi-jiro-roppongiten
渋谷区,東３丁目,-,渋谷区東 3-15-8,35.65026,139.70960,ビストロエビス／Bistro YEBISU,フランス料理,-,¥¥¥,https://guide.michelin.com/jp/ja/tokyo-region/tokyo/restaurant/bistro-yebisu
渋谷区,西原３丁目,-,渋谷区西原 3-2-3,35.67045,139.68251,ジーテン／jeeten,中国料理,ビブグルマン,¥¥,https://guide.michelin.com/jp/ja/tokyo-region/tokyo/restaurant/jeeten
中央区,築地３丁目,-,中央区築地 3-7-2 2F,35.66792,139.77375,櫻木／Sakuragi,日本料理,-,¥¥¥¥,https://guide.michelin.com/jp/ja/tokyo-region/tokyo/restaurant/sakuragi
渋谷区,千駄ケ谷３丁目,-,渋谷区千駄ヶ谷 3-7-13 B1F,35.67690,139.70433,シンシア／Sincère,フランス料理,1つ星,¥¥¥,https://guide.michelin.com/jp/ja/tokyo-region/tokyo/restaurant/sincere
新宿区,荒木町,-,新宿区荒木町 9-15,35.69025,139.72217,御料理 ほりうち／Oryori Horiuchi,日本料理,-,¥¥¥,https://guide.michelin.com/jp/ja/tokyo-region/tokyo/restaurant/oryori-horiuchi
中央区,日本橋２丁目,日八京,中央区日本橋 2-10-11 2F,35.68098,139.77461,焼鳥 髙はし／Yakitori Takahashi,焼鳥,1つ星,¥¥¥,https://guide.michelin.com/jp/ja/tokyo-region/tokyo/restaurant/yakitori-takahashi
中央区,銀座１丁目,-,中央区銀座 1-3-3,35.67532,139.76655,エシカ／ETHICA,メキシコ料理,-,¥¥¥,https://guide.michelin.com/jp/ja/tokyo-region/tokyo/restaurant/ethica
港区,南青山４丁目,-,港区南青山 4-16-3,35.66584,139.71717,ラス／L'AS,"フランス料理, 現代風料理",ビブグルマン,¥¥,https://guide.michelin.com/jp/ja/tokyo-region/tokyo/restaurant/l-as
中央区,築地３丁目,-,中央区築地 3-7-2 ,35.66792,139.77375,鮨処 やまと／Sushidokoro Yamato,寿司,-,¥¥¥,https://guide.michelin.com/jp/ja/tokyo-region/tokyo/restaurant/sushidokoro-yamato
港区,南青山２丁目,-,港区南青山 2-27-16 B1F,35.66859,139.71699,マルカ／malca,イタリア料理,-,¥¥¥,https://guide.michelin.com/jp/ja/tokyo-region/tokyo/restaurant/malca
中央区,銀座７丁目,-,中央区銀座 7-8-17 11F,35.66928,139.76241,エスプリ セー ケイ ギンザ／ESPRIT C. KEI GINZA,"フランス料理, 現代風料理",-,¥¥¥,https://guide.michelin.com/jp/ja/tokyo-region/tokyo/restaurant/esprit-c-kei-ginza
中央区,銀座６丁目,-,中央区銀座 6-12-2,35.66929,139.76490,ヌガ／Le Nougat,フランス料理,ビブグルマン,¥¥,https://guide.michelin.com/jp/ja/tokyo-region/tokyo/restaurant/le-nougat
港区,南青山１丁目,-,港区南青山 1-21-9,35.66717,139.72473,ハルカ ムロオカ／Haruka Murooka,クリエイティブ,-,¥¥¥,https://guide.michelin.com/jp/ja/tokyo-region/tokyo/restaurant/haruka-murooka
港区,虎ノ門３丁目,虎ノ門,港区虎ノ門 3-22-7,35.66152,139.74756,ジャジューカ／joujouka,フランス料理,-,¥¥¥,https://guide.michelin.com/jp/ja/tokyo-region/tokyo/restaurant/joujouka
港区,虎ノ門２丁目,虎ノ門,港区虎ノ門 2-6-2 虎ノ門ヒルズステーションタワー 49F,35.66733,139.74731,ケイ コレクション パリ／KEI Collection PARIS,"フランス料理, 現代風料理",-,¥¥¥,https://guide.michelin.com/jp/ja/tokyo-region/tokyo/restaurant/kei-collection-paris
港区,南青山１丁目,-,港区南青山 1-2-6,35.67222,139.72551,トラットリア シチリアーナ・ドンチッチョ／TRATTORIA SICILIANA Don Ciccio,イタリア料理,-,¥¥¥,https://guide.michelin.com/jp/ja/tokyo-region/tokyo/restaurant/trattoria-siciliana-don-ciccio
新宿区,四谷４丁目,-,新宿区四谷 4-25-10,35.68910,139.71545,ラーメン マツイ／RAMEN MATSUI,ラーメン,ビブグルマン,¥,https://guide.michelin.com/jp/ja/tokyo-region/tokyo/restaurant/ramen-matsui
中央区,銀座７丁目,-,中央区銀座 7-3-6 10F,35.67036,139.76065,銀座 呑小路 やま岸／Ginza Nominokoji Yamagishi,居酒屋,-,¥¥¥,https://guide.michelin.com/jp/ja/tokyo-region/tokyo/restaurant/ginza-nominokoji-yamagishi
港区,芝２丁目,-,港区芝 2-18-9,35.65154,139.75070,佐野鮨／Sanosushi,寿司,1つ星,¥¥¥,https://guide.michelin.com/jp/ja/tokyo-region/tokyo/restaurant/sanosushi
渋谷区,広尾５丁目,-,渋谷区広尾 5-17-4,35.64977,139.72039,鮨 ゆうき／Sushi Yuki,寿司,-,¥¥¥¥,https://guide.michelin.com/jp/ja/tokyo-region/tokyo/restaurant/sushi-yuki-1213818
渋谷区,恵比寿１丁目,-,渋谷区恵比寿 1-26-17 2F,35.64721,139.71563,アベス／ABBESSES,フランス料理,-,¥¥,https://guide.michelin.com/jp/ja/tokyo-region/tokyo/restaurant/abbesses
新宿区,神楽坂３丁目,-,新宿区神楽坂 3-1 5F,35.70198,139.74098,てんぷら 拓／Tempura Taku,天ぷら,-,¥¥¥,https://guide.michelin.com/jp/ja/tokyo-region/tokyo/restaurant/tempura-taku
港区,西麻布４丁目,-,港区西麻布 4-2-6,35.65830,139.72337,マルゴット・エ・バッチャーレ／Margotto e Baciare,現代風料理,-,¥¥¥,https://guide.michelin.com/jp/ja/tokyo-region/tokyo/restaurant/margotto-e-baciare
港区,三田４丁目,-,港区三田 4-1-4,35.64775,139.74142,鮨 三か田／Sushi Mikata,寿司,ビブグルマン,¥¥,https://guide.michelin.com/jp/ja/tokyo-region/tokyo/restaurant/sushi-mikata
渋谷区,本町１丁目,-,渋谷区本町 1-28-8,35.68019,139.68017,ユヌ イメルシオン／UNE IMMERSION,フランス料理,-,¥¥¥,https://guide.michelin.com/jp/ja/tokyo-region/tokyo/restaurant/une-immersion
渋谷区,恵比寿南１丁目,-,渋谷区恵比寿南 1-17-17 4F,35.64479,139.71041,匠 鮨 おわな／Takumi Sushi Owana,寿司,-,¥¥¥¥,https://guide.michelin.com/jp/ja/tokyo-region/tokyo/restaurant/takumi-sushi-owana
千代田区,内幸町１丁目,-,千代田区内幸町 1-1-1 帝国ホテル東京 本館 B1F,35.67245,139.75790,寅黒／Torakuro,日本料理,1つ星,¥¥¥¥,https://guide.michelin.com/jp/ja/tokyo-region/tokyo/restaurant/torakuro
千代田区,丸の内３丁目,大丸有,千代田区丸の内 3-2-3 二重橋スクエア 2F,35.67781,139.76134,ヤウメイ／YAUMAY,"中国料理, 飲茶",-,¥¥¥,https://guide.michelin.com/jp/ja/tokyo-region/tokyo/restaurant/yaumay
港区,元麻布３丁目,-,港区元麻布 3-12-41,35.65634,139.73180,一平飯店／Ippei Hanten,中国料理,1つ星,¥¥¥¥,https://guide.michelin.com/jp/ja/tokyo-region/tokyo/restaurant/ippei-hanten
港区,南青山６丁目,-,港区南青山 6-15-4 B1F,35.65945,139.71415,ネモ／NéMo,フランス料理,1つ星,¥¥¥,https://guide.michelin.com/jp/ja/tokyo-region/tokyo/restaurant/nemo
港区,元麻布３丁目,-,港区元麻布 3-12-4 2F,35.65611,139.73249,焼鳥 ひなた／Yakitori Hinata,焼鳥,-,¥¥¥,https://guide.michelin.com/jp/ja/tokyo-region/tokyo/restaurant/yakitori-hinata
渋谷区,恵比寿１丁目,-,渋谷区恵比寿 1-24-10,35.64666,139.71546,イル バロンドーロ／IL BALLOND'ORO,イタリア料理,ビブグルマン,¥¥,https://guide.michelin.com/jp/ja/tokyo-region/tokyo/restaurant/il-ballond-oro
渋谷区,神宮前３丁目,-,渋谷区神宮前 3-1-28 B1F,35.66989,139.71429,青山 おとと／Aoyama Ototo,日本料理,-,¥¥,https://guide.michelin.com/jp/ja/tokyo-region/tokyo/restaurant/aoyama-ototo
渋谷区,代々木４丁目,-,渋谷区代々木 4-6-2 B1F,35.67835,139.69295,レガーロ／Regalo,イタリア料理,-,¥¥¥,https://guide.michelin.com/jp/ja/tokyo-region/tokyo/restaurant/regalo
港区,西麻布４丁目,-,港区西麻布 4-9-11,35.65702,139.72212,白寧／hakunei,現代風料理,1つ星,¥¥¥¥,https://guide.michelin.com/jp/ja/tokyo-region/tokyo/restaurant/hakunei
港区,赤坂６丁目,赤坂,港区赤坂 6-19-46,35.66773,139.73341,鮨 みうら／Sushi Miura,寿司,-,¥¥¥,https://guide.michelin.com/jp/ja/tokyo-region/tokyo/restaurant/sushi-miura
港区,東麻布２丁目,-,港区東麻布 2-26-16,35.65653,139.73995,ラ・リューン／La Lune,フランス料理,-,¥¥¥,https://guide.michelin.com/jp/ja/tokyo-region/tokyo/restaurant/la-lune-1210250
江東区,富岡１丁目,-,江東区富岡 1-2-9,35.67113,139.79622,渡辺料理店／Watanabe Ryouri-mise,フランス料理,-,¥¥,https://guide.michelin.com/jp/ja/tokyo-region/tokyo/restaurant/watanabe-ryouri-mise
新宿区,神楽坂２丁目,-,新宿区神楽坂 2-11-7 2F,35.70124,139.74194,ジェフリー／Jfree,フランス料理,-,¥¥¥,https://guide.michelin.com/jp/ja/tokyo-region/tokyo/restaurant/jfree
中央区,銀座３丁目,-,中央区銀座 3-14-2,35.67055,139.77015,中華そば 銀座 八五／Chukasoba Ginza Hachigou,ラーメン,ビブグルマン,¥,https://guide.michelin.com/jp/ja/tokyo-region/tokyo/restaurant/chukasoba-ginza-hachigo
新宿区,岩戸町,-,新宿区岩戸町 19,35.70150,139.73767,和しょく えびはら／Washoku Ebihara,日本料理,-,¥¥¥,https://guide.michelin.com/jp/ja/tokyo-region/tokyo/restaurant/washoku-ebihara
港区,西麻布１丁目,-,港区西麻布 1-4-23 ,35.66152,139.72392,メラキ／Merachi,イタリア料理,-,¥¥¥,https://guide.michelin.com/jp/ja/tokyo-region/tokyo/restaurant/merachi
港区,赤坂８丁目,赤坂,港区赤坂 8-13-19 B1F,35.66971,139.73060,タンモア／Le temps moelleux,フランス料理,-,¥¥¥,https://guide.michelin.com/jp/ja/tokyo-region/tokyo/restaurant/le-temps-moelleux
港区,白金台５丁目,-,港区白金台 5-18-17 2F,35.63714,139.72336,ジョンティ アッシュ／gentil H,フランス料理,-,¥¥¥,https://guide.michelin.com/jp/ja/tokyo-region/tokyo/restaurant/gentil-h
中央区,銀座４丁目,-,中央区銀座 4-12-1 4F,35.67020,139.76797,銀座 四代目 髙橋屋／Ginza Yondaime TAKAHASHIYA,うなぎ,-,¥¥,https://guide.michelin.com/jp/ja/tokyo-region/tokyo/restaurant/ginza-yondaime-takahashiya
千代田区,丸の内１丁目,大丸有,千代田区丸の内 1-1-1 パレスホテル東京 5F,35.68450,139.76123,中国飯店 琥珀宮／Chugoku Hanten Kohakukyu (Amber Palace),中国料理,1つ星,¥¥¥,https://guide.michelin.com/jp/ja/tokyo-region/tokyo/restaurant/chugoku-hanten-kohakukyu-amber-palace
中央区,新富１丁目,-,中央区新富 1-15-11,35.67237,139.77504,鮨 美幸／Sushi Miyuki,寿司,-,¥¥¥,https://guide.michelin.com/jp/ja/tokyo-region/tokyo/restaurant/sushi-miyuki
中央区,京橋２丁目,日八京,中央区京橋 2-12-12,35.67601,139.77150,サカキ／SAKAKI,フランス料理,-,¥¥,https://guide.michelin.com/jp/ja/tokyo-region/tokyo/restaurant/sakaki
中央区,銀座２丁目,-,中央区銀座 2-10-11 3F,35.67208,139.76829,銀座 きた川／Ginza Kitagawa,日本料理,1つ星,¥¥¥¥,https://guide.michelin.com/jp/ja/tokyo-region/tokyo/restaurant/ginza-kitagawa
港区,麻布十番２丁目,-,港区麻布十番 2-7-14,35.65589,139.73342,クラージュ／Courage,フランス料理,-,¥¥¥,https://guide.michelin.com/jp/ja/tokyo-region/tokyo/restaurant/courage
港区,赤坂８丁目,赤坂,港区赤坂 8-12-12,35.67007,139.73002,フィレモネ／Filemone,イタリア料理,-,¥¥,https://guide.michelin.com/jp/ja/tokyo-region/tokyo/restaurant/filemone
渋谷区,猿楽町,-,渋谷区猿楽町 2-5 B1F,35.65299,139.70483,代官山 いっさい喝采／Daikanyama Issai Kassai,居酒屋,-,¥¥,https://guide.michelin.com/jp/ja/tokyo-region/tokyo/restaurant/daikanyama-issai-kassai
港区,白金１丁目,-,港区白金 1-25-32 2F,35.64456,139.73160,アルチェッポ／AlCeppo,イタリア料理,ビブグルマン,¥¥,https://guide.michelin.com/jp/ja/tokyo-region/tokyo/restaurant/alceppo
渋谷区,代々木５丁目,-,渋谷区代々木 5-9-9,35.67101,139.68801,礼讃／Raisan,日本料理,-,¥¥¥,https://guide.michelin.com/jp/ja/tokyo-region/tokyo/restaurant/raisan
中央区,銀座５丁目,-,中央区銀座 5-6-7 9F,35.67099,139.76386,アマラントス／amarantos,"フランス料理, 現代風料理",1つ星,¥¥¥,https://guide.michelin.com/jp/ja/tokyo-region/tokyo/restaurant/amarantos
千代田区,丸の内３丁目,大丸有,千代田区丸の内 3-2-1 東京會舘 2F,35.67778,139.76134,プルニエ／PRUNIER,フランス料理,1つ星,¥¥¥,https://guide.michelin.com/jp/ja/tokyo-region/tokyo/restaurant/prunier-1200289
新宿区,荒木町,-,新宿区荒木町 2-9,35.68857,139.72236,の弥七／Noyashichi,中国料理,-,¥¥¥,https://guide.michelin.com/jp/ja/tokyo-region/tokyo/restaurant/noyashichi
港区,南青山２丁目,-,港区南青山 2-6-15,35.67156,139.72189,ナリサワ／NARISAWA,イノベーティブ,2つ星,¥¥¥¥,https://guide.michelin.com/jp/ja/tokyo-region/tokyo/restaurant/narisawa
中央区,銀座５丁目,-,中央区銀座 5-10-11,35.66981,139.76544,能登 金沢の幸 銀座 ふる田／Noto Kanazawanosachi Ginza Furuta,日本料理,-,¥¥,https://guide.michelin.com/jp/ja/tokyo-region/tokyo/restaurant/noto-kanazawanosachi-ginza-furuta
中央区,日本橋富沢町,-,中央区日本橋富沢町 16-3,35.68807,139.78440,ヤマト／YAMATO,居酒屋,ビブグルマン,¥¥,https://guide.michelin.com/jp/ja/tokyo-region/tokyo/restaurant/yamato-1194199
港区,麻布十番２丁目,-,港区麻布十番 2-4-8 2F,35.65582,139.73483,プリンチピオ／Principio,イタリア料理,1つ星,¥¥¥,https://guide.michelin.com/jp/ja/tokyo-region/tokyo/restaurant/principio
中央区,湊３丁目,-,中央区湊 3-5-10,35.66965,139.77822,旬恵庵 あら垣／Shunkeian Arakaki,天ぷら,1つ星,¥¥¥,https://guide.michelin.com/jp/ja/tokyo-region/tokyo/restaurant/shunkeian-arakaki
港区,西麻布２丁目,-,港区西麻布 2-11-5,35.66133,139.72227,西麻布 拓／Nishiazabu Taku,寿司,1つ星,¥¥¥¥,https://guide.michelin.com/jp/ja/tokyo-region/tokyo/restaurant/nishiazabu-taku
港区,南青山６丁目,-,港区南青山 6-8-18,35.66019,139.71641,ローブリュー／LAUBURU,フランス料理,ビブグルマン,¥¥,https://guide.michelin.com/jp/ja/tokyo-region/tokyo/restaurant/lauburu
港区,西麻布３丁目,-,港区西麻布 3-8-6,35.65474,139.72610,蕎麦 たじま／Soba Tajima,蕎麦,ビブグルマン,¥,https://guide.michelin.com/jp/ja/tokyo-region/tokyo/restaurant/soba-tajima
千代田区,九段南４丁目,-,千代田区九段南 4-1-10,35.69154,139.74106,シェ オリビエ／Chez Olivier,"フランス料理, 現代風料理",-,¥¥¥,https://guide.michelin.com/jp/ja/tokyo-region/tokyo/restaurant/chez-olivier
中央区,銀座２丁目,-,中央区銀座 2-8-17 B1F,35.67294,139.76782,銀座 しのはら／Ginza Shinohara,日本料理,2つ星,¥¥¥¥,https://guide.michelin.com/jp/ja/tokyo-region/tokyo/restaurant/ginza-shinohara
中央区,日本橋室町２丁目,日八京,中央区日本橋室町 2-1-1 マンダリン オリエンタル 東京 37F,35.68705,139.77306,シグネチャー／SIGNATURE,フランス料理,-,¥¥¥,https://guide.michelin.com/jp/ja/tokyo-region/tokyo/restaurant/signature-1193960
港区,白金台４丁目,-,港区白金台 4-2-7 2F,35.63936,139.72811,シノワ／ShinoiS,中国料理,1つ星,¥¥¥¥,https://guide.michelin.com/jp/ja/tokyo-region/tokyo/restaurant/shinois
港区,赤坂３丁目,赤坂,港区赤坂 3-12-2 3F,35.67405,139.73782,茜坂大沼／Akanezaka Onuma,日本料理,1つ星,¥¥¥,https://guide.michelin.com/jp/ja/tokyo-region/tokyo/restaurant/akanezaka-onuma
港区,六本木４丁目,六本木,港区六本木 4-2-35 B1F,35.66472,139.73356,リューズ／Ryuzu,"フランス料理, 現代風料理",2つ星,¥¥¥,https://guide.michelin.com/jp/ja/tokyo-region/tokyo/restaurant/ryuzu
港区,麻布十番３丁目,-,港区麻布十番 3-3-10,35.65363,139.73563,すし家 祥太／Sushiya Shota,寿司,1つ星,¥¥¥,https://guide.michelin.com/jp/ja/tokyo-region/tokyo/restaurant/sushiya-shota
新宿区,神楽坂５丁目,-,新宿区神楽坂 5-37,35.70134,139.73913,神楽坂 石かわ／Kagurazaka Ishikawa,日本料理,3つ星,¥¥¥¥,https://guide.michelin.com/jp/ja/tokyo-region/tokyo/restaurant/kagurazaka-ishikawa
新宿区,神楽坂３丁目,-,新宿区神楽坂 3-1 3F,35.70198,139.74098,多仁本／Tanimoto,日本料理,1つ星,¥¥¥¥,https://guide.michelin.com/jp/ja/tokyo-region/tokyo/restaurant/tanimoto
中央区,新富２丁目,-,中央区新富 2-5-5,35.67159,139.77403,久丹／Kutan,日本料理,2つ星,¥¥¥¥,https://guide.michelin.com/jp/ja/tokyo-region/tokyo/restaurant/kutan
千代田区,有楽町１丁目,大丸有,千代田区有楽町 1-1-2 東京ミッドタウン日比谷 7F,35.67374,139.75918,龍吟／RyuGin,日本料理,3つ星,¥¥¥¥,https://guide.michelin.com/jp/ja/tokyo-region/tokyo/restaurant/ryugin-1194232
港区,西麻布２丁目,-,港区西麻布 2-26-4,35.66022,139.71943,レフェルヴェソンス／L'Effervescence,"フランス料理, 現代風料理",3つ星,¥¥¥¥,https://guide.michelin.com/jp/ja/tokyo-region/tokyo/restaurant/l-effervescence
港区,西麻布１丁目,-,港区西麻布 1-11-13,35.66074,139.72417,洋食ビストロ TŌYAMA／YŌSHOKU BISTRO TŌYAMA,洋食,-,¥¥,https://guide.michelin.com/jp/ja/tokyo-region/tokyo/restaurant/yoshoku-bistro-toyama
千代田区,丸の内１丁目,大丸有,千代田区丸の内 1-11-1 フォーシーズンズホテル丸の内 東京 7F,35.67814,139.76698,メゾン マルノウチ／MAISON MARUNOUCHI,フランス料理,-,¥¥¥,https://guide.michelin.com/jp/ja/tokyo-region/tokyo/restaurant/maison-marunouchi
港区,南青山２丁目,-,港区南青山 2-14-14 B1F,35.67022,139.72048,ロー／L'EAU,フランス料理,-,¥¥¥,https://guide.michelin.com/jp/ja/tokyo-region/tokyo/restaurant/l-eau
港区,新橋６丁目,虎ノ門広域,港区新橋 6-13-3,35.66191,139.75406,冨所／Tomidokoro,寿司,-,¥¥¥,https://guide.michelin.com/jp/ja/tokyo-region/tokyo/restaurant/tomidokoro
港区,南麻布４丁目,-,港区南麻布 4-7-5,35.64958,139.72834,茶禅華／Sazenka,中国料理,3つ星,¥¥¥¥,https://guide.michelin.com/jp/ja/tokyo-region/tokyo/restaurant/sazenka
港区,北青山２丁目,-,港区北青山 2-12-35,35.67026,139.71452,リストランテ ホンダ／Ristorante HONDA,イタリア料理,-,¥¥¥,https://guide.michelin.com/jp/ja/tokyo-region/tokyo/restaurant/ristorante-honda
千代田区,大手町１丁目,大丸有,千代田区大手町 1-2-1 Otemachi One 1F,35.68766,139.76325,スィークル／CYCLE by Mauro Colagreco,"フランス料理, 現代風料理",1つ星,¥¥¥¥,https://guide.michelin.com/jp/ja/tokyo-region/tokyo/restaurant/cycle-by-mauro-colagreco
千代田区,丸の内１丁目,大丸有,千代田区丸の内 1-1-3 日本生命丸の内ガーデンタワー M2F,35.68450,139.76257,プレーガ 東京／Plaiga TOKYO,フランス料理,-,¥¥¥,https://guide.michelin.com/jp/ja/tokyo-region/tokyo/restaurant/plaiga-tokyo
新宿区,神楽坂３丁目,-,新宿区神楽坂 3-6-53 2F,35.70050,139.73969,レテール／L'ÉTERRE,"フランス料理, 現代風料理",1つ星,¥¥¥¥,https://guide.michelin.com/jp/ja/tokyo-region/tokyo/restaurant/l-eterre
中央区,銀座６丁目,-,中央区銀座 6-8-7 交詢ビル 4F,35.67008,139.76292,スリオラ／ZURRIOLA,"スペイン料理, 現代風料理",2つ星,¥¥¥,https://guide.michelin.com/jp/ja/tokyo-region/tokyo/restaurant/zurriola
港区,白金台３丁目,-,港区白金台 3-18-5 2F,35.63515,139.72115,地蔵鮓／Jizozushi,寿司,1つ星,¥¥¥¥,https://guide.michelin.com/jp/ja/tokyo-region/tokyo/restaurant/jizozushi
中央区,銀座８丁目,-,中央区銀座 8-10-3 B1F,35.66798,139.76264,鮨 かねさか／Sushi Kanesaka,寿司,2つ星,¥¥¥¥,https://guide.michelin.com/jp/ja/tokyo-region/tokyo/restaurant/sushi-kanesaka
港区,麻布十番２丁目,-,港区麻布十番 2-8-12 2F,35.65546,139.73421,蕎庵 三たて／Soan Mitate,蕎麦,-,¥¥¥,https://guide.michelin.com/jp/ja/tokyo-region/tokyo/restaurant/soan-mitate
中央区,日本橋兜町,-,中央区日本橋兜町 7-1,35.68133,139.77826,ホッパーズ／HOPPERS,スリランカ料理,ビブグルマン,¥¥,https://guide.michelin.com/jp/ja/tokyo-region/tokyo/restaurant/hoppers-1206470
港区,元麻布１丁目,-,港区元麻布 1-7-12 7F,35.65259,139.73350,ピアット ミツ／Piatto Mitsu,イタリア料理,-,¥¥¥,https://guide.michelin.com/jp/ja/tokyo-region/tokyo/restaurant/piatto-mitsu
港区,西麻布３丁目,-,港区西麻布 3-18-10,35.65911,139.72606,ジーキューブ／Ji-Cube,中国料理,-,¥¥¥,https://guide.michelin.com/jp/ja/tokyo-region/tokyo/restaurant/ji-cube
渋谷区,上原１丁目,-,渋谷区上原 1-34-10 2F,35.66940,139.68202,潮待ち／Shiomachi,居酒屋,-,¥¥¥,https://guide.michelin.com/jp/ja/tokyo-region/tokyo/restaurant/shiomachi
渋谷区,広尾１丁目,-,渋谷区広尾 1-12-15,35.64802,139.71532,創和堂／SŌWADŌ,居酒屋,-,¥¥,https://guide.michelin.com/jp/ja/tokyo-region/tokyo/restaurant/sowado
新宿区,荒木町,-,新宿区荒木町 2-14,35.68866,139.72240,うぶか／Ubuka,蟹料理,1つ星,¥¥¥,https://guide.michelin.com/jp/ja/tokyo-region/tokyo/restaurant/ubuka
渋谷区,渋谷２丁目,-,渋谷区渋谷 2-2-2 B1F,35.66076,139.70855,ラチュレ／LATURE,フランス料理,1つ星,¥¥¥,https://guide.michelin.com/jp/ja/tokyo-region/tokyo/restaurant/lature
港区,西麻布４丁目,-,港区西麻布 4-2-13 3F,35.65864,139.72318,霞町 やまがみ／Kasumicho Yamagami,日本料理,1つ星,¥¥¥¥,https://guide.michelin.com/jp/ja/tokyo-region/tokyo/restaurant/kasumicho-yamagami
渋谷区,渋谷１丁目,-,渋谷区渋谷 1-5-9,35.66109,139.70580,鮨 一喜／Sushi Ikki,寿司,-,¥¥¥,https://guide.michelin.com/jp/ja/tokyo-region/tokyo/restaurant/sushi-ikki
中央区,日本橋本町１丁目,日八京,中央区日本橋本町 1-4-3 B1F,35.68623,139.77570,ファルスィ ラルゴ／farsi largo!,イタリア料理,-,¥¥¥,https://guide.michelin.com/jp/ja/tokyo-region/tokyo/restaurant/farsi-largo
中央区,銀座６丁目,-,中央区銀座 6-12-14 8F,35.66914,139.76455,銀座 志翠／Ginza Kousui,日本料理,1つ星,¥¥¥¥,https://guide.michelin.com/jp/ja/tokyo-region/tokyo/restaurant/ginza-kousui
渋谷区,渋谷２丁目,-,渋谷区渋谷 2-8-12,35.66074,139.70773,モノビス／Mono-bis,フランス料理,ビブグルマン,¥¥,https://guide.michelin.com/jp/ja/tokyo-region/tokyo/restaurant/mono-bis
渋谷区,富ヶ谷１丁目,-,渋谷区富ヶ谷 1-33-6,35.66656,139.68831,京料理 阿うん／Kyoryori Aun,日本料理,-,¥¥¥,https://guide.michelin.com/jp/ja/tokyo-region/tokyo/restaurant/kyoryori-aun
港区,六本木６丁目,六本木,港区六本木 6-2-6 4F,35.66201,139.73072,六本木 璃庵／ROPPONGI RIAN,日本料理,-,¥¥¥,https://guide.michelin.com/jp/ja/tokyo-region/tokyo/restaurant/roppongi-rian
港区,芝２丁目,-,港区芝 2-22-23,35.65141,139.75052,江戸前 芝浜／Edomae Shibahama,日本料理,-,¥¥¥,https://guide.michelin.com/jp/ja/tokyo-region/tokyo/restaurant/edomae-shibahama
中央区,銀座６丁目,-,中央区銀座 6-6-12 4F,35.67050,139.76215,グッチ オステリア ダ マッシモ ボットゥーラ トウキョウ／Gucci Osteria da Massimo Bottura Tokyo,"イタリア料理, 現代風料理",1つ星,¥¥¥,https://guide.michelin.com/jp/ja/tokyo-region/tokyo/restaurant/gucci-osteria-da-massimo-bottura-1201836
中央区,銀座４丁目,-,中央区銀座 4-13-19,35.66964,139.76889,ビストロ ヴィヴィエンヌ／Bistrot Vivienne,フランス料理,ビブグルマン,¥¥,https://guide.michelin.com/jp/ja/tokyo-region/tokyo/restaurant/bistrot-vivienne
中央区,日本橋馬喰町２丁目,-,中央区日本橋馬喰町 2-2-1 DDD HOTEL 1F,35.69529,139.78354,ノル／nôl,現代風料理,1つ星,¥¥¥,https://guide.michelin.com/jp/ja/tokyo-region/tokyo/restaurant/nol
渋谷区,広尾５丁目,-,渋谷区広尾 5-17-8 B1F,35.64945,139.72041,ボッテガ／BOTTEGA,イタリア料理,1つ星,¥¥¥,https://guide.michelin.com/jp/ja/tokyo-region/tokyo/restaurant/bottega-1194168
中央区,銀座１丁目,-,中央区銀座 1-5-6 2F,35.67480,139.76730,ドミニク・ブシェ トーキョー／Dominique Bouchet Tokyo,フランス料理,1つ星,¥¥¥,https://guide.michelin.com/jp/ja/tokyo-region/tokyo/restaurant/dominique-bouchet-1194086
港区,西麻布２丁目,-,港区西麻布 2-15-1,35.66164,139.72098,ル ブトン／Le Bouton,フランス料理,-,¥¥,https://guide.michelin.com/jp/ja/tokyo-region/tokyo/restaurant/le-bouton
港区,白金台４丁目,-,港区白金台 4-2-7,35.63936,139.72811,サーパス／CIRPAS,"フランス料理, 現代風料理",-,¥¥¥,https://guide.michelin.com/jp/ja/tokyo-region/tokyo/restaurant/cirpas
港区,虎ノ門５丁目,虎ノ門,港区虎ノ門 5-2-8 B1F,35.66277,139.74458,おかもと／Okamoto,日本料理,1つ星,¥¥¥¥,https://guide.michelin.com/jp/ja/tokyo-region/tokyo/restaurant/okamoto
中央区,銀座１丁目,-,中央区銀座 1-15-8,35.67341,139.77007,アロセリア ラ パンサ／ARROCERÍA La Panza,スペイン料理,ビブグルマン,¥¥,https://guide.michelin.com/jp/ja/tokyo-region/tokyo/restaurant/arroceria-la-panza
中央区,日本橋室町２丁目,日八京,中央区日本橋室町 2-1-1 マンダリン オリエンタル 東京 38F,35.68705,139.77306,ピッツァバー on 38th／The Pizza Bar on 38th,ピッツァ,-,¥¥¥,https://guide.michelin.com/jp/ja/tokyo-region/tokyo/restaurant/the-pizza-bar-on-38th
港区,六本木５丁目,六本木,港区六本木 5-18-22,35.66108,139.73701,メティス 六本木／Mētis Roppongi,フランス料理,1つ星,¥¥¥,https://guide.michelin.com/jp/ja/tokyo-region/tokyo/restaurant/metis-roppongi
千代田区,神田神保町２丁目,-,千代田区神田神保町 2-2-32,35.69633,139.75704,アルテレーゴ／ALTER EGO,イタリア料理,-,¥¥¥,https://guide.michelin.com/jp/ja/tokyo-region/tokyo/restaurant/alter-ego
港区,西麻布２丁目,-,港区西麻布 2-24-14 B1F,35.66029,139.72245,上／JO,牛肉料理,1つ星,¥¥¥¥,https://guide.michelin.com/jp/ja/tokyo-region/tokyo/restaurant/jo
中央区,銀座５丁目,-,中央区銀座 5-9-16 2F,35.67019,139.76500,ラフィナージュ／L'AFFINAGE,フランス料理,1つ星,¥¥¥,https://guide.michelin.com/jp/ja/tokyo-region/tokyo/restaurant/l-affinage
港区,赤坂６丁目,赤坂,港区赤坂 6-13-8,35.66994,139.73406,赤坂 菊乃井／Akasaka Kikunoi,日本料理,2つ星,¥¥¥,https://guide.michelin.com/jp/ja/tokyo-region/tokyo/restaurant/akasaka-kikunoi
港区,東麻布３丁目,-,港区東麻布 3-3-9 B1F,35.65713,139.73884,御料理 辻／Oryori Tsuji,日本料理,1つ星,¥¥¥¥,https://guide.michelin.com/jp/ja/tokyo-region/tokyo/restaurant/oryori-tsuji
港区,東麻布１丁目,-,港区東麻布 1-5-4,35.65812,139.74334,野田岩 麻布飯倉本店／Nodaiwa Azabu Iikura Honten,うなぎ,1つ星,¥¥,https://guide.michelin.com/jp/ja/tokyo-region/tokyo/restaurant/nodaiwa-azabu-Iikura-honten-1194124
渋谷区,鶯谷町７丁目,-,渋谷区鶯谷町 7-12 B1F,35.65408,139.70227,かつお食堂／Katsuo Shokudo,日本料理,ビブグルマン,¥,https://guide.michelin.com/jp/ja/tokyo-region/tokyo/restaurant/katsuo-shokudo
渋谷区,代官山町,-,渋谷区代官山町 12-19 B1F,35.650822,139.7035226,アロセリア サル イ アモール／Arrocería Sal y Amor,スペイン料理,ビブグルマン,¥¥,https://guide.michelin.com/jp/ja/tokyo-region/tokyo/restaurant/arroceria-sal-y-amor
渋谷区,恵比寿西２丁目,-,渋谷区恵比寿西 2-17-5 2F,35.6489302,139.7059561,レクテ／recte,フランス料理,-,¥¥¥,https://guide.michelin.com/jp/ja/tokyo-region/tokyo/restaurant/recte
新宿区,神楽坂３丁目,-,新宿区神楽坂 3-6,35.7009902,139.7404078,蕎楽亭／Kyorakutei,蕎麦,ビブグルマン,¥,https://guide.michelin.com/jp/ja/tokyo-region/tokyo/restaurant/kyorakutei
港区,六本木７丁目,六本木,港区六本木 7-9-9,35.6644502,139.7299132,ル・スプートニク／le sputnik,フランス料理,1つ星,¥¥¥,https://guide.michelin.com/jp/ja/tokyo-region/tokyo/restaurant/le-sputnik
港区,南青山１丁目,-,港区南青山 1-3-21 2F,35.6710123,139.7251803,てのしま／Tenoshima,日本料理,1つ星,¥¥¥,https://guide.michelin.com/jp/ja/tokyo-region/tokyo/restaurant/tenoshima
渋谷区,代官山町,-,渋谷区代官山町 14-10 B1F,35.649978,139.7042253,ファロ／falò,イタリア料理,ビブグルマン,¥¥,https://guide.michelin.com/jp/ja/tokyo-region/tokyo/restaurant/falo
渋谷区,上原１丁目,-,渋谷区上原 1-33-11,35.6691436,139.6808398,日々の中華食堂／Hibino Chukashokudo,中国料理,ビブグルマン,¥¥,https://guide.michelin.com/jp/ja/tokyo-region/tokyo/restaurant/hibino-chukashokudo
中央区,銀座８丁目,-,中央区銀座 8-16-6,35.6658187,139.76367,銀座 あさみ／Ginza Asami,日本料理,-,¥¥¥,https://guide.michelin.com/jp/ja/tokyo-region/tokyo/restaurant/ginza-asami
中央区,銀座５丁目,-,中央区銀座 5-5-19 6F,35.6717228,139.7637504,六雁／Mutsukari,日本料理,1つ星,¥¥¥,https://guide.michelin.com/jp/ja/tokyo-region/tokyo/restaurant/mutsukari
渋谷区,神宮前２丁目,-,渋谷区神宮前 2-19-12,35.673458,139.7101767,神宮前 樋口／Jingumae Higuchi,日本料理,2つ星,¥¥¥¥,https://guide.michelin.com/jp/ja/tokyo-region/tokyo/restaurant/jingumae-higuchi
中央区,日本橋本町１丁目,日八京,中央区日本橋本町 1-4-15 2F,35.6861112,139.7758754,和氣 旬／Waki Shun,日本料理,-,¥¥¥,https://guide.michelin.com/jp/ja/tokyo-region/tokyo/restaurant/waki-shun
中央区,八重洲２丁目,日八京,中央区八重洲 2-2-1 ブルガリホテル東京 40F,35.6796123,139.7692613,イル・リストランテ ニコ・ロミート／Il Ristorante - Niko Romito,イタリア料理,1つ星,¥¥¥,https://guide.michelin.com/jp/ja/tokyo-region/tokyo/restaurant/il-ristorante-niko-romito-1208307
渋谷区,恵比寿３丁目,-,渋谷区恵比寿 3-1-1 2F,35.6454431,139.7166785,ラ メゾン フィニステール／La maison finistère,フランス料理,-,¥¥¥,https://guide.michelin.com/jp/ja/tokyo-region/tokyo/restaurant/la-maison-finistere
千代田区,神田小川町３丁目,-,千代田区神田小川町 3-2 2F,35.6948171,139.7626423,三燈舎／SANTOSHAM,インド料理,ビブグルマン,¥,https://guide.michelin.com/jp/ja/tokyo-region/tokyo/restaurant/santosham
品川区,北品川６丁目,-,品川区北品川 6-7-29 ガーデンシティ品川御殿山 1F,35.6239862,139.7333701,カンテサンス／Quintessence,"フランス料理, 現代風料理",3つ星,¥¥¥¥,https://guide.michelin.com/jp/ja/tokyo-region/tokyo/restaurant/quintessence-1193907
中央区,銀座８丁目,-,中央区銀座 8-7-2 5F,35.6688015,139.7614743,オステリア ダ カッパ／Osteria da K. [káppa],イタリア料理,ビブグルマン,¥¥,https://guide.michelin.com/jp/ja/tokyo-region/tokyo/restaurant/osteria-da-k-kappa
港区,西麻布４丁目,-,港区西麻布 4-2-15 2F,35.6586105,139.7235315,天ぷらとワイン しの／TEMPURA & WINE SHINO,天ぷら,-,¥¥¥,https://guide.michelin.com/jp/ja/tokyo-region/tokyo/restaurant/tempura-wine-shino
中央区,銀座３丁目,-,中央区銀座 3-12-15,35.6706115,139.7688321,ラ・ボッテガイア／LA BOTTEGAIA,イタリア料理,-,¥¥,https://guide.michelin.com/jp/ja/tokyo-region/tokyo/restaurant/la-bottegaia
渋谷区,神宮前３丁目,-,渋谷区神宮前 3-42-12,35.6719271,139.7139156,アンディ／Ăn Ði,ベトナム料理,-,¥¥¥,https://guide.michelin.com/jp/ja/tokyo-region/tokyo/restaurant/an-%C3%B0i
