指標名,美術館・博物館,,,,,日本博物館協会,https://www.j-muse.or.jp/
出典,日本博物館協会、Tokyo Art Beat、artscape、Internet Museum,,,,,TokyoArtBeat(EventSpace・美術館),http://www.tokyoartbeat.com/venues/Museum
年次,2025/3/4取得,,,,,artscape,https://artscape.jp/mdb/mdb_result.php?area=8
URL,右表参考,,,,,Internet Museum,https://www.museum.or.jp/modules/im_museum/
備考,4つの出典のうち、2つ以上に掲載されているもの（2020年度：202件、2021年度：204件、2022年度：125件、2023年度：233件、2024年度：159件）,,,,,,
,,,,,,,
区,町丁,エリア,住所,緯度,経度,施設名,URL or TEL
品川区,大井６丁目,-,東京都品川区大井６-１１-１,35.5964175,139.7302863,品川区立品川歴史館,https://www.j-muse.or.jp/introduction/detail/?mid=1236
品川区,東品川１丁目,-,東京都品川区東品川1-33-10,35.6191498,139.7466135,MAKI Gallery / Tennoz I & MAKI Collection,https://artscape.jp/museum/?area=tokyo&genre&s&paged=5
品川区,東品川１丁目,-,東京都品川区東品川1-33-10terradaartcomplex5f,35.6191746,139.7466033,KOSAKU KANECHIKA,https://artscape.jp/museum/?area=tokyo&genre&s&paged=9
江東区,青海２丁目,-,東京都江東区青海2-3-6,35.6192425,139.7767347,日本科学未来館,https://www.j-muse.or.jp/introduction/detail/?mid=1335
品川区,東品川１丁目,-,東京都品川区東品川1-32-8terradaartcomplexⅱ3階#304,35.6197808,139.7463196,SOKYO ATSUMI,https://artscape.jp/museum/?area=tokyo&genre&s&paged=3
品川区,北品川４丁目,-,東京都品川区北品川４-５-１２,35.6204026,139.7353353,翡翠原石館,https://www.j-muse.or.jp/introduction/detail/?mid=1361
品川区,大崎１丁目,-,東京都品川区大崎1-6-2大崎ニューシティー2号館2f,35.6204203,139.7294513,O美術館,https://www.museum.or.jp/museum/2188
品川区,東品川２丁目,-,東京都品川区東品川2-6-4,35.6206733,139.7482399,寺田倉庫G1ビル,https://artscape.jp/museum/?area=tokyo&genre&s&paged=12
品川区,東品川２丁目,-,東京都品川区東品川2-6-10,35.6208795,139.7487608,寺田倉庫G3-6F,https://www.museum.or.jp/museum/110437
品川区,東品川２丁目,-,東京都品川区東品川2-6-10寺田倉庫g号,35.6210693,139.7486417,WHAT MUSEUM（ワットミュージアム）,https://artscape.jp/museum/?area=tokyo&genre&s&paged=6
品川区,東品川２丁目,-,東京都品川区東品川2-1-3,35.6220501,139.7517633,寺田倉庫 B&C HALL・E HALL,https://www.museum.or.jp/museum/107725
品川区,西五反田６丁目,-,東京都品川区西五反田6-6-19,35.6231846,139.7172743,TOC五反田メッセ,https://www.museum.or.jp/museum/17837
港区,港南２丁目,-,東京都港区港南2-16-6canonstower1階,35.6255642,139.7407263,キヤノンギャラリーS,https://artscape.jp/museum/?area=tokyo&genre&s&paged=7
港区,高輪４丁目,-,東京都港区高輪4-7-15,35.6290861,139.7323517,物流博物館,https://artscape.jp/museum/?area=tokyo&genre&s&paged=27
品川区,上大崎４丁目,-,東京都品川区上大崎４-６-１９,35.6316128,139.7158178,杉野学園衣裳博物館,https://www.j-muse.or.jp/introduction/detail/?mid=1248
港区,白金台２丁目,-,東京都港区白金台２-２０-１２,35.6323379,139.7268729,荏原 畠山美術館,https://www.j-muse.or.jp/introduction/detail/?mid=1348
品川区,上大崎２丁目,-,東京都品川区上大崎２-２５-５久米ビル８階,35.6345562,139.7147462,久米美術館,https://www.j-muse.or.jp/introduction/detail/?mid=1200
港区,白金台５丁目,-,東京都港区白金台５-２１-９,35.6368858,139.7190341,東京都庭園美術館,https://www.j-muse.or.jp/introduction/detail/?mid=1314
港区,白金台４丁目,-,東京都港区白金台4-6-2ゆかしの杜内,35.6391422,139.7265589,港区立郷土歴史館,https://artscape.jp/museum/?area=tokyo&genre&s&paged=14
港区,白金台５丁目,-,東京都港区白金台5-12-6,35.6399473,139.7218237,松岡美術館,https://www.j-muse.or.jp/introduction/detail/?mid=1380
江東区,新木場１丁目,-,東京都江東区新木場1-7-22新木場タワー3f・4f,35.645746,139.8317747,木材・合板博物館,https://artscape.jp/museum/?area=tokyo&genre&s&paged=14
港区,芝５丁目,-,東京都港区芝5-26-20,35.647511,139.746137,日本建築学会建築博物館,https://artscape.jp/museum/?area=tokyo&genre&s&paged=16
港区,三田２丁目,-,東京都港区三田2-15-45,35.6492402,139.7427972,慶應義塾ミュージアム・コモンズ,https://www.museum.or.jp/museum/103890
港区,三田２丁目,-,東京都港区三田2-15-45慶應義塾三田キャンパス内慶應義塾図書館旧館2階,35.6495025,139.7437227,福澤諭吉記念 慶應義塾史展示館,https://artscape.jp/museum/?area=tokyo&genre&s&paged=5
江東区,夢の島２丁目,-,東京都江東区夢の島2-1-2,35.6515019,139.8304796,夢の島熱帯植物館,https://www.museum.or.jp/museum/2429
渋谷区,東３丁目,-,東京都渋谷区東3-1-5mitsuokajiビル2f,35.6521921,139.7130975,エマーユ七宝美術館,https://www.j-muse.or.jp/introduction/detail/?mid=5566
渋谷区,広尾３丁目,-,東京都渋谷区広尾３-１２-３６,35.6538825,139.7140252,山種美術館,https://www.j-muse.or.jp/introduction/detail/?mid=1403
渋谷区,東４丁目,-,東京都渋谷区東4-10-28〔國學院大學渋谷キャンパス内〕,35.6551147,139.7118797,國學院大學博物館,https://www.museum.or.jp/museum/17556
渋谷区,東４丁目,-,東京都渋谷区東４-１０-２８,35.6555019,139.7114629,國學院大學博物館,https://www.j-muse.or.jp/introduction/detail/?mid=1210
渋谷区,東４丁目,-,東京都渋谷区東４-９-１,35.6564028,139.7125457,白根記念渋谷区郷土博物館・文学館,https://www.j-muse.or.jp/introduction/detail/?mid=1244
港区,芝公園４丁目,-,東京都港区芝公園4-7-35,35.6573157,139.747806,増上寺宝物展示室,https://artscape.jp/museum/?area=tokyo&genre&s&paged=13
渋谷区,道玄坂１丁目,-,東京都渋谷区道玄坂1-2-3渋谷フクラス２f,35.6575904,139.7001518,バンクシー展 GMOデジタル美術館 東京・渋谷,https://www.museum.or.jp/museum/107464
港区,芝公園４丁目,-,東京都港区芝公園4-2-8,35.6585696,139.745484,東京タワー,https://artscape.jp/museum/?area=tokyo&genre&s&paged=13
渋谷区,松涛２丁目,-,東京都渋谷区松涛2-14-14,35.6586613,139.6916992,渋谷区立松濤美術館,https://www.j-muse.or.jp/introduction/detail/?mid=1239
渋谷区,渋谷２丁目,-,東京都渋谷区渋谷2-21-1渋谷ヒカリエ9f,35.6591239,139.7037298,ヒカリエホール,https://artscape.jp/museum/?area=tokyo&genre&s&paged=3
港区,西麻布３丁目,-,東京都港区西麻布3-24-20霞町テラス6f,35.6595105,139.7238011,ア・ライトハウス・カナタ,https://artscape.jp/museum/?area=tokyo&genre&s&paged=20
港区,南青山６丁目,-,東京都港区南青山6-15-1,35.6595897,139.7140152,ヨックモックミュージアム,https://artscape.jp/museum/?area=tokyo&genre&s&paged=7
渋谷区,松涛２丁目,-,東京都渋谷区松涛2-11-1,35.6596182,139.6904344,ギャラリーTOM,https://artscape.jp/museum/?area=tokyo&genre&s&paged=23
港区,六本木５丁目,六本木,東京都港区六本木5-6-20,35.6597044,139.7340324,六本木ミュージアム,https://artscape.jp/museum/?area=tokyo&genre&s&paged=7
港区,南青山６丁目,-,東京都港区南青山6-6-20k’s南青山ビル1f,35.6601637,139.7181249,紅ミュージアム,https://artscape.jp/museum/?area=tokyo&genre&s&paged=14
渋谷区,道玄坂２丁目,-,東京都渋谷区道玄坂2-24-1bunkamura,35.660664,139.6950525,Bunkamura Box Gallery,https://www.museum.or.jp/museum/99783
港区,新橋６丁目,虎ノ門広域,東京都港区新橋6-19-15,35.6606964,139.7534721,東京美術倶楽部,https://artscape.jp/museum/?area=tokyo&genre&s&paged=15
港区,六本木６丁目,六本木,東京都港区六本木6-10-1六本木ヒルズ森タワー53階,35.6607345,139.7292066,森美術館,https://www.j-muse.or.jp/introduction/detail/?mid=1399
渋谷区,道玄坂２丁目,-,東京都渋谷区道玄坂２-２４-１,35.6607611,139.6956746,Bunkamura　ザ・ミュージアム,https://www.j-muse.or.jp/introduction/detail/?mid=4905
港区,麻布台１丁目,虎ノ門,東京都港区麻布台1-5-3,35.6612311,139.7394646,外務省外交史料館,https://artscape.jp/museum/?area=tokyo&genre&s&paged=29
港区,南青山６丁目,-,東京都港区南青山6-1-19,35.6613077,139.7155479,岡本太郎記念館,https://artscape.jp/museum/?area=tokyo&genre&s&paged=29
渋谷区,松涛１丁目,-,東京都渋谷区松涛1-11-3,35.6614423,139.6926929,戸栗美術館,https://artscape.jp/museum/?area=tokyo&genre&s&paged=26
港区,麻布台１丁目,虎ノ門,東京都港区麻布台1-2-4麻布台ヒルズガーデンプラザbb1,35.6616968,139.7405917,森ビル デジタルアート ミュージアム：エプソン チームラボボーダレス,https://www.museum.or.jp/museum/115230
港区,南青山６丁目,-,東京都港区南青山６-５-１,35.6619412,139.717499,根津美術館,https://www.j-muse.or.jp/introduction/detail/?mid=1344
港区,六本木６丁目,六本木,東京都港区六本木6-6-9ピラミデビル2f,35.6619741,139.7312142,KOTARO NUKAGA 六本木,https://artscape.jp/museum/?area=tokyo&genre&s&paged=5
渋谷区,渋谷１丁目,-,東京都渋谷区渋谷1-23-16cocotib1階,35.6620099,139.7026381,DIESEL ART GALLERY,https://artscape.jp/museum/?area=tokyo&genre&s&paged=19
渋谷区,宇田川町,-,東京都渋谷区宇田川町15-1渋谷パルコ4f,35.6620484,139.6987767,PARCO MUSEUM TOKYO,https://artscape.jp/museum/?area=tokyo&genre&s&paged=19
渋谷区,神南１丁目,-,東京都渋谷区神南1-12-18メゾン渋谷801,35.6623823,139.7006106,古代エジプト美術館,https://artscape.jp/museum/?area=tokyo&genre&s&paged=16
港区,虎ノ門５丁目,虎ノ門,東京都港区虎ノ門5-8-1麻布台ヒルズガーデンプラザamb階,35.6624927,139.743728,麻布台ヒルズギャラリー,https://artscape.jp/museum/?area=tokyo&genre&s&paged=3
渋谷区,神南１-１９-８立勤労福祉会館１f丁目,-,東京都渋谷区神南1-19-8渋谷区立勤労福祉会館1f,35.6625237,139.6996271,東京都渋谷公園通りギャラリー,https://artscape.jp/museum/?area=tokyo&genre&s&paged=11
港区,南青山４丁目,-,東京都港区南青山4-18-9,35.6633994,139.7176147,秋山庄太郎写真芸術館,https://artscape.jp/museum/?area=tokyo&genre&s&paged=19
港区,南青山５丁目,-,東京都港区南青山5-6-23,35.6635795,139.7117609,スパイラル,https://www.museum.or.jp/museum/7979
港区,愛宕２丁目,虎ノ門,東京都港区愛宕２-１-１,35.663794,139.7482923,ＮＨＫ放送博物館,https://www.j-muse.or.jp/introduction/detail/?mid=1161
渋谷区,神南１丁目,-,東京都渋谷区神南1-14-1,35.6638137,139.7001953,VALLOON STUDIO 渋谷,https://artscape.jp/museum/?area=tokyo&genre&s&paged=2
渋谷区,渋谷１丁目,-,東京都渋谷区渋谷1-21-18渋谷教育学園植島タワー,35.6638211,139.7034566,UESHIMA MUSEUM,https://artscape.jp/museum/?area=tokyo&genre&s&paged=2
港区,南青山３丁目,-,東京都港区南青山3-16-14,35.6644012,139.7146424,void+eaves,https://artscape.jp/museum/?area=tokyo&genre&s&paged=6
港区,六本木７丁目,六本木,東京都港区六本木７-２２-２,35.6644852,139.7266474,国立新美術館,https://www.j-muse.or.jp/introduction/detail/?mid=1220
港区,東新橋１丁目,虎ノ門広域,東京都港区東新橋1-8-2カレッタ汐留b1／b2f,35.6648867,139.7624926,アドミュージアム東京,https://artscape.jp/museum/?area=tokyo&genre&s&paged=23
港区,六本木１丁目,虎ノ門,東京都港区六本木１ー５ー１,35.6650591,139.7410501,泉屋博古館東京,https://www.j-muse.or.jp/introduction/detail/?mid=1258
港区,東新橋１丁目,虎ノ門広域,東京都港区東新橋1-5-3,35.6659314,139.7614461,旧新橋停車場　鉄道歴史展示室,https://artscape.jp/museum/?area=tokyo&genre&s&paged=18
港区,東新橋１丁目,虎ノ門広域,東京都港区東新橋１-５-１パナソニック東京汐留ビル４階,35.6660023,139.7619295,パナソニック汐留美術館,https://www.j-muse.or.jp/introduction/detail/?mid=1352
港区,虎ノ門４丁目,虎ノ門,東京都港区虎ノ門4-1-35西久保ビル,35.6660027,139.7444842,菊池寛実記念 智美術館,https://artscape.jp/museum/?area=tokyo&genre&s&paged=19
港区,赤坂９丁目,六本木,東京都港区赤坂9-7-4東京ミッドタウンガレリア地下１階,35.6662189,139.730226,とらや 東京ミッドタウン店ギャラリー,https://artscape.jp/museum/?area=tokyo&genre&s&paged=5
港区,赤坂９丁目,六本木,東京都港区赤坂9-7-1ミッドタウン・タワー5f,35.6662315,139.7313051,東京ミッドタウン・デザインハブ,https://artscape.jp/museum/?area=tokyo&genre&s&paged=12
渋谷区,神宮前５丁目,-,東京都渋谷区神宮前5-7-5ルイ・ヴィトン表参道ビル7f,35.6665067,139.7090563,エスパス ルイ・ヴィトン 東京,https://artscape.jp/museum/?area=tokyo&genre&s&paged=15
渋谷区,神宮前５丁目,-,東京都渋谷区神宮前5-11-1,35.6669982,139.7065329,The Mass,https://artscape.jp/museum/?area=tokyo&genre&s&paged=12
港区,虎ノ門２丁目,虎ノ門,東京都港区虎ノ門２-１０-３,35.6670317,139.7432817,大倉集古館,https://www.j-muse.or.jp/introduction/detail/?mid=1169
港区,赤坂９丁目,六本木,東京都港区赤坂9-7-3東京ミッドタウン・ウエスト1階,35.6671651,139.7320014,FUJIFILM SQUARE（フジフイルム スクエア）,https://www.museum.or.jp/museum/17803
港区,赤坂９丁目,六本木,東京都港区赤坂9-7-6東京ミッドタウンミッドタウン・ガーデン,35.6672495,139.7304848,21_21 DESIGN SIGHT,https://artscape.jp/museum/?area=tokyo&genre&s&paged=19
港区,虎ノ門２丁目,虎ノ門,東京都港区虎ノ門2-6-2虎ノ門ヒルズステーションタワー8f、45f～49f,35.6673323,139.7473131,TOKYO NODE,https://artscape.jp/museum/?area=tokyo&genre&s&paged=4
中央区,築地４丁目,-,東京都中央区築地4-1-8,35.66743,139.7685198,SHUTL,https://artscape.jp/museum/?area=tokyo&genre&s&paged=3
港区,虎ノ門２丁目,虎ノ門,東京都港区虎ノ門2-6-3虎ノ門ヒルズステーションタワー3fselectbybaycrew’s内,35.667477,139.7474801,art cruise gallery by baycrew’s,https://www.museum.or.jp/museum/119886
渋谷区,上原３丁目,-,東京都渋谷区上原３-６-１２,35.6678464,139.6800912,古賀政男音楽博物館,https://www.j-muse.or.jp/introduction/detail/?mid=1209
江東区,新砂１丁目,-,東京都江東区新砂1-1-1竹中工務店東京本店1f,35.6681497,139.8199668,ギャラリー エー クワッド,https://artscape.jp/museum/?area=tokyo&genre&s&paged=19
中央区,銀座８丁目,-,東京都中央区銀座8-8-3東京銀座資生堂ビルb1階,35.668557,139.7618936,資生堂ギャラリー,https://artscape.jp/museum/?area=tokyo&genre&s&paged=18
渋谷区,神宮前１丁目,-,東京都渋谷区神宮前１-１０-１０,35.6694137,139.7049074,太田記念美術館,https://www.j-muse.or.jp/introduction/detail/?mid=1171
渋谷区,神宮前３丁目,-,東京都渋谷区神宮前3-20-9waveビル3f,35.6698229,139.7081458,SH GALLERY,https://artscape.jp/museum/?area=tokyo&genre&s&paged=3
渋谷区,神宮前１丁目,-,東京都渋谷区神宮前1-14-30withharajuku1f,35.6705208,139.7031067,Seiko Seed HARAJUKU,https://artscape.jp/museum/?area=tokyo&genre&s&paged=3
渋谷区,元代々木町,-,東京都渋谷区元代々木町27-6,35.6706704,139.6861721,Vacant,https://artscape.jp/museum/?area=tokyo&genre&s&paged=4
渋谷区,神宮前３丁目,-,東京都渋谷区神宮前3-7-6,35.6707261,139.7133623,ワタリウム美術館,https://artscape.jp/museum/?area=tokyo&genre&s&paged=26
中央区,銀座３丁目,-,東京都中央区銀座3-9-11紙パルプ会館5f,35.6709974,139.767547,セントラルミュージアム銀座,https://artscape.jp/museum/?area=tokyo&genre&s&paged=21
千代田区,日比谷公園,-,東京都千代田区日比谷公園1-4,35.6718398,139.7545628,日比谷図書文化館,https://artscape.jp/museum/?area=tokyo&genre&s&paged=14
港区,北青山２丁目,-,東京都港区北青山2-3-1シーアイプラザb1f,35.672086,139.7199218,伊藤忠青山アートスクエア,https://www.museum.or.jp/museum/17505
中央区,銀座４丁目,-,東京都中央区銀座4-4-5,35.6720882,139.7650298,ISSEY MIYAKE GINZA | CUBE,https://artscape.jp/museum/?area=tokyo&genre&s&paged=2
中央区,銀座３丁目,-,東京都中央区銀座3-5-3シャネル銀座ビルディング4階,35.6729966,139.7665258,シャネル・ネクサス・ホール,https://www.museum.or.jp/museum/17923
中央区,銀座３丁目,-,東京都中央区銀座3-3-5無印良品銀座6f,35.673214,139.7653677,ATELIER MUJI GINZA,https://artscape.jp/museum/?area=tokyo&genre&s&paged=5
千代田区,有楽町２丁目,大丸有,東京都千代田区有楽町2-5-1有楽町マリオン11階,35.6736797,139.7624127,有楽町朝日ギャラリー,https://artscape.jp/museum/?area=tokyo&genre&s&paged=13
渋谷区,代々木神園町,-,東京都渋谷区代々木神園町１-１,35.6740738,139.7029998,明治神宮宝物殿,https://www.j-muse.or.jp/introduction/detail/?mid=1394
江東区,門前仲町１丁目,-,東京都江東区門前仲町1-19-15,35.6741063,139.7949034,深川東京モダン館,https://artscape.jp/museum/?area=tokyo&genre&s&paged=15
中央区,銀座１丁目,-,東京都中央区銀座1-7-7ポーラ銀座ビル3f,35.6743,139.7678784,ポーラ ミュージアム アネックス,https://artscape.jp/museum/?area=tokyo&genre&s&paged=15
新宿区,霞ケ丘町,-,東京都新宿区霞ケ丘町4-2japansportolympicsquare1・2階,35.6748212,139.7151412,日本オリンピックミュージアム,https://artscape.jp/museum/?area=tokyo&genre&s&paged=11
中央区,京橋３丁目,日八京,東京都中央区京橋3-6-18東京建物京橋ビル1階,35.6753511,139.7695809,BAG-Brillia Art Gallery,https://artscape.jp/museum/?area=tokyo&genre&s&paged=5
港区,赤坂４丁目,赤坂,東京都港区赤坂４-９-２２,35.6753789,139.7325395,虎屋文庫,https://www.j-muse.or.jp/introduction/detail/?mid=1332
新宿区,霞ケ丘町,-,東京都新宿区霞ケ丘町１-１明治神宮外苑,35.6754399,139.7182668,明治神宮聖徳記念絵画館,https://www.j-muse.or.jp/introduction/detail/?mid=1393
中央区,京橋３丁目,日八京,東京都中央区京橋3-7-6,35.6755095,139.7706168,国立映画アーカイブ,https://artscape.jp/museum/?area=tokyo&genre&s&paged=11
千代田区,丸の内３丁目,大丸有,東京都千代田区丸の内3-1-1帝劇ビル9階,35.6767148,139.7612147,出光美術館,https://www.j-muse.or.jp/introduction/detail/?mid=1154
千代田区,丸の内３丁目,大丸有,東京都千代田区丸の内3-5-1,35.6767504,139.7634509,東京国際フォーラム,https://www.museum.or.jp/museum/17567
中央区,京橋１丁目,日八京,東京都中央区京橋1-7-1todabuilding6階,35.6783071,139.771662,CREATIVE MUSEUM TOKYO,https://www.museum.or.jp/museum/118756
千代田区,丸の内２丁目,大丸有,東京都千代田区丸の内２-６-２,35.6787105,139.7629717,三菱一号館美術館,https://www.j-muse.or.jp/introduction/detail/?mid=1384
中央区,京橋１丁目,日八京,東京都中央区京橋１-７-２,35.6787342,139.7720324,（石橋財団）アーティゾン美術館,https://www.j-muse.or.jp/introduction/detail/?mid=5678
千代田区,丸の内２丁目,大丸有,東京都千代田区丸の内2-1-1明治生命館1f,35.6788686,139.7615403,静嘉堂文庫美術館,https://artscape.jp/museum/?area=tokyo&genre&s&paged=28
千代田区,紀尾井町,赤坂,東京都千代田区紀尾井町4-1ニューオータニ・ガーデンコート3階,35.6794644,139.735674,オカムラ　ガーデンコートショールーム,https://artscape.jp/museum/?area=tokyo&genre&s&paged=4
江東区,三好４丁目,-,東京都江東区三好４-１-１,35.6798258,139.8084276,東京都現代美術館,https://www.j-muse.or.jp/introduction/detail/?mid=1308
千代田区,丸の内２丁目,大丸有,東京都千代田区丸の内2-7-2ｋｉｔｔｅ2・3f,35.6798453,139.7647288,JPタワー学術文化総合ミュージアム インターメディアテク,https://artscape.jp/museum/?area=tokyo&genre&s&paged=14
中央区,日本橋３丁目,日八京,東京都中央区日本橋3-1-6あいおいニッセイ同和損保八重洲ビル1f,35.6807697,139.7719571,UNPEL GALLERY,https://artscape.jp/museum/?area=tokyo&genre&s&paged=6
中央区,日本橋２丁目,日八京,東京都中央区日本橋2-4-1日本橋高島屋s.c.本館4階・5階,35.6808012,139.7735107,高島屋史料館TOKYO,https://artscape.jp/museum/?area=tokyo&genre&s&paged=11
江東区,白河１丁目,-,東京都江東区白河1-3-28,35.6811624,139.8005766,江東区深川江戸資料館,https://artscape.jp/museum/?area=tokyo&genre&s&paged=26
中央区,日本橋蛎殻町１丁目,-,東京都中央区日本橋蛎殻町1-35-7,35.6816734,139.785907,ミュゼ浜口陽三・ヤマサコレクション,https://artscape.jp/museum/?area=tokyo&genre&s&paged=18
新宿区,大京町,-,東京都新宿区大京町31-10アート千駄ケ谷ビル,35.6816912,139.7149801,佐藤美術館,https://www.j-muse.or.jp/introduction/detail/?mid=1227
江東区,北砂１丁目,-,東京都江東区北砂１-５-４,35.681696,139.8223006,政治経済研究所付属東京大空襲・戦災資料センター,https://www.j-muse.or.jp/introduction/detail/?mid=1303
千代田区,丸の内１丁目,大丸有,東京都千代田区丸の内1-9-1,35.6817646,139.7689006,東京ステーションギャラリー,https://artscape.jp/museum/?area=tokyo&genre&s&paged=27
千代田区,隼町,-,東京都千代田区隼町4-1,35.6823407,139.743379,伝統芸能情報館,https://www.museum.or.jp/museum/12114
新宿区,信濃町,-,東京都新宿区信濃町８,35.6825903,139.719384,民音音楽博物館,https://www.j-muse.or.jp/introduction/detail/?mid=1387
新宿区,西新宿３丁目,-,東京都新宿区西新宿3-20-2東京オペラシティタワー4f,35.682955,139.6867214,NTTインターコミュニケーション・センター [ICC],https://artscape.jp/museum/?area=tokyo&genre&s&paged=29
新宿区,西新宿３丁目,-,東京都新宿区西新宿３-２０-２,35.6829969,139.6868301,東京オペラシティアートギャラリー,https://www.j-muse.or.jp/introduction/detail/?mid=1290
新宿区,西新宿３丁目,-,東京都新宿区西新宿3-20-2,35.6830034,139.6867563,東京オペラシティ アートギャラリー,https://www.museum.or.jp/museum/7846
中央区,日本橋本石町１丁目,日八京,東京都中央区日本橋本石町１-３-１,35.6853689,139.7717974,日本銀行金融研究所　貨幣博物館,https://www.j-muse.or.jp/introduction/detail/?mid=1337
千代田区,一番町,-,東京都千代田区一番町25jcii1-町ビルb1f,35.6860427,139.7428893,日本カメラ博物館,https://artscape.jp/museum/?area=tokyo&genre&s&paged=26
千代田区,一番町,-,東京都千代田区一番町25jciiビルb1f,35.686058,139.7425699,JCII クラブ25,https://www.museum.or.jp/museum/12740
千代田区,一番町,-,東京都千代田区一番町25,35.6861064,139.7425794,半蔵門ミュージアム,https://artscape.jp/museum/?area=tokyo&genre&s&paged=11
渋谷区,代々木３丁目,-,東京都渋谷区代々木3-22-7新宿文化クイントビル,35.6862547,139.6949912,文化学園服飾博物館,https://www.j-muse.or.jp/introduction/detail/?mid=1373
中央区,日本橋室町２丁目,日八京,東京都中央区日本橋室町２-１-１三井本館７階,35.686372,139.7731296,三井記念美術館,https://www.j-muse.or.jp/introduction/detail/?mid=1383
中央区,日本橋室町２丁目,日八京,東京都中央区日本橋室町2-2-1coredo室町1-5fcoredo室町1-5f,35.6865187,139.7740345,日本橋三井ホール,https://www.museum.or.jp/museum/17609
千代田区,千代田,-,東京都千代田区千代田1-8皇居東御苑内,35.6867824,139.7571445,皇居三の丸尚蔵館,https://artscape.jp/museum/?area=tokyo&genre&s&paged=3
中央区,日本橋本石町１丁目,日八京,東京都中央区日本橋本石町1-3-1日本銀行分館内,35.6867925,139.7712695,日本銀行金融研究所貨幣博物館,https://artscape.jp/museum/?area=tokyo&genre&s&paged=26
江東区,大島９丁目,-,東京都江東区大島9-1-15,35.6875794,139.8463539,中川船番所資料館,https://artscape.jp/museum/?area=tokyo&genre&s&paged=19
新宿区,四谷３丁目,-,東京都新宿区四谷3-10,35.6882454,139.7198772,消防博物館,https://artscape.jp/museum/?area=tokyo&genre&s&paged=28
新宿区,愛住町,-,東京都新宿区愛住町2-5,35.6883438,139.7187789,美術愛住館,https://artscape.jp/museum/?area=tokyo&genre&s&paged=11
新宿区,四谷４丁目,-,東京都新宿区四谷4-20四谷ひろば内,35.6897493,139.7182365,東京おもちゃ美術館,https://artscape.jp/museum/?area=tokyo&genre&s&paged=29
新宿区,四谷三栄町,-,東京都新宿区四谷三栄町12-16,35.6899316,139.7256868,新宿区立新宿歴史博物館,https://www.j-muse.or.jp/introduction/detail/?mid=1245
千代田区,北の丸公園,-,東京都千代田区北の丸公園3-2,35.690271,139.7538649,国立公文書館,https://artscape.jp/museum/?area=tokyo&genre&s&paged=19
千代田区,北の丸公園,-,東京都千代田区北の丸公園3-1,35.6905138,139.7546836,東京国立近代美術館,https://www.museum.or.jp/museum/2467
千代田区,北の丸公園,-,東京都千代田区北の丸公園３-１,35.6905361,139.7546339,東京国立近代美術館,https://www.j-muse.or.jp/introduction/detail/?mid=1295
新宿区,四谷本塩町,-,東京都新宿区四谷本塩町14-3,35.6908593,139.7291589,帝国データバンク史料館,https://www.j-muse.or.jp/introduction/detail/?mid=1287
新宿区,西新宿２丁目,-,東京都新宿区西新宿２-６-１新宿住友ビル３３階,35.6913514,139.6928126,平和祈念展示資料館（帰還者たちの記憶ミュージアム）,https://www.j-muse.or.jp/introduction/detail/?mid=1375
新宿区,新宿３丁目,-,東京都新宿区新宿3-26-13新宿中村屋ビル3f,35.6914449,139.7023529,中村屋サロン美術館,https://artscape.jp/museum/?area=tokyo&genre&s&paged=13
千代田区,北の丸公園,-,東京都千代田区北の丸公園２-１,35.691568,139.7530888,科学技術館,https://www.j-muse.or.jp/introduction/detail/?mid=1180
千代田区,神田錦町１丁目,-,東京都千代田区神田錦町1-9東京天理ビル9f,35.6917978,139.764364,天理ギャラリー,https://artscape.jp/museum/?area=tokyo&genre&s&paged=21
新宿区,西新宿１丁目,-,東京都新宿区西新宿1-6-1新宿エルタワー28階,35.6922687,139.6972356,ニコンプラザ東京 THE GALLERY,https://artscape.jp/museum/?area=tokyo&genre&s&paged=8
新宿区,西新宿１丁目,-,東京都新宿区西新宿１-２６-１,35.6925914,139.696522,SOMPO美術館,https://www.j-muse.or.jp/introduction/detail/?mid=1262
新宿区,西新宿１丁目,-,東京都新宿区西新宿1-26-1,35.6927016,139.6960503,SOMPO美術館,https://www.museum.or.jp/museum/2475
千代田区,一ツ橋２丁目,-,東京都千代田区一ツ橋2-6-1共立女子学園2号館地下1階,35.6938746,139.7563647,共立女子大学博物館,https://www.museum.or.jp/museum/101240
千代田区,九段南１丁目,-,東京都千代田区九段南１-６-１,35.6952006,139.7510892,昭和館,https://www.j-muse.or.jp/introduction/detail/?mid=1240
千代田区,九段北３丁目,-,東京都千代田区九段北３-１-１,35.6952812,139.7437033,靖國神社遊就館,https://www.j-muse.or.jp/introduction/detail/?mid=1401
千代田区,九段北１丁目,-,東京都千代田区九段北１-１１-５グリーンオーク九段２階,35.6970077,139.7511303,しょうけい館（戦傷病者史料館）,https://www.j-muse.or.jp/introduction/detail/?mid=5596
千代田区,神田駿河台１丁目,-,東京都千代田区神田駿河台1-1アカデミーコモン地階,35.6986273,139.7618814,明治大学博物館,https://artscape.jp/museum/?area=tokyo&genre&s&paged=30
新宿区,百人町１丁目,-,東京都新宿区百人町1-1-8,35.6987536,139.7015926,WHITEHOUSE,https://artscape.jp/museum/?area=tokyo&genre&s&paged=4
新宿区,神楽坂１丁目,-,東京都新宿区神楽坂１-３,35.7011702,139.7432783,東京理科大学近代科学資料館,https://www.j-muse.or.jp/introduction/detail/?mid=1325
千代田区,外神田２丁目,-,東京都千代田区外神田2-16-2,35.7023399,139.7682817,神田明神資料館,https://www.museum.or.jp/museum/2218
新宿区,弁天町,-,東京都新宿区弁天町107,35.703432,139.726475,草間彌生美術館,https://artscape.jp/museum/?area=tokyo&genre&s&paged=12
千代田区,外神田６丁目,-,東京都千代田区外神田6-11-143331アーツ千代田203,35.7043068,139.7706795,京都工芸繊維大学 KYOTO Design Lab 東京ギャラリー,https://www.museum.or.jp/museum/17581
新宿区,西早稲田１丁目,-,東京都新宿区西早稲田１-６-１,35.7092114,139.7201168,早稲田大学會津八一記念博物館,https://www.j-muse.or.jp/introduction/detail/?mid=1410
新宿区,西早稲田１丁目,-,東京都新宿区西早稲田1-6-12館,35.7092608,139.7194081,早稲田大学會津八一記念博物館,https://www.museum.or.jp/museum/2641
新宿区,中井２丁目,-,東京都新宿区中井2-20-1,35.7158243,139.6841604,林芙美子記念館,https://artscape.jp/museum/?area=tokyo&genre&s&paged=14
,,,,,,,
,,,,,,,
,,,,,,,
,,,,,,,
,,,,,,,
,,,,,,,
,,,,,,,
,,,,,,,
,,,,,,,
,,,,,,,
,,,,,,,
,,,,,,,
,,,,,,,
,,,,,,,
,,,,,,,
,,,,,,,
,,,,,,,
,,,,,,,
,,,,,,,
,,,,,,,
,,,,,,,
,,,,,,,
,,,,,,,
,,,,,,,
,,,,,,,
,,,,,,,
,,,,,,,
,,,,,,,
,,,,,,,
,,,,,,,
,,,,,,,
,,,,,,,
,,,,,,,
,,,,,,,
,,,,,,,
,,,,,,,
,,,,,,,
,,,,,,,
,,,,,,,
,,,,,,,
,,,,,,,
,,,,,,,
,,,,,,,
,,,,,,,
,,,,,,,
,,,,,,,
,,,,,,,
,,,,,,,
,,,,,,,
,,,,,,,
,,,,,,,
,,,,,,,
,,,,,,,
,,,,,,,
,,,,,,,
,,,,,,,
,,,,,,,
,,,,,,,
,,,,,,,
,,,,,,,
,,,,,,,
,,,,,,,
,,,,,,,
,,,,,,,
,,,,,,,
,,,,,,,
,,,,,,,
,,,,,,,
,,,,,,,
,,,,,,,
,,,,,,,
,,,,,,,
,,,,,,,
,,,,,,,
,,,,,,,
,,,,,,,
,,,,,,,
,,,,,,,
,,,,,,,
,,,,,,,
,,,,,,,
,,,,,,,
,,,,,,,
,,,,,,,
,,,,,,,
,,,,,,,
,,,,,,,
,,,,,,,
,,,,,,,
,,,,,,,
,,,,,,,
,,,,,,,
,,,,,,,
,,,,,,,
,,,,,,,
,,,,,,,
,,,,,,,
,,,,,,,
,,,,,,,
,,,,,,,
,,,,,,,
,,,,,,,
,,,,,,,
,,,,,,,
,,,,,,,
,,,,,,,
,,,,,,,
,,,,,,,
,,,,,,,
,,,,,,,
,,,,,,,
,,,,,,,
,,,,,,,
,,,,,,,
,,,,,,,
,,,,,,,
,,,,,,,
,,,,,,,
,,,,,,,
,,,,,,,
,,,,,,,
,,,,,,,
,,,,,,,
,,,,,,,
,,,,,,,
,,,,,,,
,,,,,,,
,,,,,,,
,,,,,,,
,,,,,,,
,,,,,,,
,,,,,,,
,,,,,,,
,,,,,,,
,,,,,,,
,,,,,,,
,,,,,,,
,,,,,,,
,,,,,,,
,,,,,,,
,,,,,,,
,,,,,,,
,,,,,,,
,,,,,,,
,,,,,,,
,,,,,,,
,,,,,,,
,,,,,,,
,,,,,,,
,,,,,,,
,,,,,,,
,,,,,,,
,,,,,,,
,,,,,,,
,,,,,,,
,,,,,,,
,,,,,,,
,,,,,,,
,,,,,,,
,,,,,,,
,,,,,,,
,,,,,,,
,,,,,,,
,,,,,,,
,,,,,,,
,,,,,,,
,,,,,,,
,,,,,,,
,,,,,,,
,,,,,,,
,,,,,,,
,,,,,,,
,,,,,,,
,,,,,,,
,,,,,,,
,,,,,,,
,,,,,,,
,,,,,,,
,,,,,,,
,,,,,,,
,,,,,,,
,,,,,,,
,,,,,,,
,,,,,,,
,,,,,,,
,,,,,,,
,,,,,,,
,,,,,,,
,,,,,,,
,,,,,,,
,,,,,,,
,,,,,,,
,,,,,,,
,,,,,,,
,,,,,,,
,,,,,,,
,,,,,,,
,,,,,,,
,,,,,,,
,,,,,,,
,,,,,,,
,,,,,,,
,,,,,,,
,,,,,,,
,,,,,,,
,,,,,,,
,,,,,,,
,,,,,,,
,,,,,,,
,,,,,,,
,,,,,,,
,,,,,,,
,,,,,,,
,,,,,,,
,,,,,,,
,,,,,,,
,,,,,,,
,,,,,,,
,,,,,,,
,,,,,,,
,,,,,,,
,,,,,,,
,,,,,,,
,,,,,,,
,,,,,,,
,,,,,,,
,,,,,,,
,,,,,,,
,,,,,,,
,,,,,,,
,,,,,,,
,,,,,,,
,,,,,,,
,,,,,,,
,,,,,,,
,,,,,,,
,,,,,,,
,,,,,,,
,,,,,,,
,,,,,,,
,,,,,,,
,,,,,,,
,,,,,,,
,,,,,,,
,,,,,,,
,,,,,,,
,,,,,,,
,,,,,,,
,,,,,,,
,,,,,,,
,,,,,,,
,,,,,,,
,,,,,,,
,,,,,,,
,,,,,,,
,,,,,,,
,,,,,,,
,,,,,,,
,,,,,,,
,,,,,,,
,,,,,,,
,,,,,,,
,,,,,,,
,,,,,,,
,,,,,,,
,,,,,,,
,,,,,,,
,,,,,,,
,,,,,,,
,,,,,,,
,,,,,,,
,,,,,,,
,,,,,,,
,,,,,,,
,,,,,,,
,,,,,,,
,,,,,,,
,,,,,,,
,,,,,,,
,,,,,,,
,,,,,,,
,,,,,,,
,,,,,,,
,,,,,,,
,,,,,,,
