指標名,保育園,,,認可保育所,https://www.fukushi.metro.tokyo.lg.jp/kiban/fukushi_shisetsu/shs_list/index.html,,,,
出典,東京都福祉保健局,,,認証保育所,https://www.fukushihoken.metro.tokyo.lg.jp/kodomo/hoiku/ninsyo/ichiran.html,,,,
年次,2025/2/14取得,,,こども園,https://www.fukushihoken.metro.tokyo.lg.jp/kodomo/hoiku/n_kodomoen/shisetsuichiran.html,,,,
URL,右記参照,,,認可外保育施設,https://www.fukushihoken.metro.tokyo.lg.jp/kodomo/hoiku/ninkagai/index.html,,,,
備考,（2021年度：1073件、2022年度：1080件、2023年度：792件、2024年度：1044件）,,,,,,,,
,,,,,,,,,
区,町丁,エリア,住所,緯度,経度,施設名,種別,定員,データ時点
千代田区,外神田４丁目,-,千代田区外神田４-８-６,35.7026924,139.7727765,ほっぺるランド外神田,認可保育所,87,2024年10月1日
千代田区,外神田３丁目,-,千代田区外神田３-６-１３,35.7024719,139.7698604,外神田かなりや保育園,認可保育所,50,2024年10月1日
千代田区,神田和泉町,-,千代田区神田和泉町１,35.6992686,139.7759759,いずみこども園,認可保育所,36,2024年10月1日
千代田区,東神田２丁目,-,千代田区東神田２-６-５　東神田ビル２・３階,35.6958439,139.7803007,アイグラン保育園東神田,認可保育所,63,2024年10月1日
千代田区,岩本町２丁目,-,千代田区岩本町２-１０-１２,35.6933353,139.7772552,岩本町ちとせ保育園,認可保育所,90,2024年10月1日
千代田区,神田岩本町,-,千代田区神田岩本町１５-７,35.6967247,139.7750724,千代田せいが保育園,認可保育所,130,2024年10月1日
千代田区,神田美倉町,-,千代田区神田美倉町１０-２,35.6909235,139.774693,保育園神田ベア-ズ,認可保育所,72,2024年10月1日
千代田区,内神田２丁目,-,千代田区内神田２-１-１３,35.6890114,139.7683949,ベネッセ内神田保育園,認可保育所,60,2024年10月1日
千代田区,神田神保町２丁目,-,千代田区神田神保町２-２０-３１,35.6971139,139.756543,まなびの森保育園神保町,認可保育所,100,2024年10月1日
千代田区,神田淡路町２丁目,-,千代田区神田淡路町２-１０９,35.6968179,139.767016,神田保育園,認可保育所,120,2024年10月1日
千代田区,神田淡路町２丁目,-,千代田区神田淡路町２-１２,35.6978408,139.7687641,神田淡路町保育園大きなおうち,認可保育所,99,2024年10月1日
千代田区,西神田２丁目,-,千代田区西神田２-６-２　西神田コスモス館,35.6988875,139.7547064,西神田保育園,認可保育所,99,2024年10月1日
千代田区,西神田３丁目,-,千代田区西神田３-５-２　千代田ファ-ストビル西館１階,35.6984665,139.7530497,ほっぺるランド西神田,認可保育所,70,2024年10月1日
千代田区,富士見１丁目,-,千代田区富士見１-１０-３,35.6970065,139.7469112,ふじみこども園,認可保育所,55,2024年10月1日
千代田区,富士見２丁目,-,千代田区富士見２-１４-３６　富士見ウエスト２・３階,35.6971392,139.7438535,グロ-バルキッズ飯田橋園,認可保育所,138,2024年10月1日
千代田区,九段北４丁目,-,千代田区九段北４-２-２９　セブンアネックス１～３階,35.6925268,139.7384447,クレアナ-サリ-市ヶ谷,認可保育所,78,2024年10月1日
江東区,北砂５丁目,-,江東区北砂５-１４-１０号,35.6807028,139.8345203,砂町友愛園,認可保育所,100,2024年10月1日
江東区,北砂４丁目,-,江東区北砂４-１８-２７号,35.678534,139.8309609,砂町保育園,認可保育所,100,2024年10月1日
江東区,大島４丁目,-,江東区大島４-１３-２１号,35.688276,139.83134,ビッキ-ズ保育園,認証保育所A,58,2024年11月1日
江東区,亀戸６丁目,-,江東区亀戸６-８-３号　豊川ビル１階,35.694977,139.828057,亀戸プチ・クレイシュ,認証保育所A,30,2024年11月1日
江東区,亀戸６丁目,-,江東区亀戸６-５７-１１号,35.697155,139.829736,アスクバイリンガル保育園亀戸,認証保育所A,35,2024年11月1日
江東区,住吉２丁目,-,江東区住吉２-２７-７号,35.688657,139.816674,はなかご保育園,認証保育所B,19,2024年11月1日
江東区,有明２丁目,-,江東区有明２-１-４号,35.6384818,139.7955655,武蔵野大学附属有明こども園,認定こども園(幼保連携),280,2024年4月1日
千代田区,平河町２丁目,-,千代田区平河町２-１０-３,35.6810747,139.7410609,平河町ちとせ保育園,認可保育所,75,2024年10月1日
中央区,日本橋小伝馬町,-,中央区日本橋小伝馬町１３-７銀泉日本橋小伝馬町ビル１～４Ｆ,35.6911621,139.779608,にじいろ保育園小伝馬町,認可保育所,72,2024年10月1日
中央区,日本橋小伝馬町,-,中央区日本橋小伝馬町５-１,35.6909163,139.7770622,十思保育園,認可保育所,94,2024年10月1日
中央区,東日本橋１丁目,-,中央区東日本橋１-４-６　東日本橋１-ビル１・２Ｆ,35.6910207,139.7861822,テンダ-ラビング保育園東日本橋,認可保育所,70,2024年10月1日
中央区,東日本橋１丁目,-,中央区東日本橋１-５-１３　セイワ東日本橋ビル１～４階,35.6911274,139.7859544,ミアヘルサ保育園ひびき東日本橋,認可保育所,90,2024年10月1日
中央区,東日本橋３丁目,-,中央区東日本橋３-３-３　Ａｎｅｌａビル１～３階,35.6912248,139.7821936,ほっぺるランド東日本橋,認可保育所,72,2024年10月1日
中央区,東日本橋３丁目,-,中央区東日本橋３-６-１５,35.6905349,139.7837764,さくらさくみらい　東日本橋,認可保育所,58,2024年10月1日
中央区,日本橋久松町,-,中央区日本橋久松町９-４,35.6888387,139.785155,ナ-サリ-ル-ム　ベリ-ベア-日本橋,認可保育所,70,2024年10月1日
中央区,日本橋富沢町,-,中央区日本橋富沢町１０-１８日本橋富沢町スクエア２Ｆ,35.6894291,139.782019,かふう保育園日本橋,認可保育所,70,2024年10月1日
中央区,日本橋富沢町,-,中央区日本橋富沢町２-６,35.6894465,139.7833606,さくらさくみらい人形町,認可保育所,74,2024年10月1日
中央区,日本橋富沢町,-,中央区日本橋富沢町４-１ミズホビル１Ｆ・２Ｆ,35.6878234,139.7828014,まちのてらこや保育園,認可保育所,30,2024年10月1日
中央区,日本橋富沢町,-,中央区日本橋富沢町９-１０　稲村ビル１階,35.6894995,139.7828213,アイグラン保育園日本橋,認可保育所,60,2024年10月1日
中央区,日本橋浜町１丁目,-,中央区日本橋浜町１-９-１２　日本橋プラヤビル２階,35.6902441,139.7878455,ＡＩＡＩ　ＮＵＲＳＥＲＹ　日本橋浜町,認可保育所,50,2024年10月1日
中央区,日本橋浜町２丁目,-,中央区日本橋浜町２-４４-４　第１７村上ビル１・２Ｆ,35.6876734,139.7881934,キッズハウス浜町公園,認可保育所,48,2024年10月1日
中央区,日本橋浜町３丁目,-,中央区日本橋浜町３-３７-１,35.685474,139.7912845,浜町保育園,認可保育所,125,2024年10月1日
中央区,日本橋浜町３丁目,-,中央区日本橋浜町３-４０-３　パ-クホ-ムズ日本橋浜町ザレジデンス１階・２階,35.6863568,139.790612,グロ-バルキッズ浜町園,認可保育所,40,2024年10月1日
中央区,日本橋堀留町１丁目,-,中央区日本橋堀留町１-１-１-２Ｆ,35.6873891,139.7789867,堀留町保育園,認可保育所,81,2024年10月1日
中央区,日本橋堀留町２丁目,-,中央区日本橋堀留町２-８-４　日本橋コアビル１階,35.688521,139.7813088,ほっぺるランド日本橋堀留町,認可保育所,70,2024年10月1日
中央区,日本橋人形町２丁目,-,中央区日本橋人形町２-１４-５,35.6845914,139.7848281,人形町保育園,認可保育所,105,2024年10月1日
中央区,日本橋人形町３丁目,-,中央区日本橋人形町３-４-８アイビ-コ-ト日本橋人形町１～４階,35.6864875,139.7812223,モニカ人形町園,認可保育所,63,2024年10月1日
中央区,日本橋蛎殻町１丁目,-,中央区日本橋蛎殻町１-１-２,35.6808908,139.7835403,日本橋保育園,認可保育所,91,2024年10月1日
中央区,日本橋蛎殻町１丁目,-,中央区日本橋蛎殻町１-１６-１１　ＥＤＧＥ日本橋蛎殻町１・２階,35.6830977,139.7825867,グロ-バルキッズかきがら園,認可保育所,45,2024年10月1日
中央区,日本橋蛎殻町１丁目,-,中央区日本橋蛎殻町１-２９-９　ネオテック水天宮ビル１・２階,35.6831226,139.7839057,アイグラン保育園水天宮,認可保育所,90,2024年10月1日
中央区,日本橋蛎殻町１丁目,-,中央区日本橋蛎殻町１-３５-５　セイラン水天宮ビル１・２階・Ｂ１階,35.6817405,139.7860588,キッズラボ水天宮前園,認可保育所,56,2024年10月1日
中央区,日本橋蛎殻町２丁目,-,中央区日本橋蛎殻町２-１５-５　水天宮ＣＰビル１～４Ｆ,35.6843166,139.7868914,ＴＨＲＥＥ　ＳＴＡＲ　ＮＵＲＳＥＲＹ蛎殻町園,認可保育所,110,2024年10月1日
中央区,日本橋箱崎町,-,中央区日本橋箱崎町１７-９　箱崎升喜ビル１・２階,35.6805116,139.7851394,コビ-プリスク-ルはこざき,認可保育所,70,2024年10月1日
中央区,日本橋茅場町２丁目,-,中央区日本橋茅場町２-１６-６,35.6781654,139.7799268,ほっぺるランド茅場町,認可保育所,60,2024年10月1日
中央区,日本橋３丁目,日八京,中央区日本橋３-１５-１０,35.6793299,139.7753422,ＥＤＯ日本橋保育園,認可保育所,60,2024年10月1日
中央区,八丁堀４丁目,-,中央区八丁堀４-５-１０,35.673996,139.7758645,八丁堀保育園,認可保育所,79,2024年10月1日
中央区,新川１丁目,-,中央区新川１-２４-１　ユニゾ新川永代通りビル２階,35.6767456,139.7852427,太陽の子新川保育園,認可保育所,95,2024年10月1日
中央区,新川１丁目,-,中央区新川１-２６-９　新川イワデビル１．２階,35.6760996,139.784163,アイグラン保育園新川,認可保育所,80,2024年10月1日
中央区,新川２丁目,-,中央区新川２-３０-３　ＮＭビル１～４Ｆ,35.6728163,139.7829729,ミアヘルサ保育園ひびき八丁堀,認可保育所,80,2024年10月1日
中央区,入船１丁目,-,中央区入船１-１-１３,35.6737353,139.778237,桜川保育園,認可保育所,139,2024年10月1日
中央区,入船３丁目,-,中央区入船３-５-１０　藤和入船ビル２Ｆ,35.6708364,139.7762922,ブライト保育園東京入船,認可保育所,40,2024年10月1日
中央区,湊１丁目,-,中央区湊１-２-９　ＴＫオフィスビルディング１～４Ｆ・Ｂ１Ｆ,35.6729652,139.7788469,ＴＫチルドレンズファ-ム湊校,認可保育所,65,2024年10月1日
中央区,明石町,-,中央区明石町１２-１,35.6667369,139.7765103,明石町保育園,認可保育所,128,2024年10月1日
中央区,明石町,-,中央区明石町７-１５　ぱぱす明石町ビル２・３階,35.6676817,139.7787004,ぽけっとランド明石町保育園,認可保育所,91,2024年10月1日
中央区,築地３丁目,-,中央区築地３-１０-７,35.6676653,139.7726261,さくらさくみらい築地,認可保育所,48,2024年10月1日
中央区,築地３丁目,-,中央区築地３-１-１２ フィル・パ-クTOKYO GINZA Shintomi.Lab １～３F,35.6696302,139.7747517,さくらさくみらい　新富町,認可保育所,28,2024年10月1日
中央区,築地４丁目,-,中央区築地４-１５-１,35.6662565,139.7683112,築地保育園,認可保育所,123,2024年10月1日
中央区,佃１丁目,-,中央区佃１-１０-７　コンフォ-ル月島１～３階,35.6674179,139.7840097,さくらさくみらいつくだ大通り,認可保育所,50,2024年10月1日
中央区,佃１丁目,-,中央区佃１-１１-８　ピアウエストスクエアノ-スウイング２階,35.6697415,139.7844993,ほっぺるランド佃,認可保育所,92,2024年10月1日
中央区,佃１丁目,-,中央区佃１-４-８,35.6669934,139.7825916,さくらさくみらい佃,認可保育所,49,2024年10月1日
中央区,佃２丁目,-,中央区佃２-１０-９　ライオンズタワ-月島１Ｆ,35.6661536,139.7844591,保育所まぁむ月島駅前園,認可保育所,69,2024年10月1日
中央区,佃２丁目,-,中央区佃２-２-２,35.6668722,139.7869476,つくだ保育園,認可保育所,131,2024年10月1日
中央区,佃２丁目,-,中央区佃２-２２-２,35.6664343,139.7867644,みちてる保育園,認可保育所,64,2024年10月1日
中央区,佃３丁目,-,中央区佃３-２-１１ エムエ-月島１～３F,35.665421,139.7867132,ほっぺるランド相生橋つくだ,認可保育所,40,2024年10月1日
中央区,月島１丁目,-,中央区月島１-１-１３　プライマル月島１階・２階,35.6663776,139.7820846,ほっぺるランド佃大橋,認可保育所,50,2024年10月1日
中央区,月島１丁目,-,中央区月島１-５-２　キャピタルゲ-トプレイス２階,35.6642461,139.7840765,太陽の子月島保育園,認可保育所,95,2024年10月1日
中央区,月島２丁目,-,中央区月島２-１０-３,35.6632521,139.7838734,月島保育園,認可保育所,128,2024年10月1日
中央区,月島２丁目,-,中央区月島２-１３-５　オルフェ月島ビル１～３階,35.6600753,139.7804394,アンジェリカ月島保育園,認可保育所,100,2024年10月1日
中央区,月島３丁目,-,中央区月島３-１６-１ アヴェル-ナ月島１～３F,35.6625336,139.7803003,クオリスキッズ月島保育園,認可保育所,60,2024年10月1日
中央区,月島３丁目,-,中央区月島３-２６-１１　レジデンスシャルマン月島１階,35.6619561,139.7789068,月島雲母保育園,認可保育所,60,2024年10月1日
中央区,月島４丁目,-,中央区月島４-３-１４,35.6610873,139.7826491,さくらさくみらい東仲通り,認可保育所,68,2024年10月1日
中央区,月島４丁目,-,中央区月島４-４-１１,35.6608804,139.7834105,さくらさくみらい　月の岬,認可保育所,65,2024年10月1日
中央区,月島４丁目,-,中央区月島４-５-８,35.6604663,139.7833358,月島聖ルカ保育園,認可保育所,99,2024年10月1日
中央区,晴海１丁目,-,中央区晴海１-５-１５,35.6596581,139.7844428,晴海保育園,認可保育所,107,2024年10月1日
中央区,晴海１丁目,-,中央区晴海１-８-２　晴海トリトンスクエア展示棟３階,35.6565438,139.7814778,太陽の子晴海トリトン保育園,認可保育所,49,2024年10月1日
中央区,晴海２丁目,-,中央区晴海２-１-４０　晴海プライムスクエア２階,35.6559537,139.7838999,ポピンズナ-サリ-スク-ル晴海,認可保育所,96,2024年10月1日
中央区,晴海２丁目,-,中央区晴海２-５-２４　晴海センタ-ビル１階,35.655466,139.7828613,さくらさくみらい晴海,認可保育所,26,2024年10月1日
中央区,晴海３丁目,-,中央区晴海３-１０-１　Ｄａｉｗａ晴海ビル１Ｆ,35.6540456,139.779228,アスク晴海３丁目保育園,認可保育所,45,2024年10月1日
中央区,晴海３丁目,-,中央区晴海３-６-８　スカイリンクタワ-２Ｆ,35.6557094,139.779045,小学館アカデミ-晴海保育園,認可保育所,78,2024年10月1日
中央区,晴海５丁目,-,中央区晴海５-３-２　HARUMI FLAG PORT VILLAGE B棟１階,35.6519599,139.777485,ポピンズナ-サリ-スク-ルHARUMI FLAG PORT VILLAGE,認可保育所,141,2024年10月1日
中央区,晴海５丁目,-,中央区晴海５-２-３１　ららテラスHARUMI FLAG３階,35.6512699,139.7743843,ポピンズナ-サリ-スク-ルららテラス HARUMI FLAG,認可保育所,118,2024年10月1日
中央区,勝どき１丁目,-,中央区勝どき１-４-１,35.6603113,139.7773091,勝どき保育園,認可保育所,143,2024年10月1日
中央区,勝どき１丁目,-,中央区勝どき１-８-１-３Ｆ,35.6596412,139.776622,かちどき西保育園,認可保育所,120,2024年10月1日
中央区,勝どき２丁目,-,中央区勝どき２-１６-３,35.6577945,139.7784724,勝どきちとせ保育園,認可保育所,80,2024年10月1日
中央区,勝どき３丁目,-,中央区勝どき３-３-７　ＫＮリバ-シティ２階,35.6593115,139.7749925,まなびの森保育園勝どき,認可保育所,70,2024年10月1日
中央区,勝どき３丁目,-,中央区勝どき３-４-４,35.6590671,139.7757463,ほっぺるランド勝どき,認可保育所,130,2024年10月1日
中央区,勝どき３丁目,-,中央区勝どき３-７-２,35.6581903,139.7751703,ほっぺるランド清澄通り勝どき,認可保育所,80,2024年10月1日
中央区,勝どき４丁目,-,中央区勝どき４-６-２　パ-クタワ-勝どきミッド２階,35.656191,139.7762454,さくらさくみらい　パ-クタワ-勝どき,認可保育所,30,2024年10月1日
中央区,勝どき４丁目,-,中央区勝どき４-８-１４,35.6568863,139.7756116,アスク勝どき保育園,認可保育所,74,2024年10月1日
中央区,勝どき４丁目,-,中央区勝どき４-８-４,35.6566286,139.7756066,さくらさくみらい　勝どき,認可保育所,40,2024年10月1日
中央区,勝どき５丁目,-,中央区勝どき５-１-１７勝どきザ・リバ-フロント２Ｆ,35.6581058,139.7724493,ベネッセ勝どき保育園,認可保育所,45,2024年10月1日
中央区,勝どき５丁目,-,中央区勝どき５-２-１５　ＥＤＧＥ勝どき１・２階,35.6572362,139.7733949,ほっぺるランド新島橋かちどき,認可保育所,114,2024年10月1日
中央区,勝どき６丁目,-,中央区勝どき６-１-９,35.6559669,139.7745666,勝どきえほん保育園,認可保育所,90,2024年10月1日
中央区,勝どき６丁目,-,中央区勝どき６-３-１　ザ・ト-キョ-タワ-ズシ-タワ-３階,35.6549173,139.7745931,ニチイキッズさわやか勝どき６丁目保育園,認可保育所,105,2024年10月1日
中央区,銀座１丁目,-,中央区銀座１-１２-６,35.6743731,139.7699603,まなびの森保育園銀座,認可保育所,93,2024年10月1日
江東区,木場３丁目,-,木場３-14-4号　2階,35.6755963,139.8052375,UIA International School of Tokyo,認可外保育施設(ベビーホテル、事業所内保育施設、院内保育施設、その他施設),117,2025年1月1日
江東区,有明１丁目,-,有明１-6-30号,35.6342052,139.7831686,ウィズダムアカデミ-PRIME有明豊洲校,認可外保育施設(ベビーホテル、事業所内保育施設、院内保育施設、その他施設),40,2025年1月1日
江東区,清澄３丁目,-,清澄３-１１-６号パシフィックパレス清澄白河１階、２階,35.6833577,139.7978645,アウルインタ-ナショナルスク-ル　清澄白河校,認可外保育施設(ベビーホテル、事業所内保育施設、院内保育施設、その他施設),65,2025年1月1日
江東区,東陽５丁目,-,東陽５-9-10号　1階,35.6725423,139.8107697,Bright Up English Immersion Preschool（プレイグル-プ木場校内）,認可外保育施設(ベビーホテル、事業所内保育施設、院内保育施設、その他施設),14,2025年1月1日
江東区,有明３丁目,-,有明３-6-11号　TFTビル東館,35.6308953,139.790628,ALEXインタ-ナショナルスク-ル,認可外保育施設(ベビーホテル、事業所内保育施設、院内保育施設、その他施設),140,2025年1月1日
江東区,白河２丁目,-,白河２-13-12号　ビル・アキスリング202号,35.6824384,139.8019183,一時預かり専門託児ル-ム「ろばの子」,認可外保育施設(ベビーホテル、事業所内保育施設、院内保育施設、その他施設),5,2025年1月1日
港区,虎ノ門３丁目,虎ノ門,港区虎ノ門３-１９-１３号　虎ノ門スピリットビル３階,35.6630664,139.7466895,グロ-バルキッズ虎ノ門保育園,認可保育所,56,2024年10月1日
港区,新橋６丁目,虎ノ門広域,港区新橋６-１１-１３号,35.661586,139.7547064,にじいろ保育園新橋,認可保育所,51,2024年10月1日
港区,新橋６丁目,虎ノ門広域,港区新橋６-４-３号　ル・グラシエルビル７号館２階,35.6621966,139.7541645,こころ新橋保育園,認可保育所,60,2024年10月1日
港区,海岸１丁目,-,港区海岸１-１３-１５,35.654328,139.7616781,にじいろ保育園竹芝,認可保育所,32,2024年10月1日
港区,芝浦１丁目,-,港区芝浦１-２番２号　シ-バンスアモ-ル３階,35.6498627,139.7563879,太陽の子シ-バンス保育園,認可保育所,100,2024年10月1日
港区,芝浦１丁目,-,港区芝浦１-６番４１号　グロ-バルフロントタワ-１階,35.6476237,139.7549564,アンジェリカ田町保育園,認可保育所,60,2024年10月1日
港区,芝公園２丁目,-,港区芝公園２-７-３号,35.65421,139.7506329,芝公園保育園,認可保育所,154,2024年10月1日
港区,浜松町１丁目,-,港区浜松町１-１-１１号,35.6599882,139.7554066,汐留サ-ノ保育園,認可保育所,80,2024年10月1日
港区,西麻布２丁目,-,港区西麻布２-２番２号　ＮＫホ-ムズ１階Ｂ,35.6638,139.7202597,コスモス西麻布保育園,認可保育所,50,2024年10月1日
港区,六本木４丁目,六本木,港区六本木４-５-１１,35.664766,139.7324515,ｓａｋｕｒａ保育園六本木,認可保育所,64,2024年10月1日
港区,六本木６丁目,六本木,港区六本木６-５-２７,35.6618586,139.7345469,リトルパルズ保育園六本木,認可保育所,78,2024年10月1日
港区,六本木１丁目,虎ノ門,港区六本木１-９番１０号　ア-クヒルズ仙石山森タワ-,35.6636616,139.7417629,まちの保育園六本木,認可保育所,38,2024年10月1日
港区,浜松町１丁目,-,港区浜松町１-３-１号,35.6598775,139.7569928,小鳩ナ-サリ-スク-ル浜離宮,認可保育所,41,2024年10月1日
港区,浜松町１丁目,-,港区浜松町１-６-７号 プラザ神明１～３階,35.658702,139.7576217,神明保育園,認可保育所,170,2024年10月1日
港区,芝２丁目,-,港区芝２-１２-１６号,35.6516134,139.7527092,アスク芝公園保育園,認可保育所,60,2024年10月1日
港区,芝２丁目,-,港区芝２-１-２７号　穴水ビル２階,35.6533491,139.7511962,ニチイキッズ芝公園保育園,認可保育所,45,2024年10月1日
港区,芝浦１丁目,-,港区芝浦１-９-７号　芝浦おもだかビル２階、３階,35.6481283,139.7534886,太陽の子芝浦１-保育園,認可保育所,66,2024年10月1日
港区,西麻布２丁目,-,港区西麻布２-１３-３号,35.6608085,139.7228136,西麻布保育園,認可保育所,133,2024年10月1日
港区,六本木５丁目,六本木,港区六本木５-１６-４６号,35.6610768,139.7355076,麻布保育園,認可保育所,154,2024年10月1日
港区,東麻布１丁目,-,港区東麻布１-２１-２号,35.6558587,139.7435738,飯倉保育園,認可保育所,140,2024年10月1日
港区,東麻布１丁目,-,港区東麻布１-５-６号,35.6578945,139.7432036,ふたばクラブ東麻布保育園,認可保育所,59,2024年10月1日
港区,東麻布２丁目,-,港区東麻布２-１-１号,35.6581542,139.7425699,東麻布保育園,認可保育所,171,2024年10月1日
港区,東麻布２丁目,-,港区東麻布２-３２-７号 ＲＯＪＵ　ＨＩＧＡＳＨＩＡＺＡＢＵ２階,35.6559802,139.7405114,ＡＩＡＩ　ＮＵＲＳＥＲＹ麻布十番,認可保育所,70,2024年10月1日
港区,麻布十番１丁目,-,港区麻布十番１-３-２号,35.6569965,139.7358507,麻布十番ちとせ保育園,認可保育所,60,2024年10月1日
港区,元麻布３丁目,-,港区元麻布３-２-１９号　ＭＯＭＯＮ六本木ビル１階,35.6574001,139.7273555,アイグラン保育園元麻布,認可保育所,60,2024年10月1日
港区,元麻布２丁目,-,港区元麻布２-１４-１２号,35.6529682,139.7303804,元麻布保育園,認可保育所,180,2024年10月1日
港区,南麻布１丁目,-,港区南麻布１-１４-１号,35.6511727,139.7341078,まなびの森保育園麻布十番,認可保育所,61,2024年10月1日
港区,南麻布１丁目,-,港区南麻布１-８-１１号（東町小学校内）,35.6508706,139.7358331,まなびの森保育園麻布,認可保育所,60,2024年10月1日
港区,南麻布４丁目,-,港区南麻布４-１１-３０号　南麻布渋谷ビル２階,35.6470047,139.7275536,太陽の子南麻布保育園,認可保育所,70,2024年10月1日
港区,南麻布４丁目,-,港区南麻布４-２-２９号１０１,35.6477905,139.7241544,南麻布保育園,認可保育所,105,2024年10月1日
港区,南麻布４丁目,-,港区南麻布４-６-７号,35.6510107,139.7273033,本村保育園,認可保育所,114,2024年10月1日
港区,南麻布２丁目,-,港区南麻布２-１１-１０号　ＯＪビル３階,35.647714,139.7357691,アイグラン保育園南麻布,認可保育所,130,2024年10月1日
港区,赤坂５丁目,赤坂,港区赤坂５-５-２６号１０１,35.6708844,139.7337459,赤坂保育園,認可保育所,105,2024年10月1日
港区,赤坂４丁目,赤坂,港区赤坂４-１-２６号,35.676412,139.7347065,赤坂山王保育園,認可保育所,121,2024年10月1日
港区,赤坂４丁目,赤坂,港区赤坂４-７-１５号　陽栄光和ビル１階,35.6755372,139.7338726,赤坂ちとせ保育園,認可保育所,50,2024年10月1日
港区,南青山１丁目,-,港区南青山１-３番１号　パ-クアクシス青山１-タワ-２階,35.671746,139.725554,アイグラン保育園青山１-,認可保育所,60,2024年10月1日
港区,赤坂４丁目,赤坂,港区赤坂４-９-３号,35.6754739,139.7329955,赤坂クレア保育園,認可保育所,54,2024年10月1日
港区,赤坂８丁目,赤坂,港区赤坂８-１２-１６号　ＮＯＺＹ　ＡＫＡＳＡＫＡ１階、２階、３階,35.6699039,139.7305863,太陽の子赤坂保育園,認可保育所,60,2024年10月1日
港区,芝５丁目,-,港区芝５-１８番１-１０１号,35.6479256,139.7479692,芝保育園,認可保育所,168,2024年10月1日
港区,北青山３丁目,-,港区北青山３-４-１号１０１,35.6668612,139.7130123,青山保育園,認可保育所,130,2024年10月1日
港区,北青山３丁目,-,港区北青山３-４-３号,35.6677254,139.7133584,おはよう保育園　ののあおやま,認可保育所,23,2024年10月1日
港区,南青山１丁目,-,港区南青山１-３-１５号,35.6710876,139.7254598,南青山保育園,認可保育所,142,2024年10月1日
港区,南青山２丁目,-,港区南青山２-５-１７号　ＰＯＬＡ青山ビルディング３階,35.6718539,139.7228136,まちの保育園南青山,認可保育所,28,2024年10月1日
港区,南青山４丁目,-,港区南青山４-１５-８号　南青山２４６ビル,35.6649616,139.7182845,小学館アカデミ-南青山保育園,認可保育所,50,2024年10月1日
港区,芝浦４丁目,-,港区芝浦４-15番1号　プラウドタワ-芝浦２階,35.6389139,139.7477979,ポピンズナ-サリ-スク-ル芝浦ベイ,認可保育所,23,2024年10月1日
港区,南青山４丁目,-,港区南青山４-１-６号　セブン南青山ビル１階２階,35.6673141,139.7191437,太陽の子南青山保育園,認可保育所,60,2024年10月1日
港区,芝５丁目,-,港区芝５-３３-１１号,35.6468629,139.7487312,にじいろ保育園三田,認可保育所,23,2024年10月1日
港区,芝浦２丁目,-,港区芝浦２-９番１号　ブランズタワ-芝浦２階,35.6434821,139.7531265,太陽の子芝浦２-保育園,認可保育所,50,2024年10月1日
港区,白金台３丁目,-,港区白金台３-１３-１８,35.6358355,139.7246934,アイグラン保育園白金台,認可保育所,71,2024年10月1日
港区,海岸３丁目,-,港区海岸３-１６-６号,35.6422702,139.7559599,にじいろ保育園海岸３-,認可保育所,125,2024年10月1日
港区,白金台２丁目,-,港区白金台２-２６番１０号　グリ-ンオ-ク高輪台２階,35.6317853,139.729957,ニチイキッズ白金台保育園,認可保育所,70,2024年10月1日
港区,白金１丁目,-,港区白金１-２６番１０号　白金Ｋ-ＦＬＡＴ１階、２階の一部,35.6438894,139.7335126,ミアヘルサ保育園ゆらりん白金,認可保育所,50,2024年10月1日
港区,白金１丁目,-,港区白金１-２番１号　スタ-チャイルド白金高輪ナ-サリ-,35.6444158,139.7332499,スタ-チャイルド白金高輪ナ-サリ-,認可保育所,32,2024年10月1日
港区,芝浦３丁目,-,港区芝浦３-１-１６号,35.6451172,139.7501861,しばうら保育園,認可保育所,227,2024年10月1日
港区,芝浦３丁目,-,港区芝浦３-２０-２号　山楽ビル２階、３階,35.6422069,139.7465026,太陽の子芝浦３-保育園,認可保育所,53,2024年10月1日
港区,芝浦４丁目,-,港区芝浦４-１２-２８号,35.6395616,139.7490058,アスク芝浦４-保育園,認可保育所,60,2024年10月1日
港区,芝浦４丁目,-,港区芝浦４-１７-３号　芝浦ＮＡビル３階,35.637048,139.7471475,デイジ-保育園芝浦,認可保育所,54,2024年10月1日
港区,芝浦２丁目,-,港区芝浦２-３-３１号　第二高取ビル２階,35.6441091,139.7545344,にじのいるか保育園芝浦,認可保育所,63,2024年10月1日
港区,白金台２丁目,-,港区白金台２-１１-３号,35.6331967,139.7307116,えほんのもり白金台保育園,認可保育所,35,2024年10月1日
港区,白金３丁目,-,港区白金３-１０-１２号,35.6448862,139.7311041,白金保育園,認可保育所,107,2024年10月1日
港区,白金３丁目,-,港区白金３-２-３号,35.6466208,139.7312948,ミアヘルサ保育園ひびき白金高輪,認可保育所,50,2024年10月1日
港区,白金４丁目,-,港区白金４-７-２号,35.6428651,139.7276623,みつばち保育園,認可保育所,30,2024年10月1日
港区,三田１丁目,-,港区三田１-２-１８号　ＴＴＤ　ＰＬＡＺＡビル２階,35.655031,139.7406593,太陽の子三田保育園,認可保育所,70,2024年10月1日
港区,三田１丁目,-,港区三田１-３-３１号　Ｆｏｒｅｃａｓｔ三田２階,35.6545527,139.7436078,アイグラン保育園赤羽橋,認可保育所,60,2024年10月1日
港区,三田５丁目,-,港区三田５-１７-２号,35.645192,139.7369385,うれしい保育園白金高輪,認可保育所,60,2024年10月1日
港区,三田５丁目,-,港区三田５-４-３号　三田プラザビル３階,35.6476746,139.7389306,太陽の子三田５-保育園,認可保育所,60,2024年10月1日
港区,三田４丁目,-,港区三田４-１９-３０号,35.6403302,139.7387379,伊皿子坂保育園,認可保育所,155,2024年10月1日
港区,高輪１丁目,-,港区高輪１-１６-１５号　自動車部品会館２階,35.64095,139.733479,高輪さつき保育園,認可保育所,60,2024年10月1日
港区,高輪１丁目,-,港区高輪１-２７-４０号,35.6367093,139.7320516,愛星保育園,認可保育所,65,2024年10月1日
品川区,大崎２丁目,-,品川区大崎２-１-１　ＴｈｉｎｋＰａｒｋ　Ｐｌａｚａ１階,35.6184266,139.7275827,ＡＩＡＩ　ＮＵＲＳＥＲＹ　大崎,認可保育所,60,2024年10月1日
港区,高輪１丁目,-,港区高輪１-５-３８号　ＨＵＧ高輪１階、２階,35.6416744,139.7366737,ミアヘルサ保育園ゆらりん高輪,認可保育所,101,2024年10月1日
港区,高輪１丁目,-,港区高輪１-６-９号,35.6423054,139.7353494,みなと保育園,認可保育所,63,2024年10月1日
港区,高輪３丁目,-,港区高輪３-１８-１５号,35.633171,139.7356956,高輪保育園,認可保育所,155,2024年10月1日
港区,高輪３丁目,-,港区高輪３-４-３号,35.6347981,139.7318328,高輪夢保育園,認可保育所,50,2024年10月1日
港区,高輪２丁目,-,港区高輪２-１６-８号,35.6399127,139.7387859,ほっぺるランド高輪２-,認可保育所,60,2024年10月1日
港区,港南２丁目,-,港区港南２-１６番６号　ＣａｎｏｎＳタワ-,35.625598,139.7403848,ふたばクラブ港南保育園,認可保育所,29,2024年10月1日
港区,高輪２丁目,-,港区高輪２-６-２１号,35.636166,139.7333254,さくらさくみらい高輪,認可保育所,84,2024年10月1日
港区,港南１丁目,-,港区港南１-８-２３号 ＳｈｉｎａｇａｗａＨＥＡＲＴ２階,35.6297406,139.7444987,ミアヘルサ保育園ゆらりんはぁと,認可保育所,50,2024年10月1日
新宿区,四谷１丁目,-,新宿区四谷１-６-１ コモレ四谷２Ｆ,35.6876833,139.7288974,にじいろ保育園四ツ谷,認可保育所,30,2024年10月1日
新宿区,愛住町,-,新宿区愛住町６,35.6889715,139.7201372,グロ-バルキッズ愛住町園,認可保育所,80,2024年10月1日
新宿区,若葉１丁目,-,新宿区若葉１-９,35.6862124,139.7260303,グロ-バルキッズ若葉園,認可保育所,42,2024年10月1日
新宿区,南元町,-,新宿区南元町４,35.67988,139.7236915,二葉南元保育園,認可保育所,110,2024年10月1日
新宿区,大京町,-,新宿区大京町２９,35.6843592,139.7169877,新宿三つの木保育園もりさんかくしかく,認可保育所,80,2024年10月1日
新宿区,新宿６丁目,-,新宿区新宿６-２７-５６　新宿スクエアビル２Ｆ,35.6970904,139.7097861,フロンティアキッズ新宿,認可保育所,48,2024年10月1日
新宿区,新宿７丁目,-,新宿区新宿７-１６-８,35.6985379,139.7079309,きゃんばす東新宿保育園,認可保育所,50,2024年10月1日
新宿区,西新宿５丁目,-,新宿区西新宿５-２-１　シティタワ-新宿アネックス2F,35.6949709,139.6875971,ポピンズナ-サリ-スク-ル西新宿,認可保育所,60,2024年10月1日
新宿区,西新宿５丁目,-,新宿区西新宿５-５-１,35.6900919,139.6995336,グロ-バルキッズ西新宿園,認可保育所,51,2024年10月1日
新宿区,西新宿６丁目,-,新宿区西新宿６-１１-３　Ｄタワ-西新宿２Ｆ,35.694928,139.6899409,アイグラン保育園西新宿,認可保育所,46,2024年10月1日
新宿区,西新宿６丁目,-,新宿区西新宿６-７-３９,35.689748,139.6997928,新宿成子坂愛育園,認可保育所,130,2024年10月1日
新宿区,西新宿７丁目,-,新宿区西新宿７-１８-１　ＴＯＭＯＥビル２Ｆ,35.6955872,139.6967436,ル-チェ保育園　西新宿,認可保育所,65,2024年10月1日
新宿区,西落合２丁目,-,新宿区西落合２-７-１６　伊勢光ビル２Ｆ・３Ｆ,35.7202661,139.6785347,キッズガ-デン新宿西落合,認可保育所,80,2024年10月1日
新宿区,西落合３丁目,-,新宿区西落合３-１９-９,35.7256185,139.6793423,グロ-バルキッズ西落合保育園,認可保育所,96,2024年10月1日
新宿区,中落合２丁目,-,新宿区中落合２-７-２４,35.7179649,139.6939877,中落合第ニ保育園,認可保育所,136,2024年10月1日
新宿区,中落合２丁目,-,新宿区中落合２-７-５　1階,35.7178932,139.6945962,下落合そらいろ保育園,認可保育所,80,2024年10月1日
新宿区,中落合３丁目,-,新宿区中落合３-２１-１０,35.7213028,139.6865809,ウィズブック保育園中落合,認可保育所,66,2024年10月1日
新宿区,中落合４丁目,-,新宿区中落合４-２５-１９,35.7189584,139.682244,新宿こだま保育園,認可保育所,105,2024年10月1日
新宿区,下落合１丁目,-,新宿区下落合１-９-１０,35.7179937,139.7000721,キッズタウン下落合保育園,認可保育所,131,2024年10月1日
新宿区,上落合１丁目,-,新宿区上落合１-１５-１３,35.7156397,139.6931915,ほっぺるランド上落合,認可保育所,116,2024年10月1日
新宿区,上落合１丁目,-,新宿区上落合１-２６-１９,35.7127322,139.6911336,八幡神社愛育園,認可保育所,76,2024年10月1日
新宿区,上落合１丁目,-,新宿区上落合１-５-２　羽場ビル,35.7112853,139.6914964,アイグラン保育園落合,認可保育所,117,2024年10月1日
新宿区,中井２丁目,-,新宿区中井２-８-６,35.7176831,139.6861911,獅子吼保育園,認可保育所,80,2024年10月1日
新宿区,早稲田鶴巻町,-,新宿区早稲田鶴巻町５７５-１　早稲田鶴巻町パ-ク・ホ-ムズ１Ｆ,35.7088848,139.727802,ほっぺるランド早稲田鶴巻町,認可保育所,60,2024年10月1日
新宿区,早稲田南町,-,新宿区早稲田南町５０,35.7051257,139.7222817,早稲田南町保育園,認可保育所,221,2024年10月1日
新宿区,戸山２丁目,-,新宿区戸山２-１８-１０１,35.7021138,139.7122833,戸山第ニ保育園,認可保育所,111,2024年10月1日
新宿区,原町２丁目,-,新宿区原町２-４３,35.6988793,139.7238301,原町みゆき保育園,認可保育所,160,2024年10月1日
新宿区,河田町,-,新宿区河田町１０-１３,35.6976295,139.7181998,至誠会保育園,認可保育所,180,2024年10月1日
新宿区,河田町,-,新宿区河田町３-２９　プラウドフラット新宿河田町１Ｆ,35.6965765,139.7214768,フロンティアキッズ曙橋,認可保育所,70,2024年10月1日
新宿区,若松町,-,新宿区若松町２８-３６　AIFLAT若松河田1F,35.700909,139.718328,フロンティアキッズ夏目坂,認可保育所,50,2024年10月1日
新宿区,市谷加賀町２丁目,-,新宿区市谷加賀町２-４-１８,35.6968459,139.7287997,にじいろ保育園市谷加賀町,認可保育所,66,2024年10月1日
新宿区,市谷薬王寺町,-,新宿区市谷薬王寺町２０-４０,35.696148,139.7246928,アスク薬王寺保育園,認可保育所,74,2024年10月1日
新宿区,市谷台町,-,新宿区市谷台町１-３　モデラ-ト１Ｆ,35.6931114,139.7205588,ニチイキッズ曙橋保育園,認可保育所,65,2024年10月1日
新宿区,富久町,-,新宿区富久町２２-２１,35.6940222,139.7156994,富久町保育園,認可保育所,164,2024年10月1日
新宿区,矢来町,-,新宿区矢来町９８-１　スキップビル１Ｆ,35.7022911,139.7344791,アスク神楽坂保育園,認可保育所,79,2024年10月1日
新宿区,榎町,-,新宿区榎町４３-１　プライム神楽坂ビル２・３Ｆ,35.7045315,139.7286565,ほっぺるランド神楽坂,認可保育所,122,2024年10月1日
新宿区,東五軒町,-,新宿区東五軒町５-２４,35.7067825,139.740129,東五軒町保育園,認可保育所,174,2024年10月1日
新宿区,新小川町,-,新宿区新小川町１-８　こだまビル２F,35.7045009,139.7432927,太陽の子新小川町保育園,認可保育所,64,2024年10月1日
新宿区,新小川町,-,新宿区新小川町４-１１,35.7057556,139.74275,小学館アカデミ-飯田橋ガ-デン保育園,認可保育所,60,2024年10月1日
新宿区,神楽坂４丁目,-,新宿区神楽坂４-８　神楽坂プラザビル１Ｆ,35.7026739,139.7396758,グロ-バルキッズ神楽坂園,認可保育所,60,2024年10月1日
新宿区,市谷船河原町,-,新宿区市谷船河原町１　市ヶ谷エスワンビル２・３Ｆ,35.6972398,139.7396959,ぽけっとランド市ヶ谷保育園,認可保育所,122,2024年10月1日
新宿区,南町,-,新宿区南町２０-３,35.6983314,139.7350458,アスク新宿南町保育園,認可保育所,89,2024年10月1日
新宿区,払方町,-,新宿区払方町１９-１　エムジ-市ケ谷ビル２・３Ｆ,35.6966155,139.7348139,ポピンズナ-サリ-スク-ル市ケ谷,認可保育所,80,2024年10月1日
新宿区,市谷本村町,-,新宿区市谷本村町２-１０　ストリ-ム市ケ谷３Ｆ,35.6901396,139.7315525,ポピンズナ-サリ-スク-ル四ッ谷,認可保育所,61,2024年10月1日
新宿区,市谷長延寺町,-,新宿区市谷長延寺町８,35.6940893,139.7343473,長延保育園,認可保育所,74,2024年10月1日
新宿区,弁天町,-,新宿区弁天町５０,35.7037014,139.7271235,弁天町保育園,認可保育所,148,2024年10月1日
新宿区,北山伏町,-,新宿区北山伏町１-２,35.6997258,139.7319775,ほっぺるランド牛込,認可保育所,115,2024年10月1日
新宿区,西早稲田１丁目,-,新宿区西早稲田１-２-２,35.7078942,139.7178157,にじいろ保育園西早稲田,認可保育所,67,2024年10月1日
新宿区,西早稲田１丁目,-,新宿区西早稲田１-９-３０,35.7103949,139.7212604,西早稲田保育園,認可保育所,79,2024年10月1日
新宿区,西早稲田３丁目,-,新宿区西早稲田３-９-１４,35.7116054,139.7143318,ぴっころきっず西早稲田,認可保育所,63,2024年10月1日
新宿区,大久保１丁目,-,新宿区大久保１-１６-２０,35.6938253,139.7033559,ほっぺるランド新大久保,認可保育所,57,2024年10月1日
新宿区,大久保２丁目,-,新宿区大久保２-１１-５,35.702468,139.7068737,エイビイシイ保育園,認可保育所,90,2024年10月1日
新宿区,大久保３丁目,-,新宿区大久保３-１１-１,35.7084293,139.7060558,大久保第一保育園,認可保育所,116,2024年10月1日
新宿区,大久保３丁目,-,新宿区大久保３-８-４　住友不動産新宿ガ-デンタワ-アネックス２Ｆ,35.7091562,139.7028113,にじいろ保育園高田馬場南,認可保育所,20,2024年10月1日
新宿区,百人町２丁目,-,新宿区百人町２-１８-２１,35.703305,139.6981646,百人町保育園,認可保育所,85,2024年10月1日
新宿区,百人町２丁目,-,新宿区百人町２-２２-６,35.7034071,139.6972599,クオリスキッズおおくぼ保育園,認可保育所,60,2024年10月1日
新宿区,百人町３丁目,-,新宿区百人町３-２１-１４,35.7049843,139.6998517,新栄保育園,認可保育所,148,2024年10月1日
新宿区,北新宿２丁目,-,新宿区北新宿２-４-１１,35.7002985,139.6902401,アスク北新宿保育園,認可保育所,81,2024年10月1日
新宿区,北新宿３丁目,-,新宿区北新宿３-９-２０,35.7018847,139.6915372,ほっぺるランド北新宿,認可保育所,72,2024年10月1日
新宿区,北新宿４丁目,-,新宿区北新宿４-２１-１４,35.6903301,139.717113,東京母子愛育会保育園,認可保育所,100,2024年10月1日
新宿区,高田馬場１丁目,-,新宿区高田馬場１-１６-２６,35.711052,139.7073918,にじいろ保育園高田馬場東,認可保育所,72,2024年10月1日
新宿区,高田馬場１丁目,-,新宿区高田馬場１-２４-１６　内田ビル１Ｆ,35.7117787,139.7052555,にじいろ保育園高田馬場西,認可保育所,24,2024年10月1日
新宿区,高田馬場１丁目,-,新宿区高田馬場１-４-１７,35.7114318,139.7095367,高田馬場第ニ保育園,認可保育所,105,2024年10月1日
新宿区,高田馬場３丁目,-,新宿区高田馬場３-１-５　花川第２ビル１・２Ｆ,35.7145283,139.7040213,保育所まぁむ高田馬場駅前園,認可保育所,75,2024年10月1日
新宿区,高田馬場３丁目,-,新宿区高田馬場３-４０-３,35.7126142,139.6960399,オルト保育園,認可保育所,122,2024年10月1日
江東区,毛利２丁目,-,江東区毛利２-１-１４,35.6904493,139.8165544,江東区毛利保育園,認可保育所,117,2024年10月1日
江東区,住吉１丁目,-,江東区住吉１-７-８,35.6879757,139.8112693,グロ-バルキッズ住吉園,認可保育所,62,2024年10月1日
江東区,住吉２丁目,-,江東区住吉２-２５-９,35.6876885,139.8162451,めばえ保育園,認可保育所,125,2024年10月1日
江東区,猿江２丁目,-,江東区猿江２-６-３,35.6869497,139.8143766,キッズスマイル江東猿江,認可保育所,72,2024年10月1日
江東区,猿江１丁目,-,江東区猿江１-８-１０,35.6854255,139.8135743,江東区猿江保育園,認可保育所,61,2024年10月1日
江東区,森下１丁目,-,江東区森下１-２-２,35.6865685,139.7966498,ゆめの森保育園,認可保育所,61,2024年10月1日
江東区,森下３丁目,-,江東区森下３-１４-６,35.6859518,139.8030451,江東区森下保育園,認可保育所,108,2024年10月1日
江東区,森下３丁目,-,江東区森下３-１８-１０,35.6871609,139.8033353,あゆみ保育園,認可保育所,46,2024年10月1日
江東区,森下３丁目,-,江東区森下３-５-２６,35.6867886,139.8016486,太陽の子　森下三丁目保育園,認可保育所,80,2024年10月1日
江東区,森下５丁目,-,江東区森下５-１１-２,35.6850683,139.8088915,グロ-バルキッズ森下五丁目園,認可保育所,62,2024年10月1日
江東区,森下３丁目,-,江東区森下３-１０-７,35.68653,139.8013389,神愛保育園,認可保育所,80,2024年10月1日
江東区,森下４丁目,-,江東区森下４-１０-８　２・３階,35.6859679,139.8060741,グロ-バルキッズ深川森下園,認可保育所,90,2024年10月1日
江東区,新大橋２丁目,-,江東区新大橋２-１７-９,35.6900462,139.7948065,ワ-カ-ズコ-プ　新大橋のびっこ保育園,認可保育所,54,2024年10月1日
江東区,扇橋１丁目,-,江東区扇橋１-１５-３,35.6829817,139.8108434,保育園ミルキ-ウェイ清澄白河園,認可保育所,51,2024年10月1日
江東区,扇橋１丁目,-,江東区扇橋１-２１-５,35.683912,139.8128227,マミ-保育園扇橋,認可保育所,80,2024年10月1日
江東区,扇橋３丁目,-,江東区扇橋３-１５-２,35.683274,139.8175441,アソシエ住吉扇橋保育園,認可保育所,67,2024年10月1日
江東区,千田,-,江東区千田１８-８,35.6822986,139.8172189,AIAI NURSERY 千田,認可保育所,68,2024年10月1日
江東区,千田,-,江東区千田２２-８,35.6805966,139.816561,江東区千田保育園,認可保育所,100,2024年10月1日
江東区,千石１丁目,-,江東区千石１-３-２６,35.6771061,139.811428,チェリッシュナ-サリ-スク-ル木場,認可保育所,89,2024年10月1日
江東区,千石２丁目,-,江東区千石２-１０-６　２階,35.6785003,139.8171728,キッズスマイル江東千石,認可保育所,67,2024年10月1日
江東区,東陽２丁目,-,江東区東陽２-２-１４,35.6665623,139.815052,マミ-保育園東陽町,認可保育所,121,2024年10月1日
江東区,東陽２丁目,-,江東区東陽２-４-３９,35.6690737,139.8181941,さくらさくみらい新東陽,認可保育所,73,2024年10月1日
江東区,東陽２丁目,-,江東区東陽２-４-８,35.6684004,139.81924,さくらさくみらい東陽二丁目,認可保育所,48,2024年10月1日
江東区,東陽３丁目,-,江東区東陽３-２２-１-１０１,35.6691595,139.8137208,江東区東陽保育園,認可保育所,122,2024年10月1日
江東区,東陽３丁目,-,江東区東陽３-２７-３２,35.6697733,139.815106,スタ-チス保育園,認可保育所,81,2024年10月1日
江東区,東陽５丁目,-,江東区東陽５-２８-８,35.6719319,139.814668,さくらさくみらい東陽町,認可保育所,66,2024年10月1日
江東区,東陽３丁目,-,江東区東陽３-２３-２１　１階,35.6698046,139.8144666,テンダ-ラビング保育園東陽,認可保育所,100,2024年10月1日
江東区,東陽２丁目,-,江東区東陽２-４-４６　２階,35.6691238,139.8193641,ほっぺるランド東陽町,認可保育所,100,2024年10月1日
江東区,白河１丁目,-,江東区白河１-７-１,35.6831412,139.7996407,江東区白河保育園,認可保育所,97,2024年10月1日
江東区,白河１丁目,-,江東区白河１-７-５　１階,35.6827106,139.7996407,グロ-バルキッズ白河一丁目園,認可保育所,53,2024年10月1日
江東区,白河３丁目,-,江東区白河３-１０-８,35.6834893,139.806224,小鳩保育園　清澄白河,認可保育所,50,2024年10月1日
江東区,白河３丁目,-,江東区白河３-１-１１,35.6815743,139.8043758,グロ-バルキッズ清澄白河園,認可保育所,81,2024年10月1日
江東区,白河４丁目,-,江東区白河４-９-２,35.683822,139.8086672,まなびの森保育園白河,認可保育所,170,2024年10月1日
江東区,白河１丁目,-,江東区白河１-５-１-１０１,35.6833971,139.8002801,江東区白河かもめ保育園,認可保育所,89,2024年10月1日
江東区,白河３丁目,-,江東区白河３-３-６,35.6818273,139.8058537,子供の村保育園,認可保育所,65,2024年10月1日
江東区,白河４丁目,-,江東区白河４-９-２５　２階,35.6829668,139.8069133,さんいく保育園清澄白河,認可保育所,105,2024年10月1日
江東区,三好２丁目,-,江東区三好２-６-１１,35.6795349,139.803441,さくらさくみらい三好,認可保育所,64,2024年10月1日
江東区,三好３丁目,-,江東区三好３-２-１１,35.6800154,139.8053736,アンジェリカ白河保育園,認可保育所,61,2024年10月1日
江東区,平野１丁目,-,江東区平野１-３-１０,35.6773645,139.8005086,グロ-バルキッズ平野園,認可保育所,61,2024年10月1日
江東区,清澄１丁目,-,江東区清澄１-７-１２,35.68277,139.7942527,おはよう保育園　清澄白河,認可保育所,60,2024年10月1日
江東区,清澄３丁目,-,江東区清澄３-１０-５,35.6830407,139.7974631,うぃず清澄白河駅前保育園,認可保育所,70,2024年10月1日
江東区,深川１丁目,-,江東区深川１-６-１５-１０１,35.677438,139.7963117,江東区深川一丁目保育園,認可保育所,80,2024年10月1日
江東区,冬木,-,江東区冬木１１-１７　１・２階,35.6735251,139.8000313,もんなかほうゆう保育園,認可保育所,45,2024年10月1日
江東区,冬木,-,江東区冬木１-５,35.6731545,139.8002401,ナ-サリ-ル-ムベリ-ベア-深川冬木,認可保育所,225,2024年10月1日
江東区,冬木,-,江東区冬木１６-７,35.6749407,139.8012706,まこと保育園,認可保育所,99,2024年10月1日
江東区,木場１丁目,-,江東区木場１-４-５,35.6686151,139.8047561,スマイルクラブナ-サリ-木場,認可保育所,46,2024年10月1日
江東区,木場１丁目,-,江東区木場１-４-７,35.668671,139.8042651,さくらさくみらい木場,認可保育所,64,2024年10月1日
江東区,木場２丁目,-,江東区木場２-１３-１７,35.6715445,139.8046578,タムスわんぱく保育園木場,認可保育所,82,2024年10月1日
江東区,木場４丁目,-,江東区木場４-１-６５,35.6727634,139.809333,ＭＩＷＡ木場公園保育園,認可保育所,130,2024年10月1日
江東区,木場５丁目,-,江東区木場５-８-３,35.6707335,139.8078997,グレ-ス保育園,認可保育所,66,2024年10月1日
江東区,木場１丁目,-,江東区木場１-３-５,35.6684089,139.802552,アゼリヤ保育園,認可保育所,78,2024年10月1日
江東区,塩浜１丁目,-,江東区塩浜１-４-４６,35.6637822,139.802198,聖華しおかぜ保育園,認可保育所,120,2024年10月1日
江東区,塩浜２丁目,-,江東区塩浜２-１４-５,35.6629705,139.8091413,キッズスマイル江東塩浜,認可保育所,93,2024年10月1日
江東区,塩浜２丁目,-,江東区塩浜２-６-２,35.6608822,139.8082875,ＬＩＦＥ　ＳＣＨＯＯＬ　塩浜　こどものいえ,認可保育所,80,2024年10月1日
江東区,塩浜２丁目,-,江東区塩浜２-６-３,35.6609264,139.8086421,江東区塩崎保育園,認可保育所,127,2024年10月1日
江東区,塩浜１丁目,-,江東区塩浜１-３-１０,35.6634808,139.8007629,江東区塩浜保育園,認可保育所,129,2024年10月1日
江東区,越中島２丁目,-,江東区越中島２-１-３０,35.6652097,139.7950059,太陽の子越中島保育園,認可保育所,64,2024年10月1日
江東区,越中島２丁目,-,江東区越中島２-１-３２,35.6648892,139.7955399,ポピンズナ-サリ-スク-ル越中島,認可保育所,50,2024年10月1日
江東区,古石場２丁目,-,江東区古石場２-１４-１-１０２,35.6666734,139.8004729,江東区古石場保育園,認可保育所,125,2024年10月1日
江東区,富岡１丁目,-,江東区富岡１-４-１０　１階,35.6704539,139.7979048,富岡クロ-バ-保育園,認可保育所,40,2024年10月1日
江東区,富岡２丁目,-,江東区富岡２-１１-１４,35.6704782,139.8016335,さくらさくみらい富岡,認可保育所,68,2024年10月1日
江東区,富岡２丁目,-,江東区富岡２-９-１１　３階,35.6721038,139.8018988,コスモス江東富岡保育園,認可保育所,79,2024年10月1日
江東区,富岡１丁目,-,江東区富岡１-１４-１７,35.672755,139.7968263,アスクもんなか保育園,認可保育所,90,2024年10月1日
江東区,富岡２丁目,-,江東区富岡２-１１-６　１階,35.6704964,139.8013989,木下の保育園　富岡,認可保育所,78,2024年10月1日
江東区,枝川１丁目,-,江東区枝川１-２-９,35.6587893,139.8022605,豊洲枝川さくらんぼ保育園,認可保育所,100,2024年10月1日
江東区,枝川３丁目,-,江東区枝川３-６-１５,35.6583576,139.8104037,愛隣シャロ-ム保育園,認可保育所,99,2024年10月1日
江東区,枝川２丁目,-,江東区枝川２-２５-１０,35.6573144,139.8081906,深川愛隣保育園,認可保育所,95,2024年10月1日
江東区,潮見１丁目,-,江東区潮見１-２８-８　２・３階,35.6571848,139.8154457,太陽の子　潮見保育園,認可保育所,60,2024年10月1日
江東区,潮見１丁目,-,江東区潮見１-２９-１５-１０１,35.656079,139.814721,江東区潮見保育園,認可保育所,114,2024年10月1日
江東区,辰巳１丁目,-,江東区辰巳１-１０-８１-１０１,35.6481828,139.8113886,江東区辰巳第三保育園,認可保育所,120,2024年10月1日
江東区,辰巳１丁目,-,江東区辰巳１-２-４　１・２階,35.6494664,139.8086596,江東区辰巳第二保育園,認可保育所,103,2024年10月1日
江東区,豊洲３丁目,-,江東区豊洲３-２-２０-１０６,35.6568969,139.7958903,ミアヘルサ保育園ゆらりん豊洲フロント,認可保育所,60,2024年10月1日
江東区,豊洲３丁目,-,江東区豊洲３-４-８　２階,35.6569919,139.7979664,ＴＫチルドレンズファ-ム豊洲校,認可保育所,50,2024年10月1日
江東区,豊洲３丁目,-,江東区豊洲３-４-８　２階,35.6569919,139.7979664,ＴＫチルドレンズファ-ム豊洲第二校,認可保育所,45,2024年10月1日
江東区,豊洲３丁目,-,江東区豊洲３-６-８　１階,35.6599915,139.7959634,アスク豊洲保育園,認可保育所,60,2024年10月1日
江東区,豊洲４丁目,-,江東区豊洲４-１-８,35.6547709,139.7976629,さくらさくみらい豊洲,認可保育所,69,2024年10月1日
江東区,豊洲５丁目,-,江東区豊洲５-１-２６,35.6523242,139.7949509,グロ-バルキッズ豊洲園,認可保育所,200,2024年10月1日
江東区,豊洲５丁目,-,江東区豊洲５-６-２９,35.6511139,139.7967133,グロ-バルキッズ豊洲五丁目保育園,認可保育所,91,2024年10月1日
江東区,豊洲５丁目,-,江東区豊洲５-６-５２　１階,35.650611,139.7992411,アイグラン保育園豊洲,認可保育所,55,2024年10月1日
江東区,豊洲６丁目,-,江東区豊洲６-２-１０　２階,35.6494239,139.7930296,小学館アカデミ-しんとよす保育園,認可保育所,243,2024年10月1日
江東区,豊洲５丁目,-,江東区豊洲５-５-２５,35.652699,139.7973359,キッズポケット豊洲保育園,認可保育所,77,2024年10月1日
江東区,豊洲３丁目,-,江東区豊洲３-５-２１-１０２,35.6591263,139.7954282,蓮美幼児学園とよすナ-サリ-,認可保育所,134,2024年10月1日
江東区,豊洲３丁目,-,江東区豊洲３-５-３　１階,35.6589539,139.7956053,蓮美幼児学園第２とよすナ-サリ-,認可保育所,87,2024年10月1日
江東区,豊洲４丁目,-,江東区豊洲４-１０-１-１０６,35.653762,139.8015295,ミアヘルサ保育園ゆらりん豊四,認可保育所,75,2024年10月1日
江東区,豊洲４丁目,-,江東区豊洲４-１１-２０-１３８,35.6535176,139.8000701,ひまわりキッズガ-デン豊洲,認可保育所,91,2024年10月1日
江東区,豊洲４丁目,-,江東区豊洲４-１-２４,35.654473,139.797164,ミアヘルサ保育園ひびき豊洲,認可保育所,120,2024年10月1日
江東区,豊洲４丁目,-,江東区豊洲４-５-８,35.6545884,139.8004798,江東区豊洲保育園,認可保育所,130,2024年10月1日
江東区,豊洲２丁目,-,江東区豊洲２-５-３-１０１,35.6583609,139.7922006,ＭＩＷＡシンフォニア保育園,認可保育所,120,2024年10月1日
江東区,東雲１丁目,-,江東区東雲１-１０-１４,35.650661,139.8024144,グロ-バルキッズしののめ園,認可保育所,79,2024年10月1日
江東区,東雲１丁目,-,江東区東雲１-８-５-１０１,35.644945,139.8002229,江東区東雲保育園,認可保育所,77,2024年10月1日
江東区,東雲２丁目,-,江東区東雲２-１-２２,35.6437331,139.8015187,みんなのみらいをつくる保育園東雲,認可保育所,50,2024年10月1日
江東区,東雲２丁目,-,江東区東雲２-４-４-１０３,35.6433595,139.7991888,江東区東雲第二保育園,認可保育所,82,2024年10月1日
江東区,東雲１丁目,-,江東区東雲１-８-１８,35.6447797,139.8009269,ＹＭＣＡオリ-ブ保育園,認可保育所,109,2024年10月1日
江東区,東雲１丁目,-,江東区東雲１-９-１４-１０４,35.6464639,139.8043958,ＹＭＣＡキャナルコ-ト保育園,認可保育所,117,2024年10月1日
江東区,東雲１丁目,-,江東区東雲１-９-１８-２０３,35.6476645,139.8042291,ひまわりキッズガ-デン東雲,認可保育所,96,2024年10月1日
江東区,東雲１丁目,-,江東区東雲１-９-５１,35.649169,139.804525,東雲キャナルコ-トナ-サリ-スク-ル,認可保育所,90,2024年10月1日
江東区,東雲２丁目,-,江東区東雲２-３-１７　３階,35.6422004,139.8007472,ナ-サリ-ル-ムベリ-ベア-東雲,認可保育所,119,2024年10月1日
江東区,有明１丁目,-,江東区有明１-２-１２,35.641838,139.7945875,みらいく有明園,認可保育所,94,2024年10月1日
江東区,有明１丁目,-,江東区有明１-３-１,35.6398438,139.7910232,キッズスマイル江東有明,認可保育所,58,2024年10月1日
江東区,有明１丁目,-,江東区有明１-５-２　２階,35.6360617,139.7828212,さんいく保育園有明,認可保育所,88,2024年10月1日
江東区,有明１丁目,-,江東区有明１-５-２２,35.6373583,139.7818222,江東湾岸サテライトスマ-トナ-サリ-スク-ル,認可保育所,269,2024年10月1日
江東区,有明１丁目,-,江東区有明１-６-３０,35.6342052,139.7831686,おはよう保育園有明,認可保育所,64,2024年10月1日
江東区,有明３丁目,-,江東区有明３-６-１１　３階,35.630788,139.7906112,ニチイキッズありあけ保育園,認可保育所,71,2024年10月1日
江東区,有明１丁目,-,江東区有明１-４-１１　１階,35.6367887,139.7873935,ひまわりキッズガ-デン有明,認可保育所,122,2024年10月1日
江東区,有明１丁目,-,江東区有明１-４-２０,35.6361603,139.7867218,ひまわりキッズガ-デン有明の森,認可保育所,117,2024年10月1日
江東区,有明３丁目,-,江東区有明３-７-２６　３階,35.6329119,139.7926887,江東湾岸サテライトナ-サリ-スク-ル,認可保育所,302,2024年10月1日
江東区,亀戸１丁目,-,江東区亀戸１-２４-６,35.6946499,139.8240444,江東区亀戸第三保育園,認可保育所,135,2024年10月1日
江東区,亀戸１丁目,-,江東区亀戸１-４３-８　１階,35.6966755,139.8207664,おはよう保育園　亀戸,認可保育所,45,2024年10月1日
江東区,亀戸２丁目,-,江東区亀戸２-１０-１０,35.7003583,139.8230937,クオリスキッズ亀戸保育園,認可保育所,80,2024年10月1日
江東区,亀戸３丁目,-,江東区亀戸３-４３-２３,35.7037345,139.8220008,にじいろ保育園亀戸,認可保育所,79,2024年10月1日
江東区,亀戸５丁目,-,江東区亀戸５-１-１５,35.6978943,139.832299,グロ-バルキッズ亀戸園,認可保育所,120,2024年10月1日
江東区,亀戸６丁目,-,江東区亀戸６-３１-１,35.6953953,139.8286887,ポピンズナ-サリ-スク-ル亀戸,認可保育所,85,2024年10月1日
江東区,亀戸６丁目,-,江東区亀戸６-４２-１３,35.6963396,139.8320369,ソラストこうとう保育園,認可保育所,92,2024年10月1日
江東区,亀戸６丁目,-,江東区亀戸６-５４-２-１０１,35.6965239,139.8324543,江東区亀戸保育園,認可保育所,72,2024年10月1日
江東区,亀戸７丁目,-,江東区亀戸７-１０-１　１階,35.697623,139.8342284,まなびの森保育園亀戸,認可保育所,80,2024年10月1日
江東区,亀戸７丁目,-,江東区亀戸７-３８-１２　１・２階,35.6975152,139.8393478,保育園ミルキ-ウェイ亀戸園,認可保育所,52,2024年10月1日
江東区,亀戸７丁目,-,江東区亀戸７-３９-２８,35.696654,139.8394437,江東亀戸サテライトグロ-バルキッズ竪川園,認可保育所,198,2024年10月1日
江東区,亀戸７丁目,-,江東区亀戸７-４１-１６　３・４階,35.69677,139.8374014,江東区亀戸第二保育園,認可保育所,103,2024年10月1日
江東区,亀戸９丁目,-,江東区亀戸９-３４-１-１４０,35.7002831,139.8404459,亀戸こころ保育園,認可保育所,136,2024年10月1日
江東区,亀戸９丁目,-,江東区亀戸９-３６-１０,35.6984385,139.8389471,亀戸浅間保育園,認可保育所,80,2024年10月1日
江東区,亀戸４丁目,-,江東区亀戸４-１３-１８,35.7009231,139.8281567,アンジェリカ亀戸保育園,認可保育所,78,2024年10月1日
江東区,亀戸４丁目,-,江東区亀戸４-２１-１３,35.7025858,139.8266177,江東区亀戸第四保育園,認可保育所,131,2024年10月1日
江東区,亀戸２丁目,-,江東区亀戸２-６-２-１０２,35.700163,139.8225373,陽だまり保育園,認可保育所,80,2024年10月1日
江東区,亀戸６丁目,-,江東区亀戸６-５３-１１　１・２階,35.6958939,139.8326713,コビ-プリスク-ルかめいど,認可保育所,46,2024年10月1日
江東区,大島１丁目,-,江東区大島１-１０-５,35.6887108,139.8233708,グロ-バルキッズ西大島園,認可保育所,73,2024年10月1日
江東区,大島３丁目,-,江東区大島３-１４-５　１階,35.6898499,139.8281135,プチ・ナ-サリ-西大島,認可保育所,60,2024年10月1日
江東区,大島３丁目,-,江東区大島３-１５-１０,35.6906187,139.8288317,大島なかよし保育園,認可保育所,45,2024年10月1日
江東区,大島４丁目,-,江東区大島４-１-６-１３０,35.6868555,139.8289876,江東区大島第二保育園,認可保育所,92,2024年10月1日
江東区,大島４丁目,-,江東区大島４-２１-３-１０１,35.6864842,139.8318345,江東区大島第五保育園,認可保育所,103,2024年10月1日
江東区,大島５丁目,-,江東区大島５-２７-１３,35.6867683,139.8360113,太陽の子　大島五丁目保育園,認可保育所,78,2024年10月1日
江東区,大島５丁目,-,江東区大島５-３０-１２,35.6877368,139.835003,ＨＯＰＰＡおおじまタウン,認可保育所,60,2024年10月1日
江東区,大島５丁目,-,江東区大島５-４０-４　１階,35.6871155,139.8371269,江東区大島保育園,認可保育所,98,2024年10月1日
江東区,大島６丁目,-,江東区大島６-１-６-１３０,35.692898,139.8333296,江東区大島第三保育園,認可保育所,101,2024年10月1日
江東区,大島６丁目,-,江東区大島６-２２-８,35.6929278,139.8372692,ココロラボインタ-ナショナル大島,認可保育所,56,2024年10月1日
江東区,大島６丁目,-,江東区大島６-２６-１１,35.6910884,139.8370053,キッズスマイル江東大島,認可保育所,60,2024年10月1日
江東区,大島７丁目,-,江東区大島７-３７-１３,35.6919577,139.8415635,かがやき保育園,認可保育所,161,2024年10月1日
江東区,大島８丁目,-,江東区大島８-１２-２０-１０１,35.687263,139.838935,江東区大島第四保育園,認可保育所,99,2024年10月1日
江東区,大島８丁目,-,江東区大島８-３１-２,35.6889904,139.84211,アスク東大島保育園,認可保育所,70,2024年10月1日
江東区,大島９丁目,-,江東区大島９-７-８-１０１,35.6915061,139.8470783,江東区わかば保育園,認可保育所,112,2024年10月1日
江東区,大島３丁目,-,江東区大島３-８-７,35.6924319,139.827697,花と鳥保育園,認可保育所,90,2024年10月1日
江東区,大島２丁目,-,江東区大島２-３６-１５,35.6915861,139.8253585,マミ-保育園西大島,認可保育所,60,2024年10月1日
江東区,北砂１丁目,-,江東区北砂１-１-４-１０１,35.6816974,139.821721,江東区北砂保育園,認可保育所,100,2024年10月1日
江東区,北砂１丁目,-,江東区北砂１-３-３０,35.6841363,139.8236968,江東区小名木川保育園,認可保育所,140,2024年10月1日
江東区,北砂１丁目,-,江東区北砂１-９-６,35.6807431,139.8243272,スクルドエンジェル北砂園,認可保育所,73,2024年10月1日
江東区,北砂３丁目,-,江東区北砂３-４-１５　１階,35.6850566,139.8276924,つくし保育園,認可保育所,46,2024年10月1日
江東区,北砂５丁目,-,江東区北砂５-１-２３,35.6802245,139.832817,キッズスマイル江東北砂,認可保育所,85,2024年10月1日
江東区,北砂５丁目,-,江東区北砂５-１-２８,35.6799691,139.8325387,Ｍｉｌｋｙ　Ｗａｙ　Ｉｎｔｅｒｎａｔｉｏｎａｌ　Ｎｕｒｓｅｒｙ　Ｓｃｈｏｏｌ　北砂校,認可保育所,69,2024年10月1日
江東区,北砂５丁目,-,江東区北砂５-１７-５,35.6820683,139.8343133,にじいろ保育園北砂,認可保育所,69,2024年10月1日
江東区,北砂５丁目,-,江東区北砂５-２０-１０-１０１,35.6833488,139.8317645,江東区亀高第二保育園,認可保育所,110,2024年10月1日
江東区,北砂５丁目,-,江東区北砂５-２０-３-１０１,35.6833488,139.8317645,江東区小名木川第二保育園,認可保育所,122,2024年10月1日
江東区,北砂５丁目,-,江東区北砂５-２０-９-１０１,35.6833488,139.8317645,江東区亀高保育園,認可保育所,111,2024年10月1日
江東区,北砂６丁目,-,江東区北砂６-２７-１９,35.6805318,139.8383645,みらいく北砂園,認可保育所,63,2024年10月1日
港区,港南４丁目,-,港区港南４-２-３号１０１,35.6297541,139.7478747,こうなん保育園,認可保育所,153,2024年10月1日
港区,港南４丁目,-,港区港南４-３-７号,35.6309571,139.7496359,たかはま保育園,認可保育所,163,2024年10月1日
江東区,東砂１丁目,-,江東区東砂１-５-３-１０１,35.6820889,139.8406079,江東区東砂第三保育園,認可保育所,103,2024年10月1日
江東区,北砂５丁目,-,江東区北砂５-１４-１０,35.6807028,139.8345203,江東区東砂保育園,認可保育所,80,2024年10月1日
江東区,北砂４丁目,-,江東区北砂４-１８-２７,35.678534,139.8309609,江東区東砂第二保育園,認可保育所,84,2024年10月1日
江東区,東砂３丁目,-,江東区東砂３-２８-１,35.6795686,139.8443518,マミ-保育園東砂,認可保育所,150,2024年10月1日
江東区,東砂３丁目,-,江東区東砂３-３０-１１,35.6809938,139.8444917,みらいく東砂園,認可保育所,60,2024年10月1日
江東区,東砂７丁目,-,江東区東砂７-１０-３,35.6719626,139.8390012,メリ-ポピンズ南砂ル-ム,認可保育所,64,2024年10月1日
江東区,東砂７丁目,-,江東区東砂７-１７-３５-１０１,35.6740125,139.8388931,江東区東砂第四保育園,認可保育所,92,2024年10月1日
江東区,東砂７丁目,-,江東区東砂７-１８-１８,35.6752798,139.8377395,にじいろ保育園東砂,認可保育所,100,2024年10月1日
江東区,東砂８丁目,-,江東区東砂８-１９-４,35.6675303,139.8411593,キッズスマイル江東東砂,認可保育所,58,2024年10月1日
江東区,東砂６丁目,-,江東区東砂６-２-１６,35.6698431,139.8416155,ともしび保育園,認可保育所,107,2024年10月1日
江東区,新砂３丁目,-,江東区新砂３-３-１１,35.6666341,139.8329362,江東区新砂保育園,認可保育所,119,2024年10月1日
江東区,南砂２丁目,-,江東区南砂２-２-１１,35.6696137,139.8234997,南砂あら川保育園,認可保育所,62,2024年10月1日
江東区,南砂２丁目,-,江東区南砂２-２８-２７,35.6754045,139.8216617,ドリ-ムキッズランド保育園,認可保育所,55,2024年10月1日
江東区,南砂２丁目,-,江東区南砂２-３-３-１０２,35.6738131,139.8228656,江東区南砂第三保育園,認可保育所,104,2024年10月1日
江東区,南砂２丁目,-,江東区南砂２-３-４-１０１,35.6721853,139.8234597,江東区南砂第四保育園,認可保育所,107,2024年10月1日
江東区,南砂２丁目,-,江東区南砂２-３６-１０　１階,35.6723005,139.8258083,太陽の子　南砂２丁目保育園,認可保育所,90,2024年10月1日
江東区,南砂２丁目,-,江東区南砂２-３-６-１０３,35.6706109,139.8236596,江東区南砂第五保育園,認可保育所,70,2024年10月1日
江東区,南砂３丁目,-,江東区南砂３-１４-６,35.670226,139.832496,グロ-バルキッズ南砂園,認可保育所,99,2024年10月1日
江東区,南砂４丁目,-,江東区南砂４-１８-４　１・２階,35.6729652,139.8324791,ル-チェ保育園　南砂,認可保育所,60,2024年10月1日
江東区,南砂４丁目,-,江東区南砂４-４-１-１０２,35.6746343,139.8285389,江東区南砂第一保育園,認可保育所,97,2024年10月1日
江東区,南砂６丁目,-,江東区南砂６-１０-１１,35.670636,139.8355771,おはよう保育園　南砂町,認可保育所,80,2024年10月1日
江東区,南砂７丁目,-,江東区南砂７-１０-９　１階,35.6683322,139.8350837,ひまわり保育園,認可保育所,46,2024年10月1日
江東区,南砂７丁目,-,江東区南砂７-９-１１,35.6698277,139.8352152,江東区城東保育園,認可保育所,119,2024年10月1日
江東区,南砂３丁目,-,江東区南砂３-１０-８,35.6700537,139.830473,南砂町保育園,認可保育所,90,2024年10月1日
江東区,南砂７丁目,-,江東区南砂７-１４-１７,35.6689007,139.8377932,八幡保育園,認可保育所,65,2024年10月1日
江東区,南砂２丁目,-,江東区南砂２-３-１-１０１,35.6711398,139.8220207,江東区南砂第二保育園,認可保育所,109,2024年10月1日
江東区,南砂６丁目,-,江東区南砂６-８-３,35.6712106,139.8348531,江東区南砂さくら保育園,認可保育所,100,2024年10月1日
品川区,旗の台３丁目,-,品川区旗の台３-３-２０,35.6055543,139.707216,Ｇａｋｋｅｎほいくえん　旗の台,認可保育所,60,2024年10月1日
品川区,大崎３丁目,-,品川区大崎３-６-３２,35.6204471,139.7265763,Ｇａｋｋｅｎほいくえん　大崎,認可保育所,80,2024年10月1日
品川区,上大崎３丁目,-,品川区上大崎３-１４-３５,35.6294072,139.7197412,ＴＫチルドレンズファ-ム上大崎校,認可保育所,45,2024年10月1日
品川区,大井１丁目,-,品川区大井１-１６-２,35.6077866,139.7304602,あいのもり保育園,認可保育所,60,2024年10月1日
品川区,東品川１丁目,-,品川区東品川１-３６-１１,35.6183361,139.7462672,アイ保育園,認可保育所,60,2024年10月1日
品川区,南大井６丁目,-,品川区南大井６-２２-７　大森ベルポ-トＥ館１Ｆ,35.589186,139.732192,アスク南大井保育園,認可保育所,90,2024年10月1日
港区,港南４丁目,-,港区港南４-６-７号,35.6277276,139.7505302,ベネッセ港南保育園,認可保育所,60,2024年10月1日
品川区,東大井３丁目,-,品川区東大井３-１-１１,35.6041302,139.73852,アソシエ東大井公園保育園,認可保育所,69,2024年10月1日
品川区,東大井３丁目,-,品川区東大井３-１８-２,35.6006161,139.7384984,アンジェリカはまかわ保育園,認可保育所,90,2024年10月1日
品川区,東品川４丁目,-,品川区東品川４-８-８,35.6094457,139.7458639,アンジェリカ東品川保育園,認可保育所,90,2024年10月1日
品川区,荏原６丁目,-,品川区荏原６-１２-１５,35.6123199,139.7057582,ウィズブック保育園荏原,認可保育所,88,2024年10月1日
品川区,西五反田３丁目,-,品川区西五反田３-８-８,35.6264158,139.7178257,ウィズブック保育園西五反田,認可保育所,60,2024年10月1日
品川区,東品川２丁目,-,品川区東品川２-５-５　ハ-バ-ワンビル１Ｆ,35.6211898,139.7494236,ウィズブック保育園天王洲,認可保育所,73,2024年10月1日
品川区,小山４丁目,-,品川区小山４-４-７　コスモ武蔵小山ビル１・２階,35.6185379,139.7043205,ウィズブック保育園武蔵小山,認可保育所,60,2024年10月1日
品川区,小山４丁目,-,品川区小山４-１４-１０,35.617511,139.7029243,ウィズブック保育園武蔵小山パルズ,認可保育所,117,2024年10月1日
品川区,勝島１丁目,-,品川区勝島１-６-３２,35.5961293,139.7438274,えがおの森保育園・かつしま,認可保育所,73,2024年10月1日
港区,港南４丁目,-,港区港南４-７-３７号（港南緑水公園内）,35.6286301,139.7513278,ミアヘルサ保育園ゆらりん港南緑水,認可保育所,101,2024年10月1日
品川区,西品川２丁目,-,品川区西品川２-２２-２,35.6127768,139.7253779,キッズガ-デン西品川,認可保育所,60,2024年10月1日
品川区,南大井６丁目,-,品川区南大井６-２６-２　Ｂ館１Ｆ,35.5880805,139.7316732,キッズガ-デン南大井,認可保育所,90,2024年10月1日
品川区,上大崎４丁目,-,品川区上大崎４-５-３７本多電機ビル１・２階,35.6289202,139.7152752,キッズガ-デン品川上大崎,認可保育所,108,2024年10月1日
品川区,西五反田８丁目,-,品川区西五反田８-１０-２１,35.6195059,139.7200303,キッズガ-デン品川西五反田,認可保育所,83,2024年10月1日
品川区,小山７丁目,-,品川区小山７-１１-６,35.6100971,139.6979412,キッズガ-デン品川洗足,認可保育所,73,2024年10月1日
品川区,豊町５丁目,-,品川区豊町５-１３-１５,35.6051687,139.7200702,キッズガ-デン品川豊町,認可保育所,83,2024年10月1日
品川区,北品川６丁目,-,品川区北品川６-７-２２,35.6232853,139.7350657,キッズガ-デン北品川,認可保育所,90,2024年10月1日
品川区,西大井２丁目,-,品川区西大井２-５-２１,35.5993621,139.7220005,キッズタウンにしおおい,認可保育所,100,2024年10月1日
港区,台場１丁目,-,港区台場１-１-５号,35.6338701,139.7775088,台場保育園,認可保育所,131,2024年10月1日
品川区,大井３丁目,-,品川区大井３-２６-７,35.6007389,139.7305028,クオリスキッズ大井町第２保育園,認可保育所,60,2024年10月1日
品川区,大井３丁目,-,品川区大井３-１７-１１,35.6017055,139.7310546,クオリスキッズ大井町保育園,認可保育所,60,2024年10月1日
品川区,南品川４丁目,-,品川区南品川４-１-１１,35.6144383,139.7381314,くりのき保育園,認可保育所,90,2024年10月1日
品川区,中延５丁目,-,品川区中延５-２-１,35.6037345,139.7074375,グロ-バルキッズ荏原町保育園,認可保育所,90,2024年10月1日
品川区,戸越５丁目,-,品川区戸越５-１４-２３,35.6104744,139.7153618,グロ-バルキッズ戸越園,認可保育所,60,2024年10月1日
港区,港南４丁目,-,港区港南４-１番８号　リバ-ジュ品川２階,35.6297366,139.7466022,グロ-バルキッズ港南保育園,認可保育所,99,2024年10月1日
品川区,西大井６丁目,-,品川区西大井６-６-２,35.6013906,139.7199427,グロ-バルキッズ西大井園,認可保育所,86,2024年10月1日
品川区,北品川５丁目,-,品川区北品川５-９-１５,35.6187928,139.7343755,グロ-バルキッズ大崎園,認可保育所,60,2024年10月1日
品川区,中延４丁目,-,品川区中延４-５-７,35.6056874,139.7128427,グロ-バルキッズ中延園,認可保育所,60,2024年10月1日
品川区,南大井１丁目,-,品川区南大井１-８-２３,35.5963611,139.7394777,グロ-バルキッズ立会川園,認可保育所,60,2024年10月1日
品川区,中延２丁目,-,品川区中延２-６-４,35.6116037,139.7121052,ソラストえばら保育園,認可保育所,107,2024年10月1日
品川区,南品川６丁目,-,品川区南品川６-３-４,35.6120451,139.7377296,ソラストおおいまち保育園,認可保育所,97,2024年10月1日
品川区,二葉４丁目,-,品川区二葉４-２-１３,35.6026411,139.7138076,ソラストなかのぶ保育園,認可保育所,88,2024年10月1日
港区,白金６丁目,-,港区白金６-９-５号,35.6435764,139.7246077,神応保育園,認可保育所,114,2024年10月1日
品川区,西五反田５丁目,-,品川区西五反田５-６-３８,35.6247616,139.7150454,ソラストぶどうまえ保育園,認可保育所,97,2024年10月1日
品川区,小山５丁目,-,品川区小山５-９-１６,35.6166019,139.7027802,ソラストむさしこやま保育園,認可保育所,99,2024年10月1日
品川区,小山３丁目,-,品川区小山３-７-１６,35.6204874,139.706722,こどもヶ丘保育園小山園,認可保育所,60,2024年10月1日
品川区,中延６丁目,-,品川区中延６-１-１９,35.6031315,139.7106607,このえ中延保育園,認可保育所,70,2024年10月1日
品川区,東大井２丁目,-,品川区東大井２-１１-４,35.6014476,139.7400956,さくらさくみらい　東大井,認可保育所,64,2024年10月1日
品川区,東品川４丁目,-,品川区東品川４-９-２０,35.608847,139.7453807,さくらさくみらい　東品川,認可保育所,70,2024年10月1日
品川区,北品川１丁目,-,品川区北品川１-２８-１０,35.6202624,139.7414772,さくらさくみらい　北品川,認可保育所,63,2024年10月1日
港区,港南１丁目,-,港区港南１-６-２７号　ＳＳＪ品川ビル２階,35.6295664,139.7453485,ミアヘルサ保育園ゆらりん港南,認可保育所,60,2024年10月1日
品川区,東大井１丁目,-,品川区東大井１-５-６,35.6063538,139.7457834,さくらさくみらい品川シ-サイド,認可保育所,73,2024年10月1日
品川区,荏原３丁目,-,品川区荏原３-１-１８,35.6182756,139.7074363,さくらさくみらい武蔵小山,認可保育所,70,2024年10月1日
港区,芝５丁目,-,港区芝５-２９-２２号　ライオンズプラザ・フェリス三田１階,35.64638,139.744639,三田プチ･クレイシュ,認証保育所A,33,2024年11月1日
品川区,南品川６丁目,-,品川区南品川６-１５-２２,35.6093986,139.7382754,さんさん森の保育園大井町,認可保育所,99,2024年10月1日
品川区,大井１丁目,-,品川区大井１-３１番１号シティタワ-大井町１階,35.6054317,139.730658,しなおおコスモ保育園,認可保育所,69,2024年10月1日
品川区,西品川１丁目,-,品川区西品川１-２８-１４,35.6090334,139.7266117,そらのいろ保育園,認可保育所,73,2024年10月1日
品川区,東大井２丁目,-,品川区東大井２-１２-１９ＭＫビル2階,35.601528,139.739778,たんぽぽ保育所東大井園,認可保育所,66,2024年10月1日
品川区,小山台１丁目,-,品川区小山台１-２５-１０,35.6219416,139.7067568,チャイルドマインダ-小山台東,認可保育所,73,2024年10月1日
港区,白金台３丁目,-,港区白金台３-１５-６号　２階,35.636573,139.724405,コンビプラザ白金台保育園,認証保育所A,39,2024年11月1日
品川区,南品川１丁目,-,品川区南品川１-２-１１,35.6160267,139.7433685,とうかいどう保育園,認可保育所,99,2024年10月1日
品川区,平塚２丁目,-,品川区平塚２-１８-１９,35.6154548,139.7133197,とごしの杜保育園,認可保育所,92,2024年10月1日
品川区,南品川２丁目,-,品川区南品川２-９-２５,35.6136377,139.7423304,どんぐり保育園,認可保育所,103,2024年10月1日
品川区,南品川２丁目,-,品川区南品川２-１５-６,35.6140759,139.7447013,なぎさ通り保育園,認可保育所,66,2024年10月1日
品川区,勝島３丁目,-,品川区勝島３-２-２,35.5929798,139.7389474,にじいろ保育園勝島,認可保育所,92,2024年10月1日
品川区,大崎５丁目,-,品川区大崎５-４-３　小野ビル１階,35.623101,139.7252876,にじいろ保育園大崎,認可保育所,60,2024年10月1日
品川区,南大井１丁目,-,品川区南大井１-１６-６,35.5949435,139.7384543,にじいろ保育園南大井,認可保育所,69,2024年10月1日
品川区,小山３丁目,-,品川区小山３-１５番１号パ-クシティ武蔵小山　ザ　モ-ル,35.6198935,139.7044833,ニチイキッズむさしこやま保育園,認可保育所,30,2024年10月1日
港区,芝浦４丁目,-,港区芝浦４-２２-２号　エアテラス２階,35.641081,139.752822,アンジェリカ保育園芝浦園,認証保育所A,40,2024年11月1日
品川区,北品川１丁目,-,品川区北品川１-１６-４,35.624094,139.7436293,ひがしやつやま保育園,認可保育所,54,2024年10月1日
品川区,西五反田３丁目,-,品川区西五反田３-９-９,35.6267932,139.7170675,ぷりすく-る西五反田,認可保育所,46,2024年10月1日
品川区,大崎４丁目,-,品川区大崎４-１-２　ウィン第２五反田ビル２Ｆ,35.6225567,139.7228956,ベネッセ大崎広小路保育園,認可保育所,88,2024年10月1日
品川区,東五反田１丁目,-,品川区東五反田１-２-２５,35.6278438,139.7272083,ほっぺるランド東五反田,認可保育所,60,2024年10月1日
品川区,東品川３丁目,-,品川区東品川３-２５-９,35.613004,139.7474202,ほっぺるランド東品川,認可保育所,72,2024年10月1日
品川区,勝島１丁目,-,品川区勝島１-６-５,35.597716,139.7444545,ポピンズナ-サリ-スク-ル勝島,認可保育所,60,2024年10月1日
品川区,二葉１丁目,-,品川区二葉１-１２-１８,35.6067897,139.7268057,ポピンズナ-サリ-スク-ル大井町,認可保育所,60,2024年10月1日
品川区,西五反田３丁目,-,品川区西五反田３-４-１０　目黒ＭＡＲＣレジデンスタワ-２Ｆ,35.629202,139.717706,ポピンズナ-サリ-スク-ル目黒,認可保育所,76,2024年10月1日
品川区,西大井１丁目,-,品川区西大井１-４-１,35.6023915,139.7239308,まなびの森保育園西大井,認可保育所,100,2024年10月1日
品川区,西五反田１丁目,-,品川区西五反田１-２１-８,35.6229474,139.7234929,まなびの森保育園大崎広小路,認可保育所,60,2024年10月1日
品川区,東品川４丁目,-,品川区東品川４-１１-３６,35.6077375,139.7478775,まなびの森保育園品川シ-サイド,認可保育所,80,2024年10月1日
品川区,東品川３丁目,-,品川区東品川３-２１-１０,35.6132392,139.7473803,みずなら保育園,認可保育所,79,2024年10月1日
品川区,西大井４丁目,-,品川区西大井４-１９-１１,35.5939074,139.7192222,みどりの丘保育園,認可保育所,68,2024年10月1日
品川区,旗の台３丁目,-,品川区旗の台３-２-９,35.6050484,139.7068385,みらいく旗の台園,認可保育所,60,2024年10月1日
品川区,東大井４丁目,-,品川区東大井４-１２-１１,35.6057281,139.7387429,みらいく東大井園,認可保育所,60,2024年10月1日
品川区,東品川３丁目,-,品川区東品川３-２６-２１,35.6124756,139.7460518,みらいく東品川園,認可保育所,60,2024年10月1日
品川区,東中延１丁目,-,品川区東中延１-６-２,35.6110267,139.7140789,モニカ荏原中延園,認可保育所,60,2024年10月1日
品川区,豊町１丁目,-,品川区豊町１-１８-１５,35.6115137,139.7227409,ゆたか保育園,認可保育所,70,2024年10月1日
港区,港南２丁目,-,港区港南２-３-１３号　品川フロントビル　キッズ館２F,35.629169,139.743212,アンジェリカ保育園品川園,認証保育所A,40,2024年11月1日
品川区,南品川２丁目,-,品川区南品川２-４-７アサミビル1階,35.6105632,139.7424502,ル-チェ保育園南品川,認可保育所,69,2024年10月1日
品川区,西大井６丁目,-,品川区西大井６-１３-１,35.6006993,139.7175738,伊藤保育園,認可保育所,100,2024年10月1日
品川区,荏原４丁目,-,品川区荏原４-５-２２,35.61507,139.7076751,荏原西第二保育園,認可保育所,88,2024年10月1日
品川区,荏原４丁目,-,品川区荏原４-１６-１１,35.6139046,139.7061488,荏原西保育園,認可保育所,100,2024年10月1日
品川区,荏原２丁目,-,品川区荏原２-１６-１８,35.6166695,139.7089707,荏原保育園,認可保育所,120,2024年10月1日
品川区,上大崎３丁目,-,品川区上大崎３-１-１　目黒セントラルスクエア３階,35.6326864,139.7157508,花房山目黒駅前保育園３３３,認可保育所,120,2024年10月1日
品川区,中延４丁目,-,品川区中延４-１４-１９,35.6055321,139.7099883,源氏前保育園,認可保育所,113,2024年10月1日
品川区,北品川５丁目,-,品川区北品川５-３-１,35.6224911,139.7317439,五反田第二保育園,認可保育所,50,2024年10月1日
品川区,西品川１丁目,-,品川区西品川１-９-１８,35.6131023,139.7297176,三ツ木保育園,認可保育所,80,2024年10月1日
品川区,小山台１丁目,-,品川区小山台１-３-８,35.6250643,139.7068082,小山台保育園,認可保育所,93,2024年10月1日
品川区,南大井６丁目,-,品川区南大井６-２-１５,35.5928069,139.7329176,水神保育園,認可保育所,107,2024年10月1日
品川区,荏原７丁目,-,品川区荏原７-８-３,35.6116785,139.7015021,清水台保育園,認可保育所,100,2024年10月1日
品川区,西五反田６丁目,-,品川区西五反田６-５-６,35.6223588,139.7167413,西五反田第二保育園,認可保育所,130,2024年10月1日
品川区,西五反田３丁目,-,品川区西五反田３-９-１０,35.6265179,139.716886,西五反田保育園,認可保育所,79,2024年10月1日
品川区,西大井６丁目,-,品川区西大井６-７-１,35.6019497,139.7214169,西大井えほん保育園,認可保育所,80,2024年10月1日
品川区,西大井１丁目,-,品川区西大井１-１-１,35.6010006,139.7218381,西大井保育園,認可保育所,116,2024年10月1日
品川区,西中延３丁目,-,品川区西中延３-８-５,35.6072988,139.7081253,西中延保育園,認可保育所,83,2024年10月1日
品川区,西品川３丁目,-,品川区西品川３-１６-３５,35.6148867,139.7263154,西品川保育園,認可保育所,147,2024年10月1日
品川区,東品川４丁目,-,品川区東品川４-８-８　２Ｆ,35.6094457,139.7458639,青物横丁えほん保育園,認可保育所,80,2024年10月1日
品川区,西五反田７丁目,-,品川区西五反田７-１９-１　２Ｆ,35.6238995,139.7184841,太陽の子西五反田保育園,認可保育所,60,2024年10月1日
品川区,南品川５丁目,-,品川区南品川５-３-１０,35.61162,139.7417019,太陽の子南品川保育園,認可保育所,70,2024年10月1日
品川区,東品川１丁目,-,品川区東品川１-８-３０,35.6208372,139.7437276,台場保育園,認可保育所,116,2024年10月1日
品川区,大井４丁目,-,品川区大井４-１１-８,35.6022796,139.7340554,大井倉田保育園,認可保育所,110,2024年10月1日
品川区,東大井５丁目,-,品川区東大井５-２１-９,35.6051297,139.7350466,大井町えほん保育園,認可保育所,73,2024年10月1日
品川区,東大井３丁目,-,品川区東大井３-４-４,35.603843,139.7389375,大井保育園,認可保育所,131,2024年10月1日
品川区,南大井６丁目,-,品川区南大井６-１６-１６,35.5909502,139.7302186,大空と大地のな-さりぃ大森駅前園,認可保育所,80,2024年10月1日
品川区,東五反田４丁目,-,品川区東五反田４-７-２０,35.6303875,139.7279402,大空と大地のな-さりぃ東五反田園,認可保育所,100,2024年10月1日
品川区,大崎３丁目,-,品川区大崎３-１-９,35.6208678,139.7247889,大崎ひまわり保育園,認可保育所,70,2024年10月1日
品川区,大崎５丁目,-,品川区大崎５-２-１,35.6218371,139.7264451,大崎保育園,認可保育所,125,2024年10月1日
品川区,大井５丁目,-,品川区大井５-１８-１,35.5980728,139.7277194,滝王子保育園,認可保育所,79,2024年10月1日
品川区,西中延１丁目,-,品川区西中延１-６-１６,35.612407,139.7084619,中延保育園,認可保育所,126,2024年10月1日
品川区,西五反田６丁目,-,品川区西五反田６-６-１８,35.6231658,139.7171474,中原保育園,認可保育所,96,2024年10月1日
品川区,戸越４丁目,-,品川区戸越４-１-１０,35.6122824,139.7177782,東戸越保育園,認可保育所,70,2024年10月1日
品川区,東五反田５丁目,-,品川区東五反田５-２４-１,35.6279719,139.723492,東五反田保育園,認可保育所,78,2024年10月1日
品川区,東大井１丁目,-,品川区東大井１-２２-１６,35.6032969,139.7414562,東大井保育園,認可保育所,100,2024年10月1日
品川区,東中延２丁目,-,品川区東中延２-５-１０,35.607835,139.7138741,東中延保育園,認可保育所,96,2024年10月1日
品川区,東品川１丁目,-,品川区東品川１-３４-９,35.619158,139.7461115,東品川保育園,認可保育所,107,2024年10月1日
品川区,豊町４丁目,-,品川区豊町４-１７-２１,35.606484,139.7209499,南ゆたか保育園,認可保育所,107,2024年10月1日
品川区,南大井３丁目,-,品川区南大井３-７-４,35.5917332,139.7344271,南大井保育園,認可保育所,100,2024年10月1日
品川区,二葉１丁目,-,品川区二葉１-３-４０,35.6072719,139.7255807,二葉つぼみ保育園,認可保育所,66,2024年10月1日
品川区,二葉１丁目,-,品川区二葉１-４-２５,35.6079755,139.7267015,二葉保育園,認可保育所,62,2024年10月1日
品川区,東品川１丁目,-,品川区東品川１-２-１５,35.622983,139.7435765,八ツ山保育園,認可保育所,63,2024年10月1日
品川区,八潮５丁目,-,品川区八潮５-４-１６,35.6016205,139.7511031,八潮西保育園,認可保育所,100,2024年10月1日
品川区,八潮５丁目,-,品川区八潮５-１０-６０-１０１,35.5990938,139.7533888,八潮中央保育園,認可保育所,90,2024年10月1日
品川区,八潮５丁目,-,品川区八潮５-６-３２,35.5964745,139.7498702,八潮南保育園,認可保育所,97,2024年10月1日
品川区,八潮５丁目,-,品川区八潮５-１-３,35.6046987,139.7530329,八潮北保育園,認可保育所,102,2024年10月1日
品川区,豊町２丁目,-,品川区豊町２-１６-１２,35.6094343,139.7253628,品川学藝保育園,認可保育所,26,2024年10月1日
品川区,小山４丁目,-,品川区小山４-３-９,35.6189638,139.7029247,品川大和保育園,認可保育所,60,2024年10月1日
品川区,東大井５丁目,-,品川区東大井５-８-１２,35.6075734,139.7379419,品川保育園,認可保育所,145,2024年10月1日
品川区,西五反田３丁目,-,品川区西五反田３-１２-１２　２Ｆ,35.6272779,139.714784,インタ-ナショナル不動前えほん保育園,認可保育所,70,2024年10月1日
品川区,西大井６丁目,-,品川区西大井６-１-１５,35.6008123,139.7144441,冨士見台保育園,認可保育所,120,2024年10月1日
品川区,平塚２丁目,-,品川区平塚２-２-３,35.6187931,139.7174267,平塚保育園,認可保育所,107,2024年10月1日
品川区,西五反田４丁目,-,品川区西五反田４-１１-１８,35.6264753,139.7106438,宝保育園,認可保育所,90,2024年10月1日
品川区,北品川２丁目,-,品川区北品川２-７-２１,35.61876,139.744007,北品川保育園,認可保育所,78,2024年10月1日
品川区,大井７丁目,-,品川区大井７-４-１８,35.5964754,139.7293348,緑の家保育園,認可保育所,70,2024年10月1日
渋谷区,神宮前３丁目,-,渋谷区神宮前３-１８-８,35.6709958,139.7096878,渋谷保育園,認可保育所,135,2024年10月1日
渋谷区,神宮前６丁目,-,渋谷区神宮前６-３４-２５,35.6675629,139.702435,未来のカプセル原宿保育園,認可保育所,39,2024年10月1日
渋谷区,渋谷１丁目,-,渋谷区渋谷１-１８-９,35.6617952,139.7045812,ベネッセ美竹の丘保育園,認可保育所,64,2024年10月1日
渋谷区,東２丁目,-,渋谷区東２-２０-１８,35.6536448,139.7091655,氷川保育園,認可保育所,64,2024年10月1日
渋谷区,東４丁目,-,渋谷区東４-７-８,35.6558055,139.7131059,渋谷東ちとせ保育園,認可保育所,90,2024年10月1日
渋谷区,広尾１丁目,-,渋谷区広尾１-３-１１,35.6488225,139.7133212,遍照広尾保育園,認可保育所,108,2024年10月1日
渋谷区,広尾４丁目,-,渋谷区広尾４-１-１,35.6529652,139.7193983,広尾上宮保育園,認可保育所,100,2024年10月1日
渋谷区,広尾５丁目,-,渋谷区広尾５-７-１,35.6492825,139.7223347,広尾保育園,認可保育所,104,2024年10月1日
渋谷区,恵比寿１丁目,-,渋谷区恵比寿１-２７-１０,35.6477654,139.7162964,新橋保育園,認可保育所,112,2024年10月1日
渋谷区,恵比寿西２丁目,-,渋谷区恵比寿西２-１３-５,35.6510892,139.7059766,ＣｈａＣｈａ　Ｃｈｉｌｄｒｅｎ　Ｄａｉｋａｎｙａｍａ,認可保育所,113,2024年10月1日
渋谷区,恵比寿西２丁目,-,渋谷区恵比寿西２-８-１,35.6499543,139.7072255,恵比寿保育園,認可保育所,108,2024年10月1日
渋谷区,恵比寿南３丁目,-,渋谷区恵比寿南３-１１-２５,35.6450215,139.707143,ポピンズナ-サリ-スク-ル恵比寿南,認可保育所,130,2024年10月1日
渋谷区,桜丘町,-,渋谷区桜丘町２３-２１,35.6558594,139.7001207,さくら上宮保育園,認可保育所,70,2024年10月1日
渋谷区,鴬谷町,-,渋谷区鴬谷町２-１６,35.6540512,139.7044708,ほっぺるランド渋谷,認可保育所,90,2024年10月1日
渋谷区,代官山町,-,渋谷区代官山町７-９,35.6507036,139.7050585,代官山保育園,認可保育所,82,2024年10月1日
渋谷区,宇田川町,-,渋谷区宇田川町３８-４,35.6620369,139.6960453,渋谷もりのこ保育園神南,認可保育所,103,2024年10月1日
渋谷区,松濤１丁目,-,渋谷区松濤１-２６-６,35.6589939,139.6930743,大向保育園,認可保育所,96,2024年10月1日
渋谷区,千駄ケ谷３丁目,-,渋谷区千駄ケ谷３-２１-５,35.6791144,139.7090103,美希保育園北参道,認可保育所,68,2024年10月1日
渋谷区,千駄ケ谷３丁目,-,渋谷区千駄ケ谷３-３４-９,35.6791144,139.7090103,千駄ケ谷保育園,認可保育所,74,2024年10月1日
渋谷区,千駄ケ谷４丁目,-,渋谷区千駄ケ谷４-２８-８,35.6809144,139.70342,鳩の森保育園,認可保育所,67,2024年10月1日
渋谷区,千駄ケ谷４丁目,-,渋谷区千駄ケ谷４-６-８　パ-クコ-ト神宮北参道ザタワ-３Ｆ,35.6803629,139.7053128,アソシエ神宮北参道保育園,認可保育所,36,2024年10月1日
渋谷区,千駄ケ谷５丁目,-,渋谷区千駄ケ谷５-２７-５　リンクスクエア新宿２Ｆ,35.6865275,139.7028382,千駄ケ谷りとるぱんぷきんず,認可保育所,63,2024年10月1日
渋谷区,千駄ケ谷５丁目,-,渋谷区千駄ケ谷５-２４-５５号,35.6885953,139.7009834,キッズハ-モニ-・ＮＥＷｏＭａｎ,認可保育所,39,2024年10月1日
渋谷区,代々木３丁目,-,渋谷区代々木３-５１-８,35.6819802,139.6959844,代々木保育園,認可保育所,95,2024年10月1日
渋谷区,代々木４丁目,-,渋谷区代々木４-２７-６,35.682837,139.6913368,太陽の子代々木西参道保育園,認可保育所,114,2024年10月1日
渋谷区,代々木４丁目,-,渋谷区代々木４-３７-１５,35.6808315,139.6892293,みんなのみらいをつくる保育園初台,認可保育所,30,2024年10月1日
渋谷区,代々木４丁目,-,渋谷区代々木４-５０-１３,35.6784651,139.6915057,参宮橋ちとせ保育園,認可保育所,100,2024年10月1日
渋谷区,代々木４丁目,-,渋谷区代々木４-５７-６,35.6788636,139.6898019,はるの小川ちとせ保育園(分園),認可保育所,80,2024年10月1日
渋谷区,代々木５丁目,-,渋谷区代々木５-１６-４,35.6747032,139.6886949,聖ヨゼフ保育園,認可保育所,108,2024年10月1日
渋谷区,代々木５丁目,-,渋谷区代々木５-７-２,35.6698426,139.6886107,グロ-バルキッズ代々木八幡園,認可保育所,79,2024年10月1日
渋谷区,代々木２丁目,-,渋谷区代々木２-３５-１号,35.6842854,139.6979661,キッズハ-モニ-・よよぎの杜,認可保育所,199,2024年10月1日
渋谷区,初台２丁目,-,渋谷区初台２-１３-１１,35.6764946,139.6833875,ゆめの樹保育園はつだい,認可保育所,71,2024年10月1日
渋谷区,初台２丁目,-,渋谷区初台２-１７-２２,35.6774517,139.6847165,初台保育園,認可保育所,117,2024年10月1日
渋谷区,初台２丁目,-,渋谷区初台２-１９-１６,35.6778134,139.6864808,さくらさくみらい　初台,認可保育所,71,2024年10月1日
渋谷区,元代々木町,-,渋谷区元代々木町５１-１９,35.6733083,139.6866926,元代々木保育園,認可保育所,87,2024年10月1日
渋谷区,富ケ谷１丁目,-,渋谷区富ケ谷１-３１-３,35.6660558,139.6883679,富ケ谷ちとせ保育園,認可保育所,79,2024年10月1日
渋谷区,富ケ谷２丁目,-,渋谷区富ケ谷２-３０-８,35.6649396,139.6852212,富ケ谷保育園,認可保育所,94,2024年10月1日
渋谷区,上原２丁目,-,渋谷区上原２-４２-３,35.6664282,139.6815518,ポピンズナ-サリ-スク-ル代々木上原,認可保育所,90,2024年10月1日
渋谷区,上原３丁目,-,渋谷区上原３-３７-９,35.666193,139.6762826,さくらさくみらい上原,認可保育所,77,2024年10月1日
渋谷区,西原１丁目,-,渋谷区西原１-４０-３,35.6746774,139.682498,西原ほほえみ保育園,認可保育所,63,2024年10月1日
渋谷区,西原１丁目,-,渋谷区西原１-４７-２,35.6738672,139.6847165,聖ヨゼフ保育園西原,認可保育所,59,2024年10月1日
渋谷区,西原２丁目,-,渋谷区西原２-３３-１７,35.6746447,139.6764421,さくらさくみらい西原,認可保育所,70,2024年10月1日
渋谷区,西原３丁目,-,渋谷区西原３-１５-１０,35.670045,139.6797118,グロ-バルキッズ代々木上原園,認可保育所,79,2024年10月1日
渋谷区,西原１丁目,-,渋谷区西原１-２２-２０号,35.6762509,139.6784757,西原保育園ゆめ,認可保育所,106,2024年10月1日
渋谷区,本町１丁目,-,渋谷区本町１-１９-３,35.6790678,139.6797318,グロ-バルキッズ幡ヶ谷園,認可保育所,88,2024年10月1日
渋谷区,本町１丁目,-,渋谷区本町１-５-５,35.6812342,139.6843177,本町第三保育園,認可保育所,115,2024年10月1日
渋谷区,本町２丁目,-,渋谷区本町２-６-３　２階,35.6838285,139.6827026,ＡＩＡＩ　ＮＵＲＳＥＲＹ　初台本町,認可保育所,50,2024年10月1日
渋谷区,本町５丁目,-,渋谷区本町５-３５-１２,35.6832121,139.676092,幡ヶ谷保育園,認可保育所,92,2024年10月1日
渋谷区,本町６丁目,-,渋谷区本町６-３４-６,35.6804256,139.6778626,ベネッセ幡ヶ谷保育園,認可保育所,69,2024年10月1日
渋谷区,幡ケ谷２丁目,-,渋谷区幡ケ谷２-４２-１５,35.6779059,139.6739899,まなびの森保育園幡ケ谷,認可保育所,102,2024年10月1日
渋谷区,幡ケ谷２丁目,-,渋谷区幡ケ谷２-５６-６,35.6778834,139.6716526,幡ケ谷第三保育園,認可保育所,67,2024年10月1日
渋谷区,幡ケ谷３丁目,-,渋谷区幡ケ谷３-４-１,35.6797872,139.6759563,幡ケ谷第二保育園,認可保育所,72,2024年10月1日
渋谷区,笹塚１丁目,-,渋谷区笹塚１-２７-１,35.6722212,139.6672519,笹塚第二保育園,認可保育所,121,2024年10月1日
渋谷区,笹塚１丁目,-,渋谷区笹塚１-３２-５,35.6724589,139.6667735,さくらさくみらい　笹塚,認可保育所,80,2024年10月1日
渋谷区,笹塚２丁目,-,渋谷区笹塚２-３１-８,35.6744695,139.6638109,保育園うさぎとかめ,認可保育所,108,2024年10月1日
渋谷区,笹塚２丁目,-,渋谷区笹塚２-３４-１２,35.6751322,139.6645999,笹幡保育園,認可保育所,107,2024年10月1日
渋谷区,笹塚３丁目,-,渋谷区笹塚３-３６-１３,35.6771672,139.6659253,笹塚保育園,認可保育所,80,2024年10月1日
千代田区,九段北４丁目,-,千代田区九段北４-２番地２２号　市ヶ谷スポ-ツプラザ１階,35.691872,139.737221,保育園　ドルチェ,認証保育所A,40,2024年11月1日
千代田区,丸の内２丁目,大丸有,千代田区丸の内２-７-３,35.678597,139.764992,キッズスクウェア丸の内東京ビル,認証保育所A,22,2024年11月1日
千代田区,内神田２丁目,-,千代田区内神田２-５-２,35.69012,139.767533,マミ-ズエンジェル神田駅前保育園,認証保育所A,37,2024年11月1日
千代田区,五番町,-,千代田区五番町５-６　ビラカ-サ五番町１０１号,35.689881,139.73623,ピノキオ幼児舎番町園,認証保育所A,26,2024年11月1日
渋谷区,笹塚２丁目,-,渋谷区笹塚２-２９-４号,35.674102,139.662033,フジキ保育室,認証保育所B,19,2024年11月1日
千代田区,丸の内１丁目,大丸有,千代田区丸の内１-４-１　丸の内永楽ビルディング２階,35.684451,139.764942,キッズスクウェア　丸の内永楽ビル,認証保育所A,26,2024年11月1日
千代田区,外神田２丁目,-,千代田区外神田２-１７-４　ビルデンス石村１階,35.701299,139.76758,保育室「愛の園」,認証保育所A,30,2024年11月1日
千代田区,神田神保町２丁目,-,千代田区神田神保町２-２０　ＳＰ神保町第２ビル１階,35.697211,139.756614,小学館アカデミ-神保町保育園,認証保育所A,40,2024年11月1日
渋谷区,神宮前１丁目,-,渋谷区神宮前１-１-１０号,35.6740783,139.7066542,原宿こども園,認定こども園(幼・保・地方裁量型),53,2024年4月1日
中央区,晴海１丁目,-,中央区晴海１-８-１６　晴海トリトン２階,35.657472,139.782381,アスク晴海保育園,認証保育所A,60,2024年11月1日
中央区,月島１丁目,-,中央区月島１-２-１３　ワイズビルディング１階,35.665651,139.783075,マミ-ズエンジェル月島保育園,認証保育所A,30,2024年11月1日
中央区,日本橋人形町３丁目,-,中央区日本橋人形町３-４-１４　FORECAST人形町PLACE2階,35.686127,139.781346,アスクバイリンガル保育園人形町駅前,認証保育所A,40,2024年11月1日
中央区,月島４丁目,-,中央区月島４-１８-３　クイ-ンズハウス１階,35.659541,139.782003,ピノキオ幼児舎月島園,認証保育所A,20,2024年11月1日
中央区,銀座１丁目,-,中央区銀座１-２５-３　京橋プラザ区民館等複合施設１階,35.672998,139.771517,ポピンズナ-サリ-スク-ル京橋,認証保育所A,40,2024年11月1日
中央区,日本橋箱崎町,-,中央区日本橋箱崎町４４-７　箱崎ＹＭビル,35.681791,139.788863,グロ-バルキッズ水天宮前園,認証保育所A,40,2024年11月1日
中央区,新川２丁目,-,中央区新川２-１６番１０号　プライムア-バン新川３Ｆ,35.6751,139.78263,グロ-バルキッズ新川園,認証保育所A,40,2024年11月1日
渋谷区,道玄坂１丁目,-,道玄坂１-10-8号　渋谷道玄坂東急ビル8階,35.6568718,139.6985617,よつば保育室,認可外保育施設(ベビーホテル、事業所内保育施設、院内保育施設、その他施設),3,2025年1月1日
中央区,勝どき１丁目,-,中央区勝どき１-１-１　プラザ勝どき１階,35.661224,139.776723,ニチイキッズさわやかプラザ勝どき保育園,認証保育所A,60,2024年11月1日
中央区,日本橋浜町３丁目,-,中央区日本橋浜町３-３-１　トルナ-レ日本橋浜町２階,35.684671,139.787746,ニチイキッズさわやか日本橋浜町保育園,認証保育所A,25,2024年11月1日
渋谷区,初台１丁目,-,初台１-31-17号,35.6791532,139.6834208,The Reggio School of Tokyo,認可外保育施設(ベビーホテル、事業所内保育施設、院内保育施設、その他施設),100,2025年1月1日
港区,台場２丁目,-,港区台場２-２-３,35.630022,139.780209,アスクお台場保育園,認証保育所A,30,2024年11月1日
新宿区,改代町,-,新宿区改代町２６-１号,35.707862,139.734274,ソラスト神楽坂,認証保育所A,40,2024年11月1日
新宿区,榎町,-,新宿区榎町７２-地　フォ-トリス早稲田１階,35.704896,139.728616,メリ-ポピンズ神楽坂ル-ム,認証保育所A,24,2024年11月1日
港区,芝４丁目,-,港区芝４-１６-１　カテリ-ナ三田１階,35.647494,139.750347,プチ・ナ-サリ-田町,認証保育所A,40,2024年11月1日
港区,三田４丁目,-,港区三田４-９-７　BPRレジデンス三田伊皿子坂２階,35.641395,139.737831,ポピンズナ-サリ-スク-ル高輪,認証保育所A,36,2024年11月1日
港区,芝浦４丁目,-,港区芝浦４-１０-１　キャピタルマ-クタワ-２階,35.641098,139.746414,ポピンズナ-サリ-スク-ル芝浦,認証保育所A,34,2024年11月1日
港区,白金台４丁目,-,港区白金台４-８番１６号　ダリアコ-ト白金台１階１０１号室,35.637508,139.72437,ポピンズナ-サリ-スク-ル白金台,認証保育所A,30,2024年11月1日
新宿区,下落合１丁目,-,新宿区下落合１-１６-７号,35.716078,139.695094,ぽっぽのいえほいくえん,認証保育所A,40,2024年11月1日
港区,南麻布５丁目,-,港区南麻布５-１-１１　Ｑｉｚ広尾３階,35.655012,139.722546,ポピンズナ-サリ-スク-ル広尾,認証保育所A,66,2024年11月1日
港区,南麻布５丁目,-,港区南麻布５-６-８,35.653449,139.727096,ナ-サリ-ル-ム,認証保育所A,35,2024年11月1日
港区,赤坂１丁目,虎ノ門,港区赤坂１-８-１　赤坂インタ-シティAIR２階,35.669981,139.742582,ポピンズナ-サリ-スク-ル赤坂,認証保育所A,30,2024年11月1日
港区,港南４丁目,-,港区港南４-２-５　シティタワ-品川　西棟２・３階,35.631357,139.747298,ニチイキッズさわやか港南保育園,認証保育所A,50,2024年11月1日
港区,東麻布１丁目,-,港区東麻布１-２６-２　SERAPH １０ AZABU１・２階,35.655418,139.744803,ミアヘルサ保育園ゆらりん東麻布,認証保育所A,30,2024年11月1日
新宿区,富久町,-,新宿区富久町１３-１号　ロ-レルコ-ト新宿タワ-２階,35.69241,139.71472,エデュケアセンタ-・新宿,認証保育所A,22,2024年11月1日
新宿区,市谷田町２丁目,-,市谷田町２-38-3号シティ市ヶ谷103,35.6945276,139.7370063,テゾ-ロインタ-ナショナルスク-ル,認可外保育施設(ベビーホテル、事業所内保育施設、院内保育施設、その他施設),20,2025年1月1日
新宿区,西早稲田１丁目,-,新宿区西早稲田１-１-７　早稲田STEP23　2階,35.707453,139.719309,ポピンズナ-サリ-スク-ル早稲田,認証保育所A,56,2024年11月1日
新宿区,北新宿３丁目,-,新宿区北新宿３-２-１　レグノ・セレ-ノ　１Ｆ,35.702975,139.69467,北新宿雲母保育園,認証保育所A,40,2024年11月1日
新宿区,若葉３丁目,-,若葉３-10-10号,35.6823601,139.7251581,インタ-ナショナル・モンテッソ-リ・ミライ・キンダ-ガ-テン,認可外保育施設(ベビーホテル、事業所内保育施設、院内保育施設、その他施設),62,2025年1月1日
新宿区,市谷田町２丁目,-,市谷田町２-2-地　ニッセイ市谷田町ビル2階,35.6942174,139.7370115,ニチイキッズニッセイみらい市ヶ谷保育園,認可外保育施設(ベビーホテル、事業所内保育施設、院内保育施設、その他施設),30,2025年1月1日
新宿区,信濃町,-,新宿区信濃町８　外苑北ＳＲＣビル２階,35.68269,139.7194,ぽけっとランド信濃町,認証保育所A,40,2024年11月1日
新宿区,大久保２丁目,-,新宿区大久保２-４-１　ヴィルラフィ-ネ東新宿１階,35.703576,139.7082,コスモス保育園,認証保育所A,20,2024年11月1日
新宿区,西新宿７丁目,-,西新宿７-5-14号　井上ビル12号館　1階,35.697404,139.6981307,新宿西口ファミリ-保育園,認可外保育施設(ベビーホテル、事業所内保育施設、院内保育施設、その他施設),21,2025年1月1日
新宿区,下宮比町,-,下宮比町2-28  飯田橋ハイタウン 830,35.7034706,139.7436078,特定非営利活動法人バディチ-ム,認可外保育施設(居宅訪問型),,2025年2月1日
江東区,東雲１丁目,-,江東区東雲１-９-２２　東雲キャナルコ-ト１０５,35.648186,139.803402,HybridMom Nursery Preschool-Shinonome,認証保育所A,20,2024年11月1日
千代田区,三番町,-,千代田区三番町１４-６,35.6907086,139.7420198,ＡＩＡＩ　ＮＵＲＳＥＲＹ　三番町,認可保育所,50,2024年10月1日
江東区,新砂３丁目,-,江東区新砂３-４-４３,35.667538,139.833855,南砂プチ・クレイシュ,認証保育所A,40,2024年11月1日
江東区,南砂６丁目,-,江東区南砂６-８-１８,35.671003,139.834687,どんぐり保育園南砂,認証保育所A,27,2024年11月1日
江東区,東雲１丁目,-,江東区東雲１-９-１０　イオン東雲ショッピングセンタ-内２Ｆ,35.648827,139.802114,東雲ルミナス保育園,認証保育所A,39,2024年11月1日
江東区,亀戸５丁目,-,江東区亀戸５-３８-３１,35.698593,139.831565,ワ-カ-ズコ-プ亀戸のびっこ保育園,認証保育所A,20,2024年11月1日
江東区,東陽３丁目,-,江東区東陽３-２７-２　BIG ONEビル１階,35.669892,139.815418,HybridMom Nursery Preschool-Toyocho ,認証保育所A,20,2024年11月1日
江東区,豊洲１丁目,-,江東区豊洲１-３-１　ｷｬﾅﾙﾜ-ﾌﾀﾜ-ｽﾞ・ｲ-ｽﾄﾀﾜ-１階,35.661851,139.794411,メリ-ポピンズ豊洲ル-ム,認証保育所A,34,2024年11月1日
江東区,石島,-,江東区石島６-７,35.680411,139.812693,文化教養学園,認証保育所A,134,2024年11月1日
江東区,亀戸２丁目,-,江東区亀戸２-８番１０号　アンヴェ-ル１Ｆ,35.701359,139.822467,マミ-ズエンジェル亀戸保育園,認証保育所A,30,2024年11月1日
江東区,福住１丁目,-,江東区福住１-１４-２　コスモピアビル１階,35.674951,139.793692,HybridMom Nursery School-Fukuzumi,認証保育所A,28,2024年11月1日
江東区,東陽４丁目,-,江東区東陽４-５-１５　東陽町サンキビル２階,35.66997,139.819098,Dream　Kids　Little,認証保育所A,40,2024年11月1日
江東区,豊洲４丁目,-,江東区豊洲４-１１-５　パ-クタワ-豊洲１階,35.651547,139.800108,ぽけっとランドパ-クタワ-豊洲,認証保育所A,30,2024年11月1日
江東区,永代１丁目,-,江東区永代１-１２-５　第七小﨑ビル１0１,35.674372,139.789943,小鳩保育園永代,認証保育所A,34,2024年11月1日
江東区,東雲１丁目,-,江東区東雲１-９-４　パ-クタワ-東雲１階,35.645122,139.802586,ナ-サリ-ル-ムベリ-ベア-東雲Ａｎｎｅｘ,認証保育所A,24,2024年11月1日
江東区,亀戸６丁目,-,江東区亀戸６-４０-１６　エレガントハイツマツモト１階,35.695761,139.8312,ナ-サリ-ル-ム　ベリ-ベア-亀戸,認証保育所A,20,2024年11月1日
千代田区,四番町,-,千代田区四番町５-８,35.6883009,139.7366047,四番町保育園,認可保育所,97,2024年10月1日
千代田区,一番町,-,千代田区一番町１０-８　一番町ウエストビル３・４階,35.6865694,139.739737,ポピンズナ-サリ-スク-ル一番町,認可保育所,80,2024年10月1日
品川区,東大井３丁目,-,品川区東大井３-１８-１３　PRIME　NEXUS　立合川,35.599479,139.738326,TKチルドレンズファ-ム東大井校,認証保育所A,40,2024年11月1日
品川区,大崎４丁目,-,品川区大崎４-６-３　ファミネスハイツ第２,35.619607,139.723343,ひよこの家保育園,認証保育所A,20,2024年11月1日
品川区,大崎２丁目,-,品川区大崎２-９-４,35.616628,139.727828,さくら大崎保育園,認証保育所A,37,2024年11月1日
品川区,東大井３丁目,-,品川区東大井３-２２番２号　壽アパ-トメント１・２階,35.599998,139.735928,めだか保育園,認証保育所A,27,2024年11月1日
品川区,東五反田２丁目,-,品川区東五反田２-１０番１号　パ-クタワ-グランスカイ２階,35.624259,139.727297,ポピンズナ-サリ-スク-ル東五反田,認証保育所A,31,2024年11月1日
品川区,戸越１丁目,-,品川区戸越１-１９-１８　エスト戸越２階,35.614753,139.720028,うみのくに保育園とごし,認証保育所A,40,2024年11月1日
品川区,戸越５丁目,-,品川区戸越５-４-３　アズ品川ビル２０２,35.61071,139.71733,ＢｕｎBｕ学院Jr戸越園,認証保育所A,40,2024年11月1日
品川区,東大井２丁目,-,品川区東大井２-１３-１３　季美東大井２階,35.601215,139.739651,東大井かがやき保育園,認証保育所A,27,2024年11月1日
品川区,東五反田１丁目,-,品川区東五反田１-６-３　いちご東五反田ビル,35.627185,139.726229,太陽の子　東五反田保育園,認証保育所A,40,2024年11月1日
品川区,東大井１丁目,-,品川区東大井１-９-２７　ミサワホ-ムズ東大井１階,35.60533,139.747024,鮫洲かがやき保育園,認証保育所A,40,2024年11月1日
品川区,南大井６丁目,-,品川区南大井６-２８-１０　新木ビル２階,35.588156,139.729707,ユニバ-ス・ナ-サリ-大森,認証保育所A,30,2024年11月1日
千代田区,一番町,-,千代田区一番町４,35.6880005,139.7426298,千代田区立麹町保育園,認可保育所,100,2024年10月1日
品川区,大崎１丁目,-,品川区大崎１-２-３　ア-トヴィレッジ大崎ビュ-タワ-１階,35.622916,139.726787,小学館アカデミ-おおさき駅前保育園,認証保育所A,33,2024年11月1日
品川区,小山３丁目,-,品川区小山３-２７番５号　武蔵小山創業支援センタ-２階・３階,35.619755,139.703361,小学館アカデミ-　むさしこやま保育園,認証保育所A,30,2024年11月1日
品川区,東品川３丁目,-,品川区東品川３-７-１０　ＡＴＧ　Ｐａｒｋ東品川１階,35.616157,139.747488,ミアヘルサ保育園ゆらりん東品川,認証保育所A,39,2024年11月1日
千代田区,二番町,-,千代田区二番町２-１　二番町ＴＳビル１～３階,35.6869372,139.7379779,アスクバイリンガル保育園二番町,認可保育所,90,2024年10月1日
渋谷区,代々木４丁目,-,渋谷区代々木４-３１-４号　キャッスル新宿２階,35.68266,139.689118,パレット保育園・初台,認証保育所A,40,2024年11月1日
渋谷区,代々木１丁目,-,渋谷区代々木１-３１-１,35.669735,139.683529,ポピンズナ-サリ-スク-ル代々木,認証保育所A,30,2024年11月1日
港区,西麻布１丁目,-,港区西麻布１-４-４６,35.662145,139.726046,ホ-ムデイケア六本木,認証保育所B,13,2024年11月1日
千代田区,二番町,-,千代田区二番町７-５,35.6853388,139.7353612,二番町ちとせ保育園,認可保育所,100,2024年10月1日
江東区,大島６丁目,-,江東区大島６-１番７号-１０８号,35.693396,139.832364,ひよっこ保育室,認証保育所B,23,2024年11月1日
千代田区,六番町,-,千代田区六番町５-１６,35.6869072,139.7346983,グロ-バルキッズ六番町園,認可保育所,60,2024年10月1日
千代田区,永田町２丁目,赤坂,千代田区永田町２-１-２号　衆議院第二議員会館内,35.675585,139.742797,キッズスクウェア　永田町,認証保育所A,34,2024年11月1日
渋谷区,広尾５丁目,-,渋谷区広尾５-８番２号渋谷区立広尾子育て支援センタ-３階,35.648621,139.720927,エンゼル･ル-ム,認証保育所B,20,2024年11月1日
渋谷区,元代々木町,-,渋谷区元代々木町２４-１,35.670676,139.685867,なでしこ保育園,認証保育所B,19,2024年11月1日
渋谷区,本町６丁目,-,渋谷区本町６-１６-４,35.682749,139.678005,コミュニティハウス保育室ポッポ,認証保育所B,18,2024年11月1日
渋谷区,東３丁目,-,渋谷区東３-１７-１６　Noweｌ恵比寿１０１,35.649459,139.709802,こもれび保育園　恵比寿園,認証保育所B,29,2024年11月1日
中央区,日本橋兜町,-,中央区日本橋兜町15-18,35.6795213,139.7766301,阪本こども園,認定こども園(幼保連携),117,2024年4月1日
中央区,晴海４丁目,-,中央区晴海４-８-１,35.651338,139.7798737,渋谷教育学園晴海西こども園,認定こども園(幼保連携),230,2024年4月1日
新宿区,四谷２丁目,-,新宿区四谷２-６,35.6866887,139.7248575,新宿区立四谷子ども園,認定こども園(幼保連携),167,2024年4月1日
新宿区,北町,-,新宿区北町17,35.6993061,139.7344566,新宿区立あいじつ子ども園,認定こども園(幼保連携),186,2024年4月1日
新宿区,西新宿４丁目,-,新宿区西新宿４-３５‐５,35.6884291,139.6857434,新宿区立西新宿子ども園,認定こども園(幼保連携),140,2024年4月1日
江東区,東雲１丁目,-,江東区東雲１-９-４６,35.6492191,139.8034767,しののめYMCAこども園,認定こども園(幼保連携),300,2024年4月1日
江東区,豊洲６丁目,-,江東区豊洲６-２-３０,35.6475987,139.793773,豊洲めぐみこども園,認定こども園(幼保連携),364,2024年4月1日
千代田区,一番町,-,一番町22番地3　アデックス一番町2階,35.6885614,139.7401806,Belinda Nursery School（ベリンダ保育園）,認可外保育施設(ベビーホテル、事業所内保育施設、院内保育施設、その他施設),19,2025年1月1日
千代田区,富士見２丁目,-,千代田区富士見２-１４-３７ 富士見イ-スト１・２階,35.6972364,139.7438872,グロ-バルキッズ飯田橋こども園,認定こども園(幼・保・地方裁量型),137,2024年4月1日
中央区,勝どき１丁目,-,"中央区勝どき１-３-１
Brillia ist Tower 勝どき ２階",35.6608469,139.7769477,小学館アカデミ-勝どきこども園,認定こども園(幼・保・地方裁量型),114,2024年4月1日
中央区,晴海２丁目,-,中央区晴海２-４-３１,35.6548941,139.7839439,中央区立晴海こども園,認定こども園(幼・保・地方裁量型),150,2024年4月1日
中央区,京橋２丁目,日八京,中央区京橋２-１７-７,35.6761947,139.7733937,中央区立京橋こども園,認定こども園(幼・保・地方裁量型),69,2024年4月1日
中央区,八重洲２丁目,日八京,中央区八重洲２-１-４ 八重洲セントラルスクエア地下２階から地上３階,35.679742,139.7698869,昭和こども園,認定こども園(幼・保・地方裁量型),73,2024年4月1日
港区,芝浦４丁目,-,港区芝浦４-２０-１,35.6404403,139.7525551,芝浦アイランドこども園,認定こども園(幼・保・地方裁量型),191,2024年4月1日
新宿区,北新宿２丁目,-,新宿区北新宿２‐３‐７,35.7002985,139.6902401,新宿区立柏木子ども園,認定こども園(幼・保・地方裁量型),121,2024年4月1日
新宿区,中井１丁目,-,新宿区中井１-８-１２,35.7147199,139.6839987,新宿区立おちごなかい子ども園,認定こども園(幼・保・地方裁量型),128,2024年4月1日
新宿区,四谷４丁目,-,新宿区四谷４-１７,35.689118,139.716016,新宿区立大木戸子ども園,認定こども園(幼・保・地方裁量型),219,2024年4月1日
新宿区,信濃町,-,新宿区信濃町20,35.6833869,139.7202118,新宿区立しなのまち子ども園,認定こども園(幼・保・地方裁量型),116,2024年4月1日
新宿区,西落合１丁目,-,新宿区西落合１-３１-２４,35.7197585,139.6795708,新宿区立西落合子ども園,認定こども園(幼・保・地方裁量型),115,2024年4月1日
新宿区,北新宿３丁目,-,新宿区北新宿３-２０-２,35.7018847,139.6915372,新宿区立北新宿子ども園,認定こども園(幼・保・地方裁量型),116,2024年4月1日
新宿区,戸山２丁目,-,新宿区戸山２-２６-１０１,35.7043338,139.7118419,新宿区立戸山第一子ども園,認定こども園(幼・保・地方裁量型),110,2024年4月1日
新宿区,高田馬場４丁目,-,新宿区高田馬場４-３６-１２,35.7098312,139.6963026,しんえい子ども園もくもく,認定こども園(幼・保・地方裁量型),161,2024年4月1日
新宿区,戸山２丁目,-,新宿区戸山２-３４-１０１,35.7021368,139.7106438,ChaCha Children Higashitoyama,認定こども園(幼・保・地方裁量型),170,2024年4月1日
新宿区,大久保１丁目,-,新宿区大久保１-４-１,35.6928455,139.6989896,大久保わかくさ子ども園,認定こども園(幼・保・地方裁量型),119,2024年4月1日
新宿区,富久町,-,新宿区富久町14-1,35.6924976,139.7141224,富久ソラのこども園ちいさなうちゅう,認定こども園(幼・保・地方裁量型),244,2024年4月1日
新宿区,下落合２丁目,-,新宿区下落合２-１０-２０,35.7173545,139.7010426,新宿せいが子ども園,認定こども園(幼・保・地方裁量型),177,2024年4月1日
新宿区,戸山１丁目,-,新宿区戸山１-２１-１,35.7016305,139.7152796,しんじゅくいるまこども園,認定こども園(幼・保・地方裁量型),143,2024年4月1日
新宿区,西新宿５丁目,-,新宿区西新宿５-２５-１１,35.6900919,139.6995336,認定こども園新宿ベア-ズ,認定こども園(幼・保・地方裁量型),92,2024年4月1日
江東区,石島,-,江東区石島6-7,35.6804137,139.812695,認定こども園文化教養学園,認定こども園(幼・保・地方裁量型),134,2024年4月1日
品川区,大井２丁目,-,品川区大井２-２５-１,35.6046475,139.7296423,認定こども園品川区立一本橋保育園,認定こども園(幼・保・地方裁量型),90,2024年4月1日
品川区,旗の台５丁目,-,品川区旗の台５-１９-５,35.6038449,139.7004504,認定こども園品川区立旗の台保育園,認定こども園(幼・保・地方裁量型),106,2024年4月1日
品川区,東五反田２丁目,-,品川区東五反田２-１５-６,35.6214961,139.7292237,認定こども園品川区立五反田保育園,認定こども園(幼・保・地方裁量型),112,2024年4月1日
品川区,西五反田２丁目,-,品川区西五反田２-１１-８,35.6273368,139.7202996,Gakkenこどもえん,認定こども園(幼・保・地方裁量型),66,2024年4月1日
品川区,北品川３丁目,-,品川区北品川３-７-４３,35.6180399,139.7392568,認定こども園品川区立北品川第二保育園,認定こども園(幼・保・地方裁量型),104,2024年4月1日
品川区,西五反田８丁目,-,品川区西五反田８-１０-８,35.6196157,139.7195215,ポピンズナ-サリ-スク-ル西五反田,認定こども園(幼・保・地方裁量型),75,2024年4月1日
品川区,小山２丁目,-,品川区小山２-６-１５,35.6208141,139.7072427,石井こども園,認定こども園(幼・保・地方裁量型),105,2024年4月1日
品川区,旗の台２丁目,-,品川区旗の台２-６-７,35.6063718,139.7044661,空のはねこども園はたのだい,認定こども園(幼・保・地方裁量型),62,2024年4月1日
千代田区,麹町５丁目,-,麹町５-7-1号　ダイビル2階,35.6830315,139.7340104,マッシュの森保育園,認可外保育施設(ベビーホテル、事業所内保育施設、院内保育施設、その他施設),8,2025年1月1日
品川区,西五反田３丁目,-,品川区西五反田３-１-３,35.6305985,139.7166164,認定こども園　こっこる,認定こども園(幼・保・地方裁量型),66,2024年4月1日
品川区,上大崎３丁目,-,品川区上大崎３-１３-１４,35.631542,139.718769,ポピンズナ-サリ-スク-ル上大崎,認定こども園(幼・保・地方裁量型),110,2024年4月1日
渋谷区,西原２丁目,-,渋谷区西原２-４６-４,35.672774,139.6787537,西原りとるぱんぷきんず,認定こども園(幼・保・地方裁量型),170,2024年4月1日
渋谷区,上原２丁目,-,渋谷区上原２-２-１７,35.6676745,139.6841963,薫る風・上原こども園,認定こども園(幼・保・地方裁量型),155,2024年4月1日
渋谷区,代々木５丁目,-,渋谷区代々木５-１４-１６,35.6738788,139.6881585,代々木至誠こども園,認定こども園(幼・保・地方裁量型),135,2024年4月1日
渋谷区,神宮前５丁目,-,渋谷区神宮前５-６-１,35.666245,139.7081674,神宮前あおぞらこども園,認定こども園(幼・保・地方裁量型),123,2024年4月1日
渋谷区,本町３丁目,-,渋谷区本町３-３８-１０,35.6886866,139.6812919,本町きらきらこども園,認定こども園(幼・保・地方裁量型),123,2024年4月1日
渋谷区,恵比寿西１丁目,-,渋谷区恵比寿西１-１９-１,35.6471219,139.7068493,恵比寿のびのびこども園,認定こども園(幼・保・地方裁量型),118,2024年4月1日
渋谷区,本町６丁目,-,渋谷区本町６-６-２,35.6820585,139.6789711,本町そよかぜこども園,認定こども園(幼・保・地方裁量型),121,2024年4月1日
渋谷区,上原２丁目,-,渋谷区上原２-２４-１５,35.664533,139.6809978,まちのこども園 代々木上原,認定こども園(幼・保・地方裁量型),108,2024年4月1日
渋谷区,代々木神園町,-,渋谷区代々木神園町２-１,35.6700371,139.6931498,まちのこども園 代々木公園,認定こども園(幼・保・地方裁量型),128,2024年4月1日
渋谷区,東１丁目,-,渋谷区東１-２９-１,35.6539749,139.7070524,渋谷東しぜんの国こども園,認定こども園(幼・保・地方裁量型),111,2024年4月1日
千代田区,神田須田町１丁目,-,神田須田町１-34-1号　神田須田町千歳ビル1階,35.6945261,139.7699004,神田ミレ-ネ保育園,認可外保育施設(ベビーホテル、事業所内保育施設、院内保育施設、その他施設),20,2025年1月1日
千代田区,内幸町１丁目,-,内幸町１-１-１　帝国ホテル本館４階,35.672454,139.7579015,帝国ホテルベビ-ル-ム,認可外保育施設(ベビーホテル、事業所内保育施設、院内保育施設、その他施設),24,2025年1月1日
千代田区,紀尾井町,赤坂,紀尾井町４-１　ホテルニュ-オ-タニ　ザ・メイン３階,35.6811007,139.7340219,ホテルニュ-オ-タニ　ベビ-ル-ム,認可外保育施設(ベビーホテル、事業所内保育施設、院内保育施設、その他施設),5,2025年1月1日
千代田区,富士見２丁目,-,富士見２-１４-２３,35.6971145,139.7426897,NPO法人ひまわり育児室,認可外保育施設(ベビーホテル、事業所内保育施設、院内保育施設、その他施設),26,2025年1月1日
千代田区,外神田３丁目,-,外神田３-４-７,35.7011191,139.7698405,小学館アカデミ-昌平保育園,認可外保育施設(ベビーホテル、事業所内保育施設、院内保育施設、その他施設),25,2025年1月1日
千代田区,神田司町2丁目,-,神田司町２-１６　神田さくら館１階,35.6933775,139.7685677,マミ-ズエンジェル千代田保育園,認可外保育施設(ベビーホテル、事業所内保育施設、院内保育施設、その他施設),20,2025年1月1日
千代田区,神田佐久間町４丁目,-,神田佐久間町４-１１-４　グレ-シア千代田秋葉原１階・２階,35.6976561,139.7797022,anton nursery school,認可外保育施設(ベビーホテル、事業所内保育施設、院内保育施設、その他施設),26,2025年1月1日
千代田区,富士見１丁目,-,富士見町１-６-１　富士見ビルB１,35.6104236,140.1178414,ハイブリッドマムプリスク-ルナ-サリ-千代田富士見,認可外保育施設(ベビーホテル、事業所内保育施設、院内保育施設、その他施設),40,2025年1月1日
千代田区,九段南４丁目,-,九段南４-７-２２　ラ・メゾンドシャル-６０２,35.6911672,139.7392169,レインボ-ル-ム,認可外保育施設(ベビーホテル、事業所内保育施設、院内保育施設、その他施設),設定なし,2025年1月1日
千代田区,丸の内３丁目,大丸有,丸の内３-4-1号　新国際ビル1階,35.6767148,139.7612147,企業主導型保育施設　コトフィス新国際ビル,認可外保育施設(ベビーホテル、事業所内保育施設、院内保育施設、その他施設),23,2025年1月1日
千代田区,九段北４丁目,-,九段北４-２-２９　セブンアネックスビル４階,35.6925268,139.7384447,ウィズダムアカデミ-PRIME DUAL市ケ谷飯田橋校,認可外保育施設(ベビーホテル、事業所内保育施設、院内保育施設、その他施設),50,2025年1月1日
千代田区,丸の内２丁目,大丸有,丸の内２-１-１　明治安田生命ビル１階,35.6791077,139.7621731,Startup Hub Tokyo キッズル-ム,認可外保育施設(ベビーホテル、事業所内保育施設、院内保育施設、その他施設),4,2025年1月1日
千代田区,丸の内１丁目,大丸有,丸ノ内１-６-５　丸ノ内北口ビルディング２F-２０２,35.683938,139.7668852,ポピンズナ-サリ-スク-ル丸ノ内,認可外保育施設(ベビーホテル、事業所内保育施設、院内保育施設、その他施設),65,2025年1月1日
千代田区,紀尾井町,赤坂,紀尾井町7-1,35.6841965,139.7327535,上智大学託児室,認可外保育施設(ベビーホテル、事業所内保育施設、院内保育施設、その他施設),5,2025年1月1日
千代田区,大手町１丁目,大丸有,大手町１-７-１　読売新聞東京本社,35.6871605,139.7641658,よみかきの森保育園,認可外保育施設(ベビーホテル、事業所内保育施設、院内保育施設、その他施設),15,2025年1月1日
千代田区,神田神保町３丁目,-,神田神保町３-２７　６号館１０６号室,35.6947262,139.7544568,共立女子学園内託児所,認可外保育施設(ベビーホテル、事業所内保育施設、院内保育施設、その他施設),30,2025年1月1日
千代田区,大手町１丁目,大丸有,大手町１-１-１　大手町パ-クビルディング２階,35.6869413,139.7626728,ポピンズナ-サリ-スク-ル大手町,認可外保育施設(ベビーホテル、事業所内保育施設、院内保育施設、その他施設),30,2025年1月1日
千代田区,岩本町１丁目,-,岩本町１-6-3号　岩本町163ビル2階,35.6917022,139.7769465,さくらインタ-ナショナルスク-ル千代田校,認可外保育施設(ベビーホテル、事業所内保育施設、院内保育施設、その他施設),54,2025年1月1日
千代田区,丸の内１丁目,大丸有,丸の内１-8-2号　鉄鋼ビルディング地下1階,35.6831101,139.7703058,ファミリアキッズ　八重洲北口,認可外保育施設(ベビーホテル、事業所内保育施設、院内保育施設、その他施設),10,2025年1月1日
千代田区,東神田２丁目,-,東神田２-３-３　東神田藤和ビル１階,35.696586,139.7796461,かけはし保育園,認可外保育施設(ベビーホテル、事業所内保育施設、院内保育施設、その他施設),12,2025年1月1日
千代田区,三崎町２丁目,-,三崎町２-２-１２　塩谷ビル１階,35.7002124,139.7547881,ニチイキッズちよだ水道橋保育園,認可外保育施設(ベビーホテル、事業所内保育施設、院内保育施設、その他施設),18,2025年1月1日
千代田区,神田須田町２丁目,-,神田須田町２-７-３号VORT秋葉原BLD.9階,35.6959394,139.7734769,株式会社YNP託児所,認可外保育施設(ベビーホテル、事業所内保育施設、院内保育施設、その他施設),13,2025年1月1日
千代田区,永田町２丁目,赤坂,永田町２-11番1号　山王パ-クタワ-6階,35.6731479,139.7406938,企業主導型保育施設　コトフィス山王パ-クタワ-,認可外保育施設(ベビーホテル、事業所内保育施設、院内保育施設、その他施設),19,2025年1月1日
千代田区,大手町１丁目,大丸有,大手町１-９-４　大手町フィナンシャルシティノ-スタワ-,35.6882884,139.7659268,クロ-バ-保育園,認可外保育施設(ベビーホテル、事業所内保育施設、院内保育施設、その他施設),10,2025年1月1日
中央区,月島１丁目,-,中央区月島１-３-２号　佃権月島ビル３階,35.664882,139.783811,ちゃいれっく月島駅前保育園,認証保育所A,50,2024年11月1日
千代田区,鍛治町２丁目,-,鍛治町２-４-２,40.6423895,140.5977502,グロ-バルキッズ神田駅前保育園,認可外保育施設(ベビーホテル、事業所内保育施設、院内保育施設、その他施設),40,2025年1月1日
千代田区,大手町１丁目,大丸有,大手町１-２-１　三井物産ビル３階,35.6878206,139.7623345,キッズスクウェア Otemachi One,認可外保育施設(ベビーホテル、事業所内保育施設、院内保育施設、その他施設),30,2025年1月1日
千代田区,五番町,-,五番町１０-７-２F,35.6892407,139.7346046,KIDS EDU インタ-ナショナルプリスク-ル＆アカデミ-,認可外保育施設(ベビーホテル、事業所内保育施設、院内保育施設、その他施設),30,2025年1月1日
千代田区,鍛治町２丁目,-,鍛治町２-５-１５　ゆたか倶楽部ビル,35.6919441,139.7724963,Anchor Kids International School franchised byイマジンJAPAN,認可外保育施設(ベビーホテル、事業所内保育施設、院内保育施設、その他施設),29,2025年1月1日
中央区,月島２丁目,-,中央区月島２-１８-２号,35.662268,139.784479,さくらさくみらい　月島,認証保育所A,27,2024年11月1日
中央区,銀座７丁目,-,銀座７-15-18号　銀ビル1階,35.6674613,139.7654836,キッズ花・花　銀座店,認可外保育施設(ベビーホテル、事業所内保育施設、院内保育施設、その他施設),設定なし,2025年1月1日
千代田区,神田佐久間町３丁目,-,神田佐久間町３-34番1号ヒロコ-トアキハバラ１階,35.6985507,139.7775803,ママズスマイル秋葉原店,認可外保育施設(ベビーホテル、事業所内保育施設、院内保育施設、その他施設),18,2025年1月1日
中央区,銀座４丁目,-,銀座４-6-16号,35.671214,139.7659268,キッズスクウェア銀座三越,認可外保育施設(ベビーホテル、事業所内保育施設、院内保育施設、その他施設),12,2025年1月1日
中央区,晴海１丁目,-,晴海１-８-２　トリトンスクエア内２階,35.6573718,139.7827814,アオバジャパン・バイリンガルプリスク-ル,認可外保育施設(ベビーホテル、事業所内保育施設、院内保育施設、その他施設),156,2025年1月1日
中央区,銀座６丁目,-,銀座６-１６-５　銀座さ可井・小川ビル２階,35.6677187,139.7660375,ナ-サリ-ウイ,認可外保育施設(ベビーホテル、事業所内保育施設、院内保育施設、その他施設),設定なし,2025年1月1日
中央区,日本橋大伝馬町,-,日本橋大伝馬町7-3号　5階,35.6899807,139.7795459,大伝馬ふれあい保育園,認可外保育施設(ベビーホテル、事業所内保育施設、院内保育施設、その他施設),20,2025年1月1日
中央区,銀座２丁目,-,銀座２-１２-３　ライトビル２階,35.6721451,139.7700349,銀座インタ-ナショナル保育園あんふぁにぃ,認可外保育施設(ベビーホテル、事業所内保育施設、院内保育施設、その他施設),46,2025年1月1日
中央区,京橋３丁目,日八京,京橋３-１-１　東京スクエアガ-デン３階,35.6760575,139.768882,キッズスクウェア東京スクエアガ-デン,認可外保育施設(ベビーホテル、事業所内保育施設、院内保育施設、その他施設),30,2025年1月1日
中央区,築地５丁目,-,築地５-１-１,35.6654709,139.7681552,国立研究開発法人国立がん研究センタ-どんぐり保育園,認可外保育施設(ベビーホテル、事業所内保育施設、院内保育施設、その他施設),30,2025年1月1日
中央区,明石町,-,明石町2-14,35.6674774,139.7786272,聖路加国際病院　聖路加ナ-サリ-,認可外保育施設(ベビーホテル、事業所内保育施設、院内保育施設、その他施設),53,2025年1月1日
中央区,日本橋室町２丁目,日八京,日本橋室町２-１-１　三井二号館２階,35.6868356,139.7725005,キッズスクウェア日本橋室町,認可外保育施設(ベビーホテル、事業所内保育施設、院内保育施設、その他施設),19,2025年1月1日
中央区,湊３丁目,-,湊３-5-10号VORT新富町4階,35.6696461,139.7782157,サンシャインキッズアカデミ-,認可外保育施設(ベビーホテル、事業所内保育施設、院内保育施設、その他施設),60,2025年1月1日
中央区,日本橋人形町３丁目,-,日本橋人形町３-２-５,35.6864195,139.7801871,スプリング保育所,認可外保育施設(ベビーホテル、事業所内保育施設、院内保育施設、その他施設),19,2025年1月1日
中央区,日本橋浜町１丁目,-,日本橋浜町１-３-１３　栗田ビル１階,35.6898394,139.7861768,コトナキッズ保育園,認可外保育施設(ベビーホテル、事業所内保育施設、院内保育施設、その他施設),16,2025年1月1日
中央区,築地６丁目,-,築地６-１９-２０　ニチレイ東銀座ビル２階,35.6637045,139.774673,MIRAIterrace,認可外保育施設(ベビーホテル、事業所内保育施設、院内保育施設、その他施設),32,2025年1月1日
中央区,入船１丁目,-,入船１-１-２４　レオ-ネ八丁堀　１階/２階,35.673445,139.7770894,ネスインタ-ナショナルスク-ル　八丁堀校,認可外保育施設(ベビーホテル、事業所内保育施設、院内保育施設、その他施設),17,2025年1月1日
中央区,東日本橋１丁目,-,東日本橋１-３-１３,35.69046,139.786102,こどもの王国保育園　東日本橋園,認可外保育施設(ベビーホテル、事業所内保育施設、院内保育施設、その他施設),24,2025年1月1日
中央区,日本橋浜町２丁目,-,日本橋浜町２-１-１　田辺浜町ビル１階,35.6853729,139.78713,野菜を好きになる保育園　ベジ・キッズ,認可外保育施設(ベビーホテル、事業所内保育施設、院内保育施設、その他施設),19,2025年1月1日
中央区,銀座６丁目,-,銀座６-１６-５　さ可井小川ビル３階,35.6677187,139.7660375,ウイ　インタ-ナショナルプリスク-ル,認可外保育施設(ベビーホテル、事業所内保育施設、院内保育施設、その他施設),28,2025年1月1日
中央区,日本橋富沢町,-,日本橋富沢町14-1　北祥ビル1階,35.6895761,139.7830797,FUTURE児童園・日本橋,認可外保育施設(ベビーホテル、事業所内保育施設、院内保育施設、その他施設),26,2025年1月1日
中央区,日本橋富沢町,-,日本橋富沢町6-5　アソルティ人形町1階,35.6882653,139.78313,みらいえインタ-ナショナルスク-ル人形町,認可外保育施設(ベビーホテル、事業所内保育施設、院内保育施設、その他施設),19,2025年1月1日
中央区,勝どき３丁目,-,勝どき３-１２-１　フォアフロントタワ-１階,35.6587747,139.7740648,東京インタ-ナショナルスク-ル　勝どきキンダ-ガ-テン,認可外保育施設(ベビーホテル、事業所内保育施設、院内保育施設、その他施設),84,2025年1月1日
中央区,日本橋小舟町,-,日本橋小舟町１３-地１　パ-クレジデンス日本橋三越前ザレジデンス１階２階,35.687835,139.7784858,さくらインタ-ナショナルスク-ル日本橋校,認可外保育施設(ベビーホテル、事業所内保育施設、院内保育施設、その他施設),94,2025年1月1日
中央区,新川２丁目,-,"新川２-３-１１　共立ビル　１階,２階",35.6764948,139.7800452,TJ International Nursery & Preschool,認可外保育施設(ベビーホテル、事業所内保育施設、院内保育施設、その他施設),43,2025年1月1日
中央区,日本橋富沢町,-,日本橋富沢町6-4　RENOBLE NINGYOCHO 1階,35.6881098,139.7829108,アウルインタ-ナショナルスク-ル　日本橋校,認可外保育施設(ベビーホテル、事業所内保育施設、院内保育施設、その他施設),100,2025年1月1日
中央区,月島２丁目,-,月島２-１４-１２　月島セントラルビル４階・５階,35.66266,139.7829122,ラ-ニングトゥリ-インタ-ナショナルスク-ル月島キャンパス,認可外保育施設(ベビーホテル、事業所内保育施設、院内保育施設、その他施設),170,2025年1月1日
中央区,佃３丁目,-,佃３-２-１０　オ-ケンビル３階,35.6653658,139.7865464,ブロッサムズインタ-ナショナルスク-ル,認可外保育施設(ベビーホテル、事業所内保育施設、院内保育施設、その他施設),設定なし,2025年1月1日
中央区,築地６丁目,-,築地６-１５-６　U square 築地　８・９階,35.6639608,139.7735606,T.N.G. Montessori Academy（月島校）,認可外保育施設(ベビーホテル、事業所内保育施設、院内保育施設、その他施設),27,2025年1月1日
中央区,築地６丁目,-,築地６-１５-６　U square 築地　３階４階,35.6639608,139.7735606,T.N.G. Montessori Academy（築地校）,認可外保育施設(ベビーホテル、事業所内保育施設、院内保育施設、その他施設),14,2025年1月1日
中央区,日本橋人形町２丁目,-,日本橋人形町２-１５-１１,35.6849098,139.7855577,Kids Rocket Academy,認可外保育施設(ベビーホテル、事業所内保育施設、院内保育施設、その他施設),25,2025年1月1日
中央区,日本橋富沢町,-,日本橋富沢町4-10　京成日本橋富沢町ビル1階,35.6880171,139.783061,コトナキッズ保育園　人形町園,認可外保育施設(ベビーホテル、事業所内保育施設、院内保育施設、その他施設),35,2025年1月1日
中央区,月島２丁目,-,月島２-２０-１４,35.6614399,139.7844491,ママズスマイル月島店,認可外保育施設(ベビーホテル、事業所内保育施設、院内保育施設、その他施設),15,2025年1月1日
中央区,入船１丁目,-,"入船１-1-24号　7,8階",35.673445,139.7770894,EEMS Ease English Montessori School,認可外保育施設(ベビーホテル、事業所内保育施設、院内保育施設、その他施設),21,2025年1月1日
中央区,銀座５丁目,-,銀座５-１４-１７　銀座USB９０２号,35.668875,139.7672593,一時あずかりふらっと銀座のかけこみ寺,認可外保育施設(ベビーホテル、事業所内保育施設、院内保育施設、その他施設),3,2025年1月1日
中央区,日本橋本石町３丁目,日八京,日本橋本石町３-1-2号　FORECAST新常盤橋1階,35.6871061,139.7700407,WONDER KIDS BILINGUAL PREP SCHOOL 東京校,認可外保育施設(ベビーホテル、事業所内保育施設、院内保育施設、その他施設),31,2025年1月1日
中央区,月島２丁目,-,月島２-10-2　ム-ンアイランドタワ-201,35.6634491,139.7844584,stellar education garden月島保育園,認可外保育施設(ベビーホテル、事業所内保育施設、院内保育施設、その他施設),12,2025年1月1日
中央区,佃１丁目,-,佃１-11-8号　ピアウエストスクエア1階,35.6697415,139.7844993,ロ-ラスインタ-ナショナルスク-ル オブ サイエンス　月島校,認可外保育施設(ベビーホテル、事業所内保育施設、院内保育施設、その他施設),66,2025年1月1日
中央区,銀座４丁目,-,銀座４-13-地11号松竹倶楽部ビル4階,35.6690447,139.7681623,マザ-ズ銀座校,認可外保育施設(ベビーホテル、事業所内保育施設、院内保育施設、その他施設),24,2025年1月1日
中央区,佃２丁目,-,佃２-２１-８　３階,35.6658297,139.786047,村川久子アカデミックアフタ-スク-ル,認可外保育施設(ベビーホテル、事業所内保育施設、院内保育施設、その他施設),5,2025年1月1日
中央区,晴海１丁目,-,晴海１-８-１６　晴海トリトンスクエア３階,35.6573718,139.7827814,伸芽'Sクラブ　晴海トリトン校,認可外保育施設(ベビーホテル、事業所内保育施設、院内保育施設、その他施設),82,2025年1月1日
品川区,旗の台６丁目,-,品川区旗の台６-２９-１４号,35.6047745,139.6982075,アソシエ旗の台保育園,認可保育所,69,2024年10月1日
中央区,勝どき４丁目,-,勝どき４-６-２　パ-クタワ-勝どきミッドタウン３０１,35.6565678,139.7768603,バディスポ-ツ幼児園　勝どき,認可外保育施設(ベビーホテル、事業所内保育施設、院内保育施設、その他施設),240,2025年1月1日
中央区,銀座１丁目,-,銀座１-５-１　HOLON-GINZAⅡ４０１,35.6750798,139.7673217,ママズスマイル銀座店,認可外保育施設(ベビーホテル、事業所内保育施設、院内保育施設、その他施設),13,2025年1月1日
中央区,入船２丁目,-,入船２-９-５HKビル３階,35.6470981,139.9114647,スマイルクラブインタ-ナショナルスク-ル新富町,認可外保育施設(ベビーホテル、事業所内保育施設、院内保育施設、その他施設),30,2025年1月1日
中央区,勝どき２丁目,-,勝どき２-10-14　勝どきロ-ドズ407,35.6586188,139.7772492,スポ-ツ＆ブレイン保育園,認可外保育施設(ベビーホテル、事業所内保育施設、院内保育施設、その他施設),20,2025年1月1日
新宿区,新宿３丁目,-,新宿３-９-５　ゴ-ルドビル５階,35.691338,139.706773,キッズパラダイス新宿Global,認可外保育施設(ベビーホテル、事業所内保育施設、院内保育施設、その他施設),26,2025年1月1日
新宿区,新宿５丁目,-,新宿５-１８-９　酒井ビル２階,35.694705,139.7059672,たいよう保育園,認可外保育施設(ベビーホテル、事業所内保育施設、院内保育施設、その他施設),20,2025年1月1日
新宿区,百人町２丁目,-,百人町２-１１-２４,35.7014247,139.6989846,愛嬰幼保学園新宿園,認可外保育施設(ベビーホテル、事業所内保育施設、院内保育施設、その他施設),65,2025年1月1日
新宿区,新宿７丁目,-,新宿７-２６-９　フィオ-レ東京３階,35.69808,139.7090742,ふぃお-れ保育室,認可外保育施設(ベビーホテル、事業所内保育施設、院内保育施設、その他施設),18,2025年1月1日
新宿区,戸山１丁目,-,戸山１-２１-１　第２教育研修棟３０１,35.7014863,139.7154405,（独）国立国際医療研究センタ-　あさがお保育園,認可外保育施設(ベビーホテル、事業所内保育施設、院内保育施設、その他施設),5,2025年1月1日
新宿区,神楽坂１丁目,-,神楽坂１-２　研究社英語センタ-ビル１階,35.6990376,139.7410796,伸芽'Sクラブ飯田橋,認可外保育施設(ベビーホテル、事業所内保育施設、院内保育施設、その他施設),143,2025年1月1日
新宿区,歌舞伎町１丁目,-,歌舞伎町１-１５-１　吉本ビル２階,35.6939732,139.7024356,わんぱくランド新宿園,認可外保育施設(ベビーホテル、事業所内保育施設、院内保育施設、その他施設),15,2025年1月1日
新宿区,高田馬場３丁目,-,高田馬場３-１２-５　セブンビル２階,35.7132069,139.7009917,どみそ保育園,認可外保育施設(ベビーホテル、事業所内保育施設、院内保育施設、その他施設),45,2025年1月1日
新宿区,新宿１丁目,-,新宿１-１９-８　サンモ-ル第７ビル２階,35.6897635,139.7125613,Brighton Nursery School Shinjuku-Gyoen,認可外保育施設(ベビーホテル、事業所内保育施設、院内保育施設、その他施設),60,2025年1月1日
品川区,西五反田１丁目,-,品川区西五反田１-２９-２号吾作ビル,35.6250051,139.7221288,キッズガ-デン五反田駅前,認可保育所,73,2024年10月1日
新宿区,西新宿８丁目,-,西新宿８-３-２３-１０１,35.6913457,139.69369,Kid'sroom Puananala,認可外保育施設(ベビーホテル、事業所内保育施設、院内保育施設、その他施設),10,2025年1月1日
品川区,戸越６丁目,-,品川区戸越６-１５-５号,35.6070578,139.7150933,キッズラボ中延園,認可保育所,73,2024年10月1日
新宿区,高田馬場２丁目,-,高田馬場２-１２-６　ト-ヨ-ビル１階,35.71337,139.7075818,ママズスマイル高田馬場,認可外保育施設(ベビーホテル、事業所内保育施設、院内保育施設、その他施設),設定なし,2025年1月1日
新宿区,西新宿６丁目,-,西新宿６-７-１,35.6913457,139.69369,東京医科大学病院　つくしんぼ保育園,認可外保育施設(ベビーホテル、事業所内保育施設、院内保育施設、その他施設),9,2025年1月1日
新宿区,河田町,-,河田町8-1,35.6975924,139.7203688,東京女子医科大学附属保育所,認可外保育施設(ベビーホテル、事業所内保育施設、院内保育施設、その他施設),25,2025年1月1日
新宿区,大京町,-,大京町11-22　レジデンス大京町　地下1階,35.6846047,139.7184934,慶應義塾保育所,認可外保育施設(ベビーホテル、事業所内保育施設、院内保育施設、その他施設),15,2025年1月1日
新宿区,西新宿４丁目,-,西新宿４-２-１５　シティタワ-新宿新都心７１１号,35.6904788,139.6860998,医療法人社団　慶潤会　西新宿保育所,認可外保育施設(ベビーホテル、事業所内保育施設、院内保育施設、その他施設),3,2025年1月1日
新宿区,戸塚町１丁目,-,戸塚町１-１０３　早稲田大学９９号館１階,35.708213,139.721087,早稲田大学学生・教職員用託児室,認可外保育施設(ベビーホテル、事業所内保育施設、院内保育施設、その他施設),30,2025年1月1日
新宿区,大久保３丁目,-,大久保３-４-１　早稲田大学６０号館２階,35.7060401,139.7061196,早稲田大学　学生教職員用託児室,認可外保育施設(ベビーホテル、事業所内保育施設、院内保育施設、その他施設),10,2025年1月1日
新宿区,若松町,-,若松町15-8　モアリッシェル東新宿1階,35.6981172,139.7147087,ZERO Nursery,認可外保育施設(ベビーホテル、事業所内保育施設、院内保育施設、その他施設),12,2025年1月1日
新宿区,市谷仲之町,-,市谷仲之町3-16　高木ハウス102.103号室,35.6951045,139.7222749,Frontierkids Ichigaya,認可外保育施設(ベビーホテル、事業所内保育施設、院内保育施設、その他施設),12,2025年1月1日
新宿区,市谷薬王寺町,-,市谷薬王寺町75　ル・ロゾ-102,35.6964879,139.7263453,牛込保育園ラパン,認可外保育施設(ベビーホテル、事業所内保育施設、院内保育施設、その他施設),12,2025年1月1日
新宿区,天神町,-,天神町２２-３　ル-ト神楽坂２階,35.705174,139.7312068,繭の糸神楽坂保育園,認可外保育施設(ベビーホテル、事業所内保育施設、院内保育施設、その他施設),30,2025年1月1日
品川区,東大井１丁目,-,品川区東大井１-３-６号,35.6063185,139.7441436,ソラストひがしおおい保育園,認可保育所,90,2024年10月1日
新宿区,大久保１丁目,-,大久保１-８-８　３階,35.6989403,139.7046277,あんしんつぼみ保育園,認可外保育施設(ベビーホテル、事業所内保育施設、院内保育施設、その他施設),19,2025年1月1日
新宿区,市谷加賀町２丁目,-,市谷加賀町２-４-２７,35.696839,139.7283806,Frontierkids Kagacho,認可外保育施設(ベビーホテル、事業所内保育施設、院内保育施設、その他施設),30,2025年1月1日
新宿区,大京町,-,大京町31　マンションヴィップ新宿御苑102,35.6815854,139.7146336,ブルジョンキッズスペ-ス,認可外保育施設(ベビーホテル、事業所内保育施設、院内保育施設、その他施設),19,2025年1月1日
新宿区,水道町,-,水道町1-28　江戸川小学校内,35.7071016,139.7365759,保育ル-ムえどがわ園,認可外保育施設(ベビーホテル、事業所内保育施設、院内保育施設、その他施設),18,2025年1月1日
新宿区,下落合４丁目,-,下落合４-３-７,35.7170584,139.6963973,モンテッソ-リ下落合　こどもの家,認可外保育施設(ベビーホテル、事業所内保育施設、院内保育施設、その他施設),18,2025年1月1日
新宿区,高田馬場１丁目,-,高田馬場１-１４-８　千代田ビル２号館,35.7094322,139.7059558,アオバジャパン・バイリンガルプリスク-ル　早稲田キャンパス,認可外保育施設(ベビーホテル、事業所内保育施設、院内保育施設、その他施設),130,2025年1月1日
新宿区,西五軒町,-,西五軒町4-10　伊藤ビル1階,35.7067131,139.7370814,SUNNY BUNNY International Preschool,認可外保育施設(ベビーホテル、事業所内保育施設、院内保育施設、その他施設),8,2025年1月1日
新宿区,市谷加賀町２丁目,-,市谷加賀町２-４-２７-A棟,35.696839,139.7283806,Frontierkids Global School,認可外保育施設(ベビーホテル、事業所内保育施設、院内保育施設、その他施設),40,2025年1月1日
新宿区,住吉町,-,住吉町3-16　グランハイツ曙橋1階,35.6920615,139.719518,カメリアキッズ曙橋園,認可外保育施設(ベビーホテル、事業所内保育施設、院内保育施設、その他施設),20,2025年1月1日
新宿区,早稲田鶴巻町,-,早稲田鶴巻町558,35.7079605,139.7257931,早稲田モンテッソ-リ学園,認可外保育施設(ベビーホテル、事業所内保育施設、院内保育施設、その他施設),15,2025年1月1日
品川区,北品川３丁目,-,品川区北品川３-６-１号,35.6204365,139.7392777,さくらさくみらい御殿山,認可保育所,60,2024年10月1日
新宿区,左門町,-,左門町６-７　鯉江ビル２階,35.6862193,139.7204593,i Kids Star 四谷,認可外保育施設(ベビーホテル、事業所内保育施設、院内保育施設、その他施設),90,2025年1月1日
新宿区,百人町２丁目,-,百人町２-１７-１０,35.7025116,139.6981973,エベレストキッズ,認可外保育施設(ベビーホテル、事業所内保育施設、院内保育施設、その他施設),84,2025年1月1日
新宿区,上落合２丁目,-,上落合２-２７-１６,35.7125572,139.686379,NOBIRUKAI NURSERY,認可外保育施設(ベビーホテル、事業所内保育施設、院内保育施設、その他施設),16,2025年1月1日
新宿区,高田馬場２丁目,-,高田馬場２-１４-２新陽ビル１F,35.7124818,139.707133,MAXインタ-ナショナルスク-ル,認可外保育施設(ベビーホテル、事業所内保育施設、院内保育施設、その他施設),105,2025年1月1日
新宿区,新宿４丁目,-,新宿４-１-６　JR新宿ミライナタワ-１７階,35.6887374,139.7018272,わ～ママ Style Kids ル-ム,認可外保育施設(ベビーホテル、事業所内保育施設、院内保育施設、その他施設),6,2025年1月1日
江東区,南砂２丁目,-,南砂２-６-３　サンライズ東陽ビル４階,35.6723183,139.8199422,ドリ-ムキッズハウス,認可外保育施設(ベビーホテル、事業所内保育施設、院内保育施設、その他施設),52,2025年1月1日
江東区,毛利１丁目,-,毛利１-２１-１２　高知尾ビル１階,35.6927597,139.8135174,mama's smile錦糸町店,認可外保育施設(ベビーホテル、事業所内保育施設、院内保育施設、その他施設),設定なし,2025年1月1日
江東区,辰巳１丁目,-,辰巳１-９-４９,35.650154,139.8096707,ちあきっず,認可外保育施設(ベビーホテル、事業所内保育施設、院内保育施設、その他施設),40,2025年1月1日
江東区,住吉１丁目,-,住吉１-１８-１５　六華園１階,35.4468815,139.6364423,あそか病院内保育室,認可外保育施設(ベビーホテル、事業所内保育施設、院内保育施設、その他施設),15,2025年1月1日
江東区,大島６丁目,-,大島６-２-１１　ベルフラワ-１０２号,35.6937792,139.8332593,江東病院保育所すくすくナ-サリ-,認可外保育施設(ベビーホテル、事業所内保育施設、院内保育施設、その他施設),25,2025年1月1日
江東区,大島５丁目,-,大島５-３６-７　白石ビル３階,35.6889174,139.8362724,JOYPORT大島保育園,認可外保育施設(ベビーホテル、事業所内保育施設、院内保育施設、その他施設),29,2025年1月1日
江東区,常盤２丁目,-,常盤２-９-７　グリ-ンプラザ常盤１階,35.6858143,139.7981624,ケイ・インタ-ナショナルプリスク-ル,認可外保育施設(ベビーホテル、事業所内保育施設、院内保育施設、その他施設),24,2025年1月1日
江東区,三好１丁目,-,三好１-８-３　越前屋ビル４階,35.6803311,139.7992825,カメリアキッズ清澄白河園,認可外保育施設(ベビーホテル、事業所内保育施設、院内保育施設、その他施設),9,2025年1月1日
江東区,新砂１丁目,-,新砂１-８-２　SGHビル新砂Ⅱ１階,35.6682093,139.8253926,SGH Kids Garden,認可外保育施設(ベビーホテル、事業所内保育施設、院内保育施設、その他施設),20,2025年1月1日
江東区,亀戸１丁目,-,亀戸１-４３-７　コ-プ野村亀戸東棟１階,35.6967008,139.8216911,わくわくbase亀戸,認可外保育施設(ベビーホテル、事業所内保育施設、院内保育施設、その他施設),30,2025年1月1日
江東区,亀戸６丁目,-,亀戸６-１１-５　ア-バンフロイデ１階,35.6948964,139.8269831,ten kids 亀戸南園,認可外保育施設(ベビーホテル、事業所内保育施設、院内保育施設、その他施設),140,2025年1月1日
江東区,千石３丁目,-,千石３-１-３１,35.6781726,139.8125082,カメリアキッズ千石園,認可外保育施設(ベビーホテル、事業所内保育施設、院内保育施設、その他施設),21,2025年1月1日
江東区,越中島３丁目,-,越中島３-６-１５,35.6650721,139.8000521,福山みどり保育園,認可外保育施設(ベビーホテル、事業所内保育施設、院内保育施設、その他施設),17,2025年1月1日
江東区,東砂６丁目,-,東砂６-１６-１ TEC Residence １階,35.673333,139.842785,もりのなかま保育園　東砂ひよこ園,認可外保育施設(ベビーホテル、事業所内保育施設、院内保育施設、その他施設),10,2025年1月1日
江東区,亀戸２丁目,-,亀戸２-４３-２　ドルミ亀戸１０１号室,35.7013945,139.8238195,カメリアキッズ亀戸園,認可外保育施設(ベビーホテル、事業所内保育施設、院内保育施設、その他施設),19,2025年1月1日
江東区,有明３丁目,-,有明３-７-１８　有明セントラルタワ-２階,35.6320715,139.7936735,キッズル-ムひかり　有明園,認可外保育施設(ベビーホテル、事業所内保育施設、院内保育施設、その他施設),19,2025年1月1日
江東区,亀戸３丁目,-,亀戸３-４６-１５　TPCビル２階,35.7019047,139.8230521,なないろ保育園,認可外保育施設(ベビーホテル、事業所内保育施設、院内保育施設、その他施設),58,2025年1月1日
江東区,東陽１丁目,-,東陽１-３４-１３　ディックビル１階,35.6672862,139.8125028,らいおんハ-ト保育園　東陽町,認可外保育施設(ベビーホテル、事業所内保育施設、院内保育施設、その他施設),15,2025年1月1日
江東区,森下３丁目,-,森下３-１３-５　ゴ-ベルビル２階,35.6854559,139.8031371,ルンルンル-ム,認可外保育施設(ベビーホテル、事業所内保育施設、院内保育施設、その他施設),19,2025年1月1日
江東区,豊洲３丁目,-,豊洲３-2-3　豊洲キュ-ビックガ-デン1階,35.6582723,139.7941341,ａｉｕｅｏだいいち保育園豊洲,認可外保育施設(ベビーホテル、事業所内保育施設、院内保育施設、その他施設),12,2025年1月1日
江東区,亀戸６丁目,-,亀戸６-２-３　田辺ビル２階,35.694395,139.8261762,MOMB亀戸保育園,認可外保育施設(ベビーホテル、事業所内保育施設、院内保育施設、その他施設),29,2025年1月1日
江東区,塩浜２丁目,-,塩浜２-２７-１４　深川アルファ９６　１０１号室,35.6642478,139.81649,めといろ保育園　東陽町園,認可外保育施設(ベビーホテル、事業所内保育施設、院内保育施設、その他施設),12,2025年1月1日
江東区,新砂１丁目,-,新砂１-９-２１,35.6661057,139.837977,バディスポ-ツ幼児園　江東,認可外保育施設(ベビーホテル、事業所内保育施設、院内保育施設、その他施設),420,2025年1月1日
江東区,猿江２丁目,-,猿江２-１６-５　住吉メディカルモ-ル５階,35.6852133,139.8163531,Smile Club International School,認可外保育施設(ベビーホテル、事業所内保育施設、院内保育施設、その他施設),40,2025年1月1日
江東区,辰巳１丁目,-,辰巳１-４-１１　STビル辰巳別館５階,35.652205,139.8083353,Kids Academy Noah,認可外保育施設(ベビーホテル、事業所内保育施設、院内保育施設、その他施設),設定なし,2025年1月1日
江東区,大島４丁目,-,大島４-１-１-１０３,35.6868555,139.8289876,Raindrops,認可外保育施設(ベビーホテル、事業所内保育施設、院内保育施設、その他施設),設定なし,2025年1月1日
江東区,有明１丁目,-,有明１-５-２２,35.6373583,139.7818222,バディスポ-ツ幼児園　有明園,認可外保育施設(ベビーホテル、事業所内保育施設、院内保育施設、その他施設),520,2025年1月1日
江東区,東陽２丁目,-,東陽２-２-２０,35.6667998,139.8162201,東京YMCA　インタ-ナショナルキッズガ-デン,認可外保育施設(ベビーホテル、事業所内保育施設、院内保育施設、その他施設),106,2025年1月1日
江東区,東雲２丁目,-,東雲２-３-２２　ロ-ソン東雲店２階,35.6422695,139.8001618,しののめモンテッソ-リ子どもの家,認可外保育施設(ベビーホテル、事業所内保育施設、院内保育施設、その他施設),60,2025年1月1日
江東区,木場５丁目,-,木場５-６-３０　坂田第５ビル　２階・３階・４階,35.671191,139.8071141,ラ-ニングトゥリ-インタ-ナショナルスク-ル木場キャンパス,認可外保育施設(ベビーホテル、事業所内保育施設、院内保育施設、その他施設),190,2025年1月1日
江東区,佐賀１丁目,-,佐賀１-９-１０,35.6766625,139.7905697,東京インタ-ナショナルプリスク-ル門前仲町校,認可外保育施設(ベビーホテル、事業所内保育施設、院内保育施設、その他施設),50,2025年1月1日
江東区,亀戸１丁目,-,亀戸１-１８-９,35.6945548,139.8237196,東京ベイインタ-ナショナルスク-ル（TBIS）,認可外保育施設(ベビーホテル、事業所内保育施設、院内保育施設、その他施設),60,2025年1月1日
品川区,豊町３丁目,-,品川区豊町３-２-１３号,35.6081362,139.7193693,さんさん森の保育園戸越公園,認可保育所,84,2024年10月1日
品川区,平塚２丁目,-,品川区平塚２-１４-１号,35.6166514,139.713257,チャイルドマインダ-平塚荏原,認可保育所,71,2024年10月1日
品川区,二葉４丁目,-,品川区二葉４-３-８号,35.602916,139.7147234,はぐはぐキッズ二葉,認可保育所,60,2024年10月1日
品川区,西五反田５丁目,-,品川区西五反田５-１２-１号　,35.625737,139.713548,パレット保育園・不動前,認証保育所A,36,2024年11月1日
江東区,豊洲２丁目,-,豊洲２-１-１　ア-バンドック　ららぽ-と豊洲３,35.654768,139.7941929,キッズスクウェア　豊洲ベイサイドクロス,認可外保育施設(ベビーホテル、事業所内保育施設、院内保育施設、その他施設),30,2025年1月1日
品川区,東品川４丁目,-,品川区東品川４-１２-１２号,35.607566,139.748685,ポピンズナ-サリ-スク-ル東品川,認証保育所A,60,2024年11月1日
品川区,大井１丁目,-,品川区大井１-一-一号,35.60764,139.734716,小学館アカデミ-アトレ大井町保育園,認証保育所A,37,2024年11月1日
江東区,門前仲町２丁目,-,門前仲町２-７-８,35.6722639,139.7965142,ＭａｍａＨｕｇ,認可外保育施設(ベビーホテル、事業所内保育施設、院内保育施設、その他施設),5,2025年1月1日
江東区,東雲１丁目,-,東雲１-５-１９　３階,35.6476927,139.8005979,Kids Duo International 東雲,認可外保育施設(ベビーホテル、事業所内保育施設、院内保育施設、その他施設),228,2025年1月1日
江東区,東雲１丁目,-,東雲１-８-６-１０２,35.6446515,139.7993431,ざきさんち,認可外保育施設(ベビーホテル、事業所内保育施設、院内保育施設、その他施設),2,2025年1月1日
江東区,冬木,-,冬木16-5,35.6747645,139.8010822,まこと地域センタ-　聖救主教会キッドスク-ル,認可外保育施設(ベビーホテル、事業所内保育施設、院内保育施設、その他施設),36,2025年1月1日
江東区,有明２丁目,-,有明２-１-８　モ-ル棟４階,35.6371484,139.7930676,一時預かり専門託児所mamma-room,認可外保育施設(ベビーホテル、事業所内保育施設、院内保育施設、その他施設),12,2025年1月1日
江東区,豊洲５丁目,-,豊洲５-５-２０　ア-スウィンド豊洲３F,35.652658,139.796861,アウルインタ-ナショナル豊洲校,認可外保育施設(ベビーホテル、事業所内保育施設、院内保育施設、その他施設),48,2025年1月1日
江東区,白河２丁目,-,白河２-２３-３ソサエティ清澄白河,35.6836602,139.8033568,東京インタ-ナショナルプリスク-ル清澄白河校,認可外保育施設(ベビーホテル、事業所内保育施設、院内保育施設、その他施設),,2025年1月1日
渋谷区,松涛２丁目,-,松涛２-２-１７　ル・シマン松涛１階,35.6614323,139.6883855,ライフリトルグル-プ　チャイルドケアセンタ-,認可外保育施設(ベビーホテル、事業所内保育施設、院内保育施設、その他施設),80,2025年1月1日
渋谷区,恵比寿西１丁目,-,恵比寿西１-１６-１２,35.648868,139.7071859,聖マリアン保育園,認可外保育施設(ベビーホテル、事業所内保育施設、院内保育施設、その他施設),設定なし,2025年1月1日
渋谷区,桜丘町,-,桜丘町２６-１　セルリアンタワ-東急ホテル３階,35.6564093,139.6993541,セルリアンタワ-ポピンズキッズル-ム,認可外保育施設(ベビーホテル、事業所内保育施設、院内保育施設、その他施設),10,2025年1月1日
渋谷区,恵比寿４丁目,-,恵比寿４-２０-２　恵比寿ガ-デンテラス弐番館１階・２階,35.6425007,139.7149999,ポピンズアクティブラ-ニングインタ-ナショナルスク-ル,認可外保育施設(ベビーホテル、事業所内保育施設、院内保育施設、その他施設),設定なし,2025年1月1日
渋谷区,富ケ谷２丁目,-,富ケ谷２-７-４　リッチバレ-２階,35.6655224,139.6879468,アルタベビ-代々木園,認可外保育施設(ベビーホテル、事業所内保育施設、院内保育施設、その他施設),41,2025年1月1日
渋谷区,恵比寿南１丁目,-,恵比寿南１-１４-１０　福隆ビル２階,35.6449785,139.7100038,ウィズダムアカデミ-恵比寿校,認可外保育施設(ベビーホテル、事業所内保育施設、院内保育施設、その他施設),設定なし,2025年1月1日
渋谷区,恵比寿西２丁目,-,恵比寿西２-１５-１２,35.6502167,139.7056768,渋谷区立代官山えびすにし保育室,認可外保育施設(ベビーホテル、事業所内保育施設、院内保育施設、その他施設),36,2025年1月1日
渋谷区,恵比寿２丁目,-,恵比寿２-５-８　サンクオ-レ恵比寿１階,35.6475647,139.7177719,TOEアカデミ-,認可外保育施設(ベビーホテル、事業所内保育施設、院内保育施設、その他施設),35,2025年1月1日
渋谷区,西原２丁目,-,西原２-５３-１３　代々木大山公園内,35.671604,139.6755359,渋谷区立おおやま保育室,認可外保育施設(ベビーホテル、事業所内保育施設、院内保育施設、その他施設),54,2025年1月1日
渋谷区,道玄坂２丁目,-,道玄坂２-１６-８　ビジネスVIP坂本ビル３階,35.658144,139.6964422,TKヘアメイク＆ネイルスク-ル,認可外保育施設(ベビーホテル、事業所内保育施設、院内保育施設、その他施設),6,2025年1月1日
渋谷区,笹塚２丁目,-,笹塚２-３４-４-１０１,35.6746921,139.6650193,ベビ-ル-ム　フレア,認可外保育施設(ベビーホテル、事業所内保育施設、院内保育施設、その他施設),16,2025年1月1日
渋谷区,猿楽町,-,猿楽町17-21,35.6497273,139.6992344,キッズガ-デンプレップスク-ル代官山,認可外保育施設(ベビーホテル、事業所内保育施設、院内保育施設、その他施設),設定なし,2025年1月1日
渋谷区,東２丁目,-,東２-２３-６　第２池田ビル６０１,35.6533194,139.7084247,Makana（マカナ）,認可外保育施設(ベビーホテル、事業所内保育施設、院内保育施設、その他施設),4,2025年1月1日
渋谷区,元代々木町,-,元代々木町10-4　Wact代々木上原1階,35.6702286,139.6839898,セ-ジ保育園　代々木上原,認可外保育施設(ベビーホテル、事業所内保育施設、院内保育施設、その他施設),15,2025年1月1日
渋谷区,恵比寿２丁目,-,恵比寿２-３４-１０,35.646629,139.7212365,独立行政法人東京都立病院機構　東京都立広尾病院　院内保育室,認可外保育施設(ベビーホテル、事業所内保育施設、院内保育施設、その他施設),12,2025年1月1日
渋谷区,広尾４丁目,-,広尾４-１-１,35.6529652,139.7193983,日本赤十字社医療センタ-　院内保育所「さくらんぼ」,認可外保育施設(ベビーホテル、事業所内保育施設、院内保育施設、その他施設),5,2025年1月1日
渋谷区,幡ケ谷３丁目,-,幡ケ谷３-３１-３,35.6779153,139.6745481,ヤクルト幡ケ谷保育園,認可外保育施設(ベビーホテル、事業所内保育施設、院内保育施設、その他施設),15,2025年1月1日
渋谷区,代々木２丁目,-,代々木２-１-５　JR南新宿ビル,35.6862356,139.699321,キッズハ-モニ-・新宿,認可外保育施設(ベビーホテル、事業所内保育施設、院内保育施設、その他施設),12,2025年1月1日
品川区,南品川２丁目,-,品川区南品川２-７-７号,35.611144,139.744645,しながわがくどうえん,認証保育所A,21,2024年11月1日
渋谷区,恵比寿４丁目,-,恵比寿４-２０-１　サッポログル-プ本社棟　B１階,35.643127,139.7145061,ポピンズナ-サリ-スク-ル恵比寿　ホップキッズ,認可外保育施設(ベビーホテル、事業所内保育施設、院内保育施設、その他施設),25,2025年1月1日
渋谷区,神泉町,-,神泉町7-8　グランドゥ渋谷101,35.6558234,139.6933211,カナリヤ保育室,認可外保育施設(ベビーホテル、事業所内保育施設、院内保育施設、その他施設),8,2025年1月1日
渋谷区,千駄ケ谷２丁目,-,千駄ケ谷２-１０-５　IBビル１階１０２,35.6759599,139.71012,こもれび保育園　千駄ケ谷園,認可外保育施設(ベビーホテル、事業所内保育施設、院内保育施設、その他施設),19,2025年1月1日
渋谷区,千駄ケ谷３丁目,-,千駄ケ谷３-１５-３　フィル・パ-ク北参道Ⅱ,35.6778785,139.7057167,マフィス北参道,認可外保育施設(ベビーホテル、事業所内保育施設、院内保育施設、その他施設),27,2025年1月1日
渋谷区,笹塚１丁目,-,笹塚１-３７-１１　パラス笹塚２,35.6724744,139.6652806,やしのき保育園,認可外保育施設(ベビーホテル、事業所内保育施設、院内保育施設、その他施設),12,2025年1月1日
渋谷区,代々木３丁目,-,代々木３-２４-３　新宿スリ-ケ-ビル１階,35.6851622,139.6927657,フェニックスキッズ西新宿,認可外保育施設(ベビーホテル、事業所内保育施設、院内保育施設、その他施設),13,2025年1月1日
渋谷区,神宮前２丁目,-,神宮前２-１１-４,35.6739937,139.7120901,マザ-グ-ス神宮前保育園,認可外保育施設(ベビーホテル、事業所内保育施設、院内保育施設、その他施設),12,2025年1月1日
渋谷区,上原２丁目,-,上原２-３２-５,-,-,つながりシェア保育園・代々木上原,認可外保育施設(ベビーホテル、事業所内保育施設、院内保育施設、その他施設),31,2025年1月1日
渋谷区,桜丘町,-,桜丘町２６-１　セルリアンタワ-４階,35.6564093,139.6993541,GMO Bears（ジ-エムオ-ベア-ズ）,認可外保育施設(ベビーホテル、事業所内保育施設、院内保育施設、その他施設),19,2025年1月1日
渋谷区,恵比寿３丁目,-,恵比寿３-１６-５,35.6437877,139.7184655,Luce Felice,認可外保育施設(ベビーホテル、事業所内保育施設、院内保育施設、その他施設),3,2025年1月1日
渋谷区,代々木３丁目,-,代々木３-３２-１３,35.6831273,139.6927727,渋谷区山谷かきのみ園,認可外保育施設(ベビーホテル、事業所内保育施設、院内保育施設、その他施設),28,2025年1月1日
渋谷区,富ケ谷１丁目,-,富ケ谷１-５-３　岸ビル２階,35.6695537,139.6901503,PRINCETON　ACADEMY　INTERNATIONAL　SCHOOL,認可外保育施設(ベビーホテル、事業所内保育施設、院内保育施設、その他施設),20,2025年1月1日
渋谷区,神宮前３丁目,-,神宮前３-３８-３　フォルム７１１０,35.6718106,139.7135881,ズ-・フォニックス・アカデミ-表参道校,認可外保育施設(ベビーホテル、事業所内保育施設、院内保育施設、その他施設),各クラス１０～１５,2025年1月1日
品川区,旗の台２丁目,-,品川区旗の台２-７-１７号,35.606187,139.704262,こぐま保育園,認証保育所B,12,2024年11月1日
渋谷区,恵比寿３丁目,-,恵比寿３-９-２０　恵比寿ガ-デンイ-ストビル２階,35.644056,139.7159132,Prime Academic Preschool,認可外保育施設(ベビーホテル、事業所内保育施設、院内保育施設、その他施設),35,2025年1月1日
渋谷区,神宮前６丁目,-,神宮前６-１８-２　グランドマンション２０２,35.6646362,139.703009,モンテッソ-リ原宿子供の家,認可外保育施設(ベビーホテル、事業所内保育施設、院内保育施設、その他施設),24,2025年1月1日
渋谷区,大山町,-,大山町1-13,35.6676475,139.6766016,友愛インタ-ナショナルイスラミックスク-ル,認可外保育施設(ベビーホテル、事業所内保育施設、院内保育施設、その他施設),20,2025年1月1日
渋谷区,広尾１丁目,-,広尾１-５-１４,35.6492862,139.713676,セサミ　インタ-ナショナル　プリスク-ル,認可外保育施設(ベビーホテル、事業所内保育施設、院内保育施設、その他施設),50,2025年1月1日
渋谷区,広尾２丁目,-,広尾２-１１-１　ボヌ-ル広尾１０２,35.6498297,139.7160874,Green. alo,認可外保育施設(ベビーホテル、事業所内保育施設、院内保育施設、その他施設),12,2025年1月1日
渋谷区,代々木２丁目,-,代々木２-２３-１　ニュ-ステイトメナ-１階１２０号,35.6861387,139.6983129,お試し保育と一時預かり専門託児所　ママズスマイル　新宿南口店,認可外保育施設(ベビーホテル、事業所内保育施設、院内保育施設、その他施設),10,2025年1月1日
渋谷区,広尾５丁目,-,広尾５-６-６　広尾プラザ２階,35.6500783,139.72215,ポピンズアクティブラ-ニングスク-ル広尾,認可外保育施設(ベビーホテル、事業所内保育施設、院内保育施設、その他施設),45,2025年1月1日
渋谷区,千駄ケ谷４丁目,-,千駄ケ谷４-１３-７　Y&Y北参道１０１,35.6787021,139.7071764,一時預かり保育ル-ムéveil（エヴェイユ）,認可外保育施設(ベビーホテル、事業所内保育施設、院内保育施設、その他施設),2,2025年1月1日
渋谷区,神宮前３丁目,-,神宮前３-１-１４　LE REVE ６階,35.6695744,139.7133402,Marie International School Aoyama,認可外保育施設(ベビーホテル、事業所内保育施設、院内保育施設、その他施設),54,2025年1月1日
渋谷区,富ケ谷１丁目,-,富ケ谷１-１１-１２号　アルシュ代々木２階,35.6681852,139.6913169,オリ-ブツリ-インタ-ナショナルスク-ル,認可外保育施設(ベビーホテル、事業所内保育施設、院内保育施設、その他施設),25,2025年1月1日
渋谷区,神山町,-,神山町１-２　パ-クサイド神山２０１,35.6661444,139.6933311,Select School松濤,認可外保育施設(ベビーホテル、事業所内保育施設、院内保育施設、その他施設),15,2025年1月1日
渋谷区,桜丘町,-,桜丘町３-４　Shibuya Sakura Stage SAKURAタワ-５F,35.6555838,139.7023117,CTISキンダ-ガ-テン渋谷,認可外保育施設(ベビーホテル、事業所内保育施設、院内保育施設、その他施設),120,2025年1月1日
渋谷区,本町１丁目,-,本町１-３０-７　１階、２階,35.695874,139.6844274,GG International School 代々木校,認可外保育施設(ベビーホテル、事業所内保育施設、院内保育施設、その他施設),137,2025年1月1日
渋谷区,恵比寿南１丁目,-,恵比寿南１-１４-１０　福隆ビル２階,35.6449785,139.7100038,ヒ-ロ-幼児園　プライム恵比寿校,認可外保育施設(ベビーホテル、事業所内保育施設、院内保育施設、その他施設),5,2025年1月1日
千代田区,神田猿楽町２丁目,-,神田猿楽町２-２-３  NSビル４階,35.6986882,139.7588589,株式会社日本デイケアセンタ-,認可外保育施設(居宅訪問型),,2025年2月1日
千代田区,神田神保町１丁目,-,神田神保町１-１４-１  KDX神保町ビル４F,35.6965993,139.7582999,特定非営利活動法人フロ-レンス,認可外保育施設(居宅訪問型),,2025年2月1日
千代田区,丸の内３丁目,大丸有,丸の内３-３-１新東京ビル７F,35.677514,139.7624926,ラビットクラブ  東京本部,認可外保育施設(居宅訪問型),,2025年2月1日
千代田区,神田神保町２丁目,-,神田神保町２-２０  SP神保町第２ビル ４階,35.6972497,139.7567027,ベビ-シッタ-のHAS,認可外保育施設(居宅訪問型),,2025年2月1日
千代田区,九段南１丁目,-,九段南１-５-６  りそな九段ビル５F KSフロア,35.6951205,139.7517519,イ-リスプラス株式会社,認可外保育施設(居宅訪問型),,2025年2月1日
千代田区,神田淡路町１丁目,-,神田淡路町１-９-５天翔ビル１０３,35.695639,139.7669991,株式会社Cham,認可外保育施設(居宅訪問型),,2025年2月1日
千代田区,神田神保町２丁目,-,神田神保町２-２３-２-７０６,35.6951716,139.756312,Soi Nurse（ソイナ-ス）,認可外保育施設(居宅訪問型),,2025年2月1日
千代田区,九段南１丁目,-,九段南１-５-６りそな九段ビル５階KSフロア,35.6951205,139.7517519,Humaniny Sitter,認可外保育施設(居宅訪問型),,2025年2月1日
千代田区,五番町,-,五番町１０-７-２F,35.6892407,139.7346046,幼児向け家庭教師＆ベビ-シッタ-サ-ビス  パザパ,認可外保育施設(居宅訪問型),,2025年2月1日
千代田区,神田神保町２丁目,-,神田神保町２-１１-１５  住友商事神保町ビル２F,35.695417,139.7567826,株式会社パリオ,認可外保育施設(居宅訪問型),,2025年2月1日
千代田区,丸の内１丁目,大丸有,丸の内１-１１-１  パシフィックセンチュリ-プレイス丸の内１３階,35.6780553,139.7668852,株式会社Tokio Feliz,認可外保育施設(居宅訪問型),,2025年2月1日
中央区,日本橋浜町２丁目,-,日本橋浜町２-１-１,35.6853889,139.7871187,株式会社ベア-ズ,認可外保育施設(居宅訪問型),,2025年2月1日
中央区,勝どき５丁目,-,勝どき５-３-１ 勝どきザ・タワ-２８０５,35.6569288,139.7728565,あむあむ,認可外保育施設(居宅訪問型),,2025年2月1日
中央区,銀座５丁目,-,銀座５-１５-１-B１F,35.6682665,139.7677901,アソビエ,認可外保育施設(居宅訪問型),,2025年2月1日
中央区,銀座３丁目,-,銀座３-９-５  伊勢半ビル６０１,35.6716585,139.7679535,マミ-サロン,認可外保育施設(居宅訪問型),,2025年2月1日
中央区,晴海２丁目,-,晴海２-２-４２  パ-クタワ-晴海４２１０,35.6566508,139.7872709,株式会社Mam＆nanny,認可外保育施設(居宅訪問型),,2025年2月1日
中央区,日本橋兜町,-,日本橋兜町22-3  日本橋兜町シティビル2階,35.6785168,139.7759811,Sunny Side,認可外保育施設(居宅訪問型),,2025年2月1日
中央区,勝どき６丁目,-,勝どき６-３-２ザ東京タワ-ズミッドタワ-２３０８,35.656023,139.7733993,ミルトシッタ-サ-ビス,認可外保育施設(居宅訪問型),,2025年2月1日
中央区,銀座７丁目,-,銀座７-１５-１８銀ビル地下１F,35.6674613,139.7654836,HURU-HURU,認可外保育施設(居宅訪問型),,2025年2月1日
中央区,日本橋本石町３丁目,日八京,日本橋本石町３-３-１６日本橋室町ビル５０２,35.6875122,139.7712383,株式会社アリスキャリアサ-ビス東京事業所,認可外保育施設(居宅訪問型),,2025年2月1日
中央区,勝どき１丁目,-,勝どき１-１-１-５３７,35.6612312,139.7764703,claris,認可外保育施設(居宅訪問型),,2025年2月1日
中央区,八丁堀４丁目,-,八丁堀４-１２-２０第一SSビル４F,35.6739797,139.7788269,株式会社イコニコ・カンパニ-,認可外保育施設(居宅訪問型),,2025年2月1日
中央区,銀座７丁目,-,銀座７-１３-６  ２F,35.6678815,139.7645491,Nurse Babysitter Japan,認可外保育施設(居宅訪問型),,2025年2月1日
中央区,勝どき５丁目,-,勝どき５-１１-１５-５０４,35.6556579,139.7710939,株式会社トパ-ズ,認可外保育施設(居宅訪問型),,2025年2月1日
中央区,銀座４丁目,-,銀座４-１３-１１松竹倶楽部ビル４階,35.6690447,139.7681623,マザ-ズシッタ-,認可外保育施設(居宅訪問型),,2025年2月1日
中央区,日本橋室町１丁目,日八京,日本橋室町１-１１-１２  日本橋水野ビル７階,35.6855446,139.7757714,株式会社Rapop,認可外保育施設(居宅訪問型),,2025年2月1日
中央区,日本橋室町１丁目,日八京,日本橋室町１-１１-１２  日本橋水野ビル７階,35.6855446,139.7757714,Smile Care Sitter,認可外保育施設(居宅訪問型),,2025年2月1日
中央区,銀座７丁目,-,銀座７-１３-２０ ９F,35.6680286,139.7644136,株式会社mand,認可外保育施設(居宅訪問型),,2025年2月1日
中央区,日本橋２丁目,日八京,日本橋２-１-１７-２F,35.6823665,139.7724291,株式会社Josan-she's,認可外保育施設(居宅訪問型),,2025年2月1日
中央区,銀座７丁目,-,銀座７-１３-６  サガミビル２階,35.6678815,139.7645491,株式会社エディフィスジャパン,認可外保育施設(居宅訪問型),,2025年2月1日
新宿区,市谷仲之町,-,市谷仲之町3-34,35.6951582,139.7229387,株式会社ウェルステ-ト  Home Meducare,認可外保育施設(居宅訪問型),,2025年2月1日
新宿区,左門町,-,左門町3-1  左門イレブンビル3F,35.6872064,139.7200602,ＮＣＭＡ株式会社,認可外保育施設(居宅訪問型),,2025年2月1日
新宿区,高田馬場１丁目,-,高田馬場１-１１-１２,35.708937,139.7083692,あいね,認可外保育施設(居宅訪問型),,2025年2月1日
品川区,中延３丁目,-,品川区中延３-１３-１６号,35.6063523,139.7117509,はぐはぐキッズこども園中延,認定こども園(幼・保・地方裁量型),89,2024年4月1日
新宿区,新宿７丁目,-,新宿７-３-２９,35.6938253,139.7033559,公益社団法人  新宿区シルバ-人材センタ-  子育て支援サ-ビス事業,認可外保育施設(居宅訪問型),,2025年2月1日
新宿区,西新宿１丁目,-,西新宿１-２６-２  新宿野村ビル３２階,35.6929509,139.6953653,ケ-バイエヌ株式会社,認可外保育施設(居宅訪問型),,2025年2月1日
新宿区,新宿２丁目,-,新宿２-１２-１３  新宿アントレサロンビル２F,35.6906222,139.7079907,合同会社  optiMam,認可外保育施設(居宅訪問型),,2025年2月1日
新宿区,新宿３丁目,-,新宿３-９-５  ゴ-ルドビル５F,35.691338,139.706773,キッズパラダイス新宿Global,認可外保育施設(居宅訪問型),,2025年2月1日
新宿区,新宿１丁目,-,新宿１-２８-３  TSG御苑ビル８F,35.690849,139.713265,eキッズ訪問保育,認可外保育施設(居宅訪問型),,2025年2月1日
新宿区,新宿５丁目,-,新宿５-１８-２０-８０３,35.6939191,139.7063556,メビウスの輪（家庭的保育サ-ビス/家事代行サ-ビス）,認可外保育施設(居宅訪問型),,2025年2月1日
新宿区,西新宿３丁目,-,西新宿３-３-１３西新宿水間ビル６階,35.6858847,139.6929223,株式会社  まみぃずはうす,認可外保育施設(居宅訪問型),,2025年2月1日
新宿区,上落合２丁目,-,上落合２-１６-９,35.7128622,139.6873087,株式会社NursingDoula・SS,認可外保育施設(居宅訪問型),,2025年2月1日
新宿区,西新宿１丁目,-,西新宿１-２０-３  西新宿髙木ビル３階,35.6880732,139.6963009,ベビ-ベル,認可外保育施設(居宅訪問型),,2025年2月1日
新宿区,船町,-,船町１-１２  ＭＫビル３階,34.6298573,135.4580466,ＳＡＴＯＹＯsitter,認可外保育施設(居宅訪問型),,2025年2月1日
江東区,塩浜２丁目,-,塩浜２-７-５-１４１,35.6623089,139.8078013,株式会社ごきげんナビ,認可外保育施設(居宅訪問型),,2025年2月1日
江東区,有明３丁目,-,有明３-７-２６ 有明フロンティアビルB棟９階,35.6314667,139.7917905,JAPANTORY合同会社,認可外保育施設(居宅訪問型),,2025年2月1日
渋谷区,千駄ケ谷３丁目,-,千駄ケ谷３-３-１６秀和神宮レジデンス ５０５・５０６,35.6756374,139.7055372,株式会社ジャパンベビ-シッタ-サ-ビス,認可外保育施設(居宅訪問型),,2025年2月1日
渋谷区,道玄坂１丁目,-,道玄坂１-１５-６,35.6570402,139.6976887,株式会社タカミサプライ,認可外保育施設(居宅訪問型),,2025年2月1日
渋谷区,南平台町,-,南平台町1-10  いちご南平台ビル 601,35.655788,139.6970432,ル・アンジェ株式会社,認可外保育施設(居宅訪問型),,2025年2月1日
渋谷区,神宮前６丁目,-,神宮前６-１６-１８  サンド-原宿ビル３階,35.6656168,139.7038002,株式会社ネス・コ-ポレ-ション,認可外保育施設(居宅訪問型),,2025年2月1日
渋谷区,松涛２丁目,-,松涛２-２-１７  ルシマン松涛１０１,35.6614323,139.6883855,有限会社ライフリトル,認可外保育施設(居宅訪問型),,2025年2月1日
渋谷区,広尾５丁目,-,広尾５-６-６,35.6503747,139.7218086,株式会社ポピンズファミリ-ケア,認可外保育施設(居宅訪問型),,2025年2月1日
渋谷区,神宮前５丁目,-,神宮前５-４７-８,35.6638252,139.7083099,株式会社ファ-ストウォ-ク,認可外保育施設(居宅訪問型),,2025年2月1日
渋谷区,上原１丁目,-,上原１-３-９,-,-,ベビ-&キッズシッタ-のmormor,認可外保育施設(居宅訪問型),,2025年2月1日
渋谷区,渋谷３丁目,-,渋谷３-１-９  YAZAWAビル４階,35.6577488,139.7078664,ユメタマベビ-シッタ-サ-ビス,認可外保育施設(居宅訪問型),,2025年2月1日
渋谷区,神南１丁目,-,神南１-１３-８-６１０,35.6665006,139.6975192,株式会社キンダ-ネットワ-ク,認可外保育施設(居宅訪問型),,2025年2月1日
渋谷区,神宮前４丁目,-,神宮前４-１５-１６-１０２,35.6686439,139.7110228,Aisha,認可外保育施設(居宅訪問型),,2025年2月1日
渋谷区,渋谷４丁目,-,渋谷４-３-６  ３F,35.6598531,139.7122634,株式会社シェヴ,認可外保育施設(居宅訪問型),,2025年2月1日
渋谷区,広尾５丁目,-,広尾５-６-６,35.6503747,139.7218086,ポピンズシッタ-,認可外保育施設(居宅訪問型),,2025年2月1日
渋谷区,恵比寿４丁目,-,恵比寿４-１１-６,35.6453399,139.7142546,株式会社ここるく,認可外保育施設(居宅訪問型),,2025年2月1日
渋谷区,本町１丁目,-,本町１-１０-３  カスタリア初台１１０５,35.6799816,139.6835201,Papillon,認可外保育施設(居宅訪問型),,2025年2月1日
渋谷区,神宮前６丁目,-,神宮前６-１０-９  原宿董友ビル４F,35.6673596,139.704879,メディキッズ,認可外保育施設(居宅訪問型),,2025年2月1日
渋谷区,神宮前５丁目,-,神宮前５-４７-８-１０１,35.6638252,139.7083099,特定非営利活動法人  日本ホ-ムチャイルドケア協会,認可外保育施設(居宅訪問型),,2025年2月1日
渋谷区,円山町,-,円山町5-5  Navi渋谷V3階,35.6567289,139.6952915,株式会社WIS,認可外保育施設(居宅訪問型),,2025年2月1日
渋谷区,恵比寿３丁目,-,恵比寿３-４８-５  グランデ恵比寿５０７,35.6445815,139.7223741,HQシッタ-,認可外保育施設(居宅訪問型),,2025年2月1日
渋谷区,神山町,-,神山町１-２  パ-クサイド神山２０１,35.6661444,139.6933311,Ｓｅｌｅｃｔ  Ｓｃｈｏｏｌ松濤,認可外保育施設(居宅訪問型),,2025年2月1日
渋谷区,道玄坂１丁目,-,道玄坂１-１０-８  道玄坂東急ビル２F- C,35.6568718,139.6985617,in-Cty,認可外保育施設(居宅訪問型),,2025年2月1日
渋谷区,道玄坂１丁目,-,道玄坂１-１０-８  渋谷道玄坂東急ビル２F-C,35.6568718,139.6985617,株式会社Timeless Nanny,認可外保育施設(居宅訪問型),,2025年2月1日
渋谷区,円山町,-,円山町5-5  Navi渋谷V  3階,35.6567289,139.6952915,合同会社  Child Care Collaboration,認可外保育施設(居宅訪問型),,2025年2月1日
渋谷区,円山町,-,円山町5-5  Navi渋谷V  3階,35.6567289,139.6952915,株式会社Fluffy Ket,認可外保育施設(居宅訪問型),,2025年2月1日
