指標名,幼稚園～高校,,,公立,https://www.kyoiku.metro.tokyo.lg.jp/about/statistics_and_research,,,,
出典,公立：東京都教育委員会、私立：東京都生活文化局,,,私立,https://www.seikatubunka.metro.tokyo.lg.jp/shigaku/,,,,
年次,2025/2取得,,,国立（高等学校のみ）,https://www.minkou.jp/hischool/search/pref=tokyo/c=2/,,,,
URL,右記参照,,,,,,,,
備考,（2019年度：498件、2020年度：733件、2021年度：716件、2022年度：711件、2023年度：716件、2024年度：723件）,,,,,,,,
,,,,,,,,,
区,町丁,エリア,住所,緯度,経度,施設名,国公私,カテゴリ,データ年次
港区,芝浦３丁目,-,東京都港区芝浦３-３−６,35.644050,139.747258,東京工業大学附属科学技術高等学校,国立,高校,2024年2月取得
千代田区,麹町２丁目,-,東京都千代田区麹町2-8,35.684664,139.740614,麹町,公立,幼稚園,2024年5月1日
千代田区,三番町,-,東京都千代田区三番町16,35.690522,139.740713,九段,公立,幼稚園,2024年5月1日
千代田区,六番町,-,東京都千代田区六番町8,35.687673,139.733549,番町,公立,幼稚園,2024年5月1日
千代田区,神田猿楽町１丁目,-,東京都千代田区神田猿楽町1-1-1,35.697373,139.760308,お茶の水,公立,幼稚園,2024年5月1日
千代田区,神田司町２丁目,-,東京都千代田区神田司町2-16,35.693169,139.768274,千代田,公立,幼稚園,2024年5月1日
千代田区,外神田３丁目,-,東京都千代田区外神田3-4-7,35.701223,139.769923,昌平,公立,幼稚園,2024年5月1日
千代田区,神田和泉町,-,東京都千代田区神田和泉町1,35.699269,139.775976,いずみこども園,公立,幼稚園,2024年5月1日
千代田区,富士見１丁目,-,東京都千代田区富士見1-10-3,35.697007,139.746911,ふじみこども園,公立,幼稚園,2024年5月1日
中央区,銀座５丁目,-,東京都中央区銀座5-1-13,35.672356,139.761507,泰明,公立,幼稚園,2024年5月1日
中央区,湊１丁目,-,東京都中央区湊1-4-1,35.672160,139.778733,中央,公立,幼稚園,2024年5月1日
中央区,明石町,-,東京都中央区明石町1-15,35.668719,139.776448,明石,公立,幼稚園,2024年5月1日
中央区,築地２丁目,-,東京都中央区築地2-13-1,35.667957,139.771318,京橋朝海,公立,幼稚園,2024年5月1日
中央区,新川２丁目,-,東京都中央区新川2-13-4,35.676117,139.781743,明正,公立,幼稚園,2024年5月1日
中央区,日本橋本石町４丁目,日八京,東京都中央区日本橋本石町4-4-26,35.688215,139.770168,常盤,公立,幼稚園,2024年5月1日
中央区,日本橋蛎殻町２丁目,-,東京都中央区日本橋蛎殻町2-10-23,35.683193,139.788005,有馬,公立,幼稚園,2024年5月1日
中央区,日本橋本石町４丁目,日八京,東京都中央区日本橋本石町4-4-26,35.688215,139.770168,久松,公立,幼稚園,2024年5月1日
中央区,月島１丁目,-,東京都中央区月島1-9-7,35.664693,139.782851,月島,公立,幼稚園,2024年5月1日
中央区,月島４丁目,-,東京都中央区月島4-15-1,35.660359,139.779736,月島第一,公立,幼稚園,2024年5月1日
中央区,勝どき１丁目,-,東京都中央区勝どき1-12-2,35.660246,139.776069,月島第二,公立,幼稚園,2024年5月1日
中央区,晴海１丁目,-,東京都中央区晴海1-4-1,35.658365,139.785688,晴海,公立,幼稚園,2024年5月1日
中央区,豊海町,-,東京都中央区豊海町3-1,35.653166,139.771313,豊海,公立,幼稚園,2024年5月1日
中央区,日本橋人形町１丁目,-,東京都中央区日本橋人形町1-1-17,35.684267,139.781365,日本橋,公立,幼稚園,2024年5月1日
港区,三田２丁目,-,東京都港区三田2-6-2,35.651850,139.742472,赤羽,公立,幼稚園,2024年5月1日
港区,芝浦４丁目,-,東京都港区芝浦4-8-18,35.638759,139.746362,芝浦,公立,幼稚園,2024年5月1日
港区,白金３丁目,-,東京都港区白金3-13-8,35.644995,139.728900,三光,公立,幼稚園,2024年5月1日
港区,港南４丁目,-,東京都港区港南4-3-27,35.629345,139.748837,港南,公立,幼稚園,2024年5月1日
港区,麻布台１丁目,虎ノ門,東京都港区麻布台1-5-15,35.661815,139.738480,麻布,公立,幼稚園,2024年5月1日
港区,元麻布３丁目,-,東京都港区元麻布3-8-15,35.657156,139.730446,南山,公立,幼稚園,2024年5月1日
港区,南麻布３丁目,-,東京都港区南麻布3-9-33,35.649755,139.730037,本村,公立,幼稚園,2024年5月1日
港区,赤坂９丁目,六本木,東京都港区赤坂9-2-26,35.668031,139.731721,中之町,公立,幼稚園,2024年5月1日
港区,南青山４丁目,-,東京都港区南青山4-18-17,35.663528,139.717009,青南,公立,幼稚園,2024年5月1日
港区,白金台３丁目,-,東京都港区白金台3-7-1,35.635592,139.726562,白金台,公立,幼稚園,2024年5月1日
港区,高輪２丁目,-,東京都港区高輪2-12-31,35.635407,139.735308,高輪,公立,幼稚園,2024年5月1日
港区,台場１丁目,-,東京都港区台場1-1-5,35.633868,139.777172,にじのはし,公立,幼稚園,2024年5月1日
新宿区,津久戸町,-,東京都新宿区津久戸町2-2,35.702681,139.741978,津久戸,公立,幼稚園,2024年5月1日
新宿区,水道町,-,東京都新宿区水道町1-28,35.706685,139.736632,江戸川,公立,幼稚園,2024年5月1日
新宿区,市谷山伏町,-,東京都新宿区市谷山伏町1-3,35.699624,139.728867,市谷,公立,幼稚園,2024年5月1日
新宿区,早稲田南町,-,東京都新宿区早稲田南町25,35.703890,139.723366,早稲田,公立,幼稚園,2024年5月1日
新宿区,早稲田鶴巻町,-,東京都新宿区早稲田鶴巻町140,35.708031,139.724939,鶴巻,公立,幼稚園,2024年5月1日
新宿区,市谷仲之町,-,東京都新宿区市谷仲之町4-33,35.695778,139.723647,牛込仲之,公立,幼稚園,2024年5月1日
新宿区,富久町,-,東京都新宿区富久町7-24,35.692387,139.716313,富久,公立,幼稚園,2024年5月1日
新宿区,若松町,-,東京都新宿区若松町13-1,35.699309,139.715605,余丁町,公立,幼稚園,2024年5月1日
新宿区,大京町,-,東京都新宿区大京町30,35.681908,139.716041,四谷第六,公立,幼稚園,2024年5月1日
新宿区,新宿１丁目,-,東京都新宿区新宿1-22-1,35.689056,139.712207,花園,公立,幼稚園,2024年5月1日
新宿区,大久保１丁目,-,東京都新宿区大久保1-1-21,35.703702,139.717307,大久保,公立,幼稚園,2024年5月1日
新宿区,百人町２丁目,-,東京都新宿区百人町2-1-38,35.703953,139.702015,戸山,公立,幼稚園,2024年5月1日
新宿区,西早稲田３丁目,-,東京都新宿区西早稲田3-10-12,35.710997,139.715033,戸塚第一,公立,幼稚園,2024年5月1日
新宿区,高田馬場１丁目,-,東京都新宿区高田馬場1-25-21,35.712602,139.705910,戸塚第二,公立,幼稚園,2024年5月1日
新宿区,高田馬場３丁目,-,東京都新宿区高田馬場3-18-21,35.714563,139.697344,戸塚第三,公立,幼稚園,2024年5月1日
新宿区,上落合２丁目,-,東京都新宿区上落合2-10-23,35.712926,139.689038,落合第二,公立,幼稚園,2024年5月1日
新宿区,西落合１丁目,-,東京都新宿区西落合1-12-20,35.720904,139.682438,落合第三,公立,幼稚園,2024年5月1日
新宿区,下落合２丁目,-,東京都新宿区下落合2-9-34,35.718310,139.700238,落合第四,公立,幼稚園,2024年5月1日
新宿区,西落合４丁目,-,東京都新宿区西落合4-11-21,35.688205,139.717906,落合第六,公立,幼稚園,2024年5月1日
新宿区,北新宿３丁目,-,東京都新宿区北新宿3-17-1,35.701885,139.691537,淀橋第四,公立,幼稚園,2024年5月1日
新宿区,百人町４丁目,-,東京都新宿区百人町4-7-1,35.708888,139.695721,西戸山,公立,幼稚園,2024年5月1日
江東区,木場１丁目,-,東京都江東区木場1-2-2,35.667464,139.802643,平久,公立,幼稚園,2024年5月1日
江東区,白河４丁目,-,東京都江東区白河4-9-17,35.682967,139.807812,元加賀,公立,幼稚園,2024年5月1日
江東区,豊洲４丁目,-,東京都江東区豊洲4-4-4,35.653819,139.797953,豊洲,公立,幼稚園,2024年5月1日
江東区,辰巳１丁目,-,東京都江東区辰巳1-11-1,35.646568,139.810655,辰巳,公立,幼稚園,2024年5月1日
江東区,亀戸２丁目,-,東京都江東区亀戸2-5-7,35.698800,139.821931,第一亀戸,公立,幼稚園,2024年5月1日
江東区,亀戸６丁目,-,東京都江東区亀戸6-36-1,35.694782,139.830331,第二亀戸,公立,幼稚園,2024年5月1日
江東区,大島７丁目,-,東京都江東区大島7-39-2-101,35.691278,139.843753,第三大島,公立,幼稚園,2024年5月1日
江東区,東砂７丁目,-,東京都江東区東砂7-5-27,35.671449,139.838750,第五砂町,公立,幼稚園,2024年5月1日
江東区,東砂４丁目,-,東京都江東区東砂4-20-1,35.678426,139.839349,東砂,公立,幼稚園,2024年5月1日
江東区,東陽２丁目,-,東京都江東区東陽2-1-14,35.667443,139.813728,南陽,公立,幼稚園,2024年5月1日
江東区,大島５丁目,-,東京都江東区大島5-38-1,35.687217,139.835988,大島,公立,幼稚園,2024年5月1日
江東区,北砂５丁目,-,東京都江東区北砂5-20-7-102,35.683349,139.831765,なでしこ,公立,幼稚園,2024年5月1日
江東区,枝川３丁目,-,東京都江東区枝川3-4-1-101,35.659458,139.808617,枝川,公立,幼稚園,2024年5月1日
江東区,東雲２丁目,-,東京都江東区東雲2-4-1-103,35.642057,139.798064,ひばり,公立,幼稚園,2024年5月1日
江東区,扇橋３丁目,-,東京都江東区扇橋3-20-13-101,35.684531,139.819210,つばめ,公立,幼稚園,2024年5月1日
江東区,南砂２丁目,-,東京都江東区南砂2-3-3-101,35.673977,139.821555,みどり,公立,幼稚園,2024年5月1日
品川区,南品川２丁目,-,東京都品川区南品川2-8-21,35.612812,139.742620,城南,公立,幼稚園,2024年5月1日
品川区,荏原４丁目,-,東京都品川区荏原4-5-22,35.615070,139.707675,平塚,公立,幼稚園,2024年5月1日
品川区,南大井４丁目,-,東京都品川区南大井4-3-14,35.597693,139.736802,浜川,公立,幼稚園,2024年5月1日
品川区,北品川５丁目,-,東京都品川区北品川5-3-1,35.622491,139.731744,御殿山,公立,幼稚園,2024年5月1日
品川区,西大井５丁目,-,東京都品川区西大井5-22-8,35.598241,139.716689,伊藤,公立,幼稚園,2024年5月1日
品川区,西五反田６丁目,-,東京都品川区西五反田6-5-6,35.622359,139.716741,第一日野,公立,幼稚園,2024年5月1日
品川区,東品川１丁目,-,東京都品川区東品川1-8-30,35.620879,139.743696,台場,公立,幼稚園,2024年5月1日
品川区,二葉１丁目,-,東京都品川区二葉1-3-40,35.607272,139.725581,二葉,公立,幼稚園,2024年5月1日
品川区,八潮５丁目,-,東京都品川区八潮5-6-32,35.596475,139.749870,八潮わかば,公立,幼稚園,2024年5月1日
渋谷区,東３丁目,-,東京都渋谷区東3-3-3,35.651633,139.712654,広尾,公立,幼稚園,2024年5月1日
渋谷区,本町５丁目,-,東京都渋谷区本町5-19-4,35.684280,139.674897,本町,公立,幼稚園,2024年5月1日
渋谷区,広尾１丁目,-,東京都渋谷区広尾1-9-17,35.649495,139.716898,臨川,公立,幼稚園,2024年5月1日
渋谷区,千駄ケ谷２丁目,-,東京都渋谷区千駄ケ谷2-4-1,35.675044,139.707176,千駄谷,公立,幼稚園,2024年5月1日
渋谷区,代々木３丁目,-,東京都渋谷区代々木3-32-13,35.683127,139.692773,山谷,公立,幼稚園,2024年5月1日
千代田区,麹町２丁目,-,東京都千代田区麹町2-8,35.684664,139.740614,麹町,公立,小学校,2024年5月1日
千代田区,三番町,-,東京都千代田区三番町16,35.690522,139.740713,九段,公立,小学校,2024年5月1日
千代田区,六番町,-,東京都千代田区六番町8,35.687673,139.733549,番町,公立,小学校,2024年5月1日
千代田区,富士見１丁目,-,東京都千代田区富士見1-10-3,35.697007,139.746911,富士見,公立,小学校,2024年5月1日
千代田区,神田猿楽町１丁目,-,東京都千代田区神田猿楽町1-1-1,35.697373,139.760308,お茶の水,公立,小学校,2024年5月1日
千代田区,神田司町２丁目,-,東京都千代田区神田司町2-16,35.693169,139.768274,千代田,公立,小学校,2024年5月1日
千代田区,外神田３丁目,-,東京都千代田区外神田3-4-7,35.701223,139.769923,昌平,公立,小学校,2024年5月1日
千代田区,神田和泉町,-,東京都千代田区神田和泉町1,35.699269,139.775976,和泉,公立,小学校,2024年5月1日
中央区,八重洲２丁目,日八京,東京都中央区八重洲2-2-1,35.679408,139.768931,城東,公立,小学校,2024年5月1日
中央区,銀座５丁目,-,東京都中央区銀座5-1-13,35.672356,139.761507,泰明,公立,小学校,2024年5月1日
中央区,明石町,-,東京都中央区明石町1-15,35.668719,139.776448,明石,公立,小学校,2024年5月1日
中央区,新川２丁目,-,東京都中央区新川2-13-4,35.676117,139.781743,明正,公立,小学校,2024年5月1日
中央区,日本橋本石町４丁目,日八京,東京都中央区日本橋本石町4-4-26,35.688215,139.770168,常盤,公立,小学校,2024年5月1日
中央区,日本橋蛎殻町２丁目,-,東京都中央区日本橋蛎殻町2-10-23,35.683193,139.788005,有馬,公立,小学校,2024年5月1日
中央区,日本橋久松町,-,東京都中央区日本橋久松町7-2,35.688932,139.784539,久松,公立,小学校,2024年5月1日
中央区,日本橋兜町,-,東京都中央区日本橋兜町15-18,35.679590,139.777023,阪本,公立,小学校,2024年5月1日
中央区,佃２丁目,-,東京都中央区佃2-3-1,35.668325,139.784867,佃島,公立,小学校,2024年5月1日
中央区,月島４丁目,-,東京都中央区月島4-15-1,35.660359,139.779736,月島第一,公立,小学校,2024年5月1日
中央区,勝どき１丁目,-,東京都中央区勝どき1-12-2,35.660246,139.776069,月島第二,公立,小学校,2024年5月1日
中央区,晴海１丁目,-,東京都中央区晴海1-4-1,35.658365,139.785688,月島第三,公立,小学校,2024年5月1日
中央区,豊海町,-,東京都中央区豊海町3-1,35.653166,139.771313,豊海,公立,小学校,2024年5月1日
中央区,日本橋人形町１丁目,-,東京都中央区日本橋人形町1-1-17,35.684267,139.781365,日本橋,公立,小学校,2024年5月1日
中央区,築地２丁目,-,東京都中央区築地2-13-1,35.667957,139.771318,京橋築地,公立,小学校,2024年5月1日
中央区,湊１丁目,-,東京都中央区湊1-4-1,35.672160,139.778733,中央,公立,小学校,2024年5月1日
中央区,晴海５丁目,-,東京都中央区晴海5-3-5,35.651916,139.774968,晴海西,公立,小学校,2024年5月1日
港区,芝２丁目,-,東京都港区芝2-21-3,35.652377,139.746682,芝,公立,小学校,2024年5月1日
港区,三田２丁目,-,東京都港区三田2-6-2,35.651850,139.742472,赤羽,公立,小学校,2024年5月1日
港区,芝浦４丁目,-,東京都港区芝浦4-8-18,35.638759,139.746362,芝浦,公立,小学校,2024年5月1日
港区,高輪２丁目,-,東京都港区高輪2-8-24,35.636263,139.734412,高輪台,公立,小学校,2024年5月1日
港区,白金台１丁目,-,東京都港区白金台1-4-26,35.636821,139.728553,白金,公立,小学校,2024年5月1日
港区,港南４丁目,-,東京都港区港南4-3-28,35.629194,139.749552,港南,公立,小学校,2024年5月1日
港区,麻布台１丁目,虎ノ門,東京都港区麻布台1-5-15,35.661815,139.738480,麻布,公立,小学校,2024年5月1日
港区,元麻布３丁目,-,東京都港区元麻布3-8-15,35.657156,139.730446,南山,公立,小学校,2024年5月1日
港区,南麻布３丁目,-,東京都港区南麻布3-9-33,35.649755,139.730037,本村,公立,小学校,2024年5月1日
港区,西麻布３丁目,-,東京都港区西麻布3-11-16,35.656488,139.724921,笄,公立,小学校,2024年5月1日
港区,南麻布１丁目,-,東京都港区南麻布1-8-11,35.650595,139.735612,東町,公立,小学校,2024年5月1日
港区,南青山２丁目,-,東京都港区南青山2-21-2,35.669876,139.719101,青山,公立,小学校,2024年5月1日
港区,南青山４丁目,-,東京都港区南青山4-21-15,35.663504,139.716189,青南,公立,小学校,2024年5月1日
港区,芝公園３丁目,虎ノ門,東京都港区芝公園3-2-4,35.661291,139.749743,御成門,公立,小学校,2024年5月1日
港区,赤坂８丁目,赤坂,東京都港区赤坂8-13-29,35.669137,139.730875,赤坂,公立,小学校,2024年5月1日
港区,台場１丁目,-,東京都港区台場1-1-5,35.633868,139.777172,港陽,公立,小学校,2024年5月1日
港区,白金３丁目,-,東京都港区白金3-18-2,35.644365,139.729279,御田,公立,小学校,2024年5月1日
港区,白金４丁目,-,東京都港区白金4-1-12,35.643618,139.727772,白金の丘,公立,小学校,2024年5月1日
港区,芝浦１丁目,-,東京都港区芝浦1-16-31,35.646409,139.750965,芝浜,公立,小学校,2024年5月1日
新宿区,津久戸町,-,東京都新宿区津久戸町2-2,35.702681,139.741978,津久戸,公立,小学校,2024年5月1日
新宿区,水道町,-,東京都新宿区水道町1-28,35.706685,139.736632,江戸川,公立,小学校,2024年5月1日
新宿区,市谷山伏町,-,東京都新宿区市谷山伏町1-3,35.699624,139.728867,市谷,公立,小学校,2024年5月1日
新宿区,北町,-,東京都新宿区北町26,35.699694,139.734036,愛日,公立,小学校,2024年5月1日
新宿区,早稲田南町,-,東京都新宿区早稲田南町25,35.703890,139.723366,早稲田,公立,小学校,2024年5月1日
新宿区,早稲田鶴巻町,-,東京都新宿区早稲田鶴巻町140,35.708031,139.724939,鶴巻,公立,小学校,2024年5月1日
新宿区,市谷仲之町,-,東京都新宿区市谷仲之町4-33,35.695778,139.723647,牛込仲之,公立,小学校,2024年5月1日
新宿区,富久町,-,東京都新宿区富久町7-24,35.692387,139.716313,富久,公立,小学校,2024年5月1日
新宿区,若松町,-,東京都新宿区若松町13-1,35.699309,139.715605,余丁町,公立,小学校,2024年5月1日
新宿区,戸山２丁目,-,東京都新宿区戸山2-34-2,35.702393,139.711282,東戸山,公立,小学校,2024年5月1日
新宿区,大京町,-,東京都新宿区大京町30,35.681908,139.716041,四谷第六,公立,小学校,2024年5月1日
新宿区,大久保１丁目,-,東京都新宿区大久保1-1-21,35.703702,139.717307,大久保,公立,小学校,2024年5月1日
新宿区,新宿６丁目,-,東京都新宿区新宿6-14-2,35.690496,139.700092,天神,公立,小学校,2024年5月1日
新宿区,百人町２丁目,-,東京都新宿区百人町2-1-38,35.703953,139.702015,戸山,公立,小学校,2024年5月1日
新宿区,西早稲田３丁目,-,東京都新宿区西早稲田3-10-12,35.710997,139.715033,戸塚第一,公立,小学校,2024年5月1日
新宿区,高田馬場１丁目,-,東京都新宿区高田馬場1-25-21,35.712602,139.705910,戸塚第二,公立,小学校,2024年5月1日
新宿区,高田馬場３丁目,-,東京都新宿区高田馬場3-18-21,35.714563,139.697344,戸塚第三,公立,小学校,2024年5月1日
新宿区,中落合２丁目,-,東京都新宿区中落合2-13-27,35.719464,139.691522,落合第一,公立,小学校,2024年5月1日
新宿区,上落合２丁目,-,東京都新宿区上落合2-10-23,35.712926,139.689038,落合第二,公立,小学校,2024年5月1日
新宿区,西落合１丁目,-,東京都新宿区西落合1-12-20,35.720904,139.682438,落合第三,公立,小学校,2024年5月1日
新宿区,下落合２丁目,-,東京都新宿区下落合2-9-34,35.718310,139.700238,落合第四,公立,小学校,2024年5月1日
新宿区,上落合３丁目,-,東京都新宿区上落合3-1-6,35.714625,139.685793,落合第五,公立,小学校,2024年5月1日
新宿区,西落合４丁目,-,東京都新宿区西落合4-11-21,35.688205,139.717906,落合第六,公立,小学校,2024年5月1日
新宿区,北新宿３丁目,-,東京都新宿区北新宿3-17-1,35.701885,139.691537,淀橋第四,公立,小学校,2024年5月1日
新宿区,百人町４丁目,-,東京都新宿区百人町4-2-1,35.707913,139.698962,西戸山,公立,小学校,2024年5月1日
新宿区,新宿１丁目,-,東京都新宿区新宿1-22-1,35.689056,139.712207,花園,公立,小学校,2024年5月1日
新宿区,北新宿２丁目,-,東京都新宿区北新宿2-11-1,35.700299,139.690240,柏木,公立,小学校,2024年5月1日
新宿区,西新宿４丁目,-,東京都新宿区西新宿4-35-5,35.688429,139.685743,西新宿,公立,小学校,2024年5月1日
新宿区,四谷２丁目,-,東京都新宿区四谷2-6,35.686689,139.724858,四谷,公立,小学校,2024年5月1日
江東区,深川２丁目,-,東京都江東区深川2-17-26,35.676144,139.798167,明治,公立,小学校,2024年5月1日
江東区,高橋,-,東京都江東区高橋14-10,35.685922,139.799534,深川,公立,小学校,2024年5月1日
江東区,新大橋３丁目,-,東京都江東区新大橋3-1-15,35.686919,139.795576,八名川,公立,小学校,2024年5月1日
江東区,門前仲町１丁目,-,東京都江東区門前仲町1-1-6,35.672492,139.793208,臨海,公立,小学校,2024年5月1日
江東区,富岡１丁目,-,東京都江東区富岡1-18-7,35.672583,139.799676,数矢,公立,小学校,2024年5月1日
江東区,木場１丁目,-,東京都江東区木場1-2-2,35.667464,139.802643,平久,公立,小学校,2024年5月1日
江東区,東陽３丁目,-,東京都江東区東陽3-27-12,35.670743,139.815591,東陽,公立,小学校,2024年5月1日
江東区,千石２丁目,-,東京都江東区千石2-9-12,35.679650,139.817219,川南,公立,小学校,2024年5月1日
江東区,石島,-,東京都江東区石島18-5,35.681149,139.812300,扇橋,公立,小学校,2024年5月1日
江東区,白河４丁目,-,東京都江東区白河4-3-19,35.682218,139.808387,元加賀,公立,小学校,2024年5月1日
江東区,毛利２丁目,-,東京都江東区毛利2-2-2,35.691473,139.816427,毛利,公立,小学校,2024年5月1日
江東区,住吉１丁目,-,東京都江東区住吉1-12-2,35.688094,139.812473,東川,公立,小学校,2024年5月1日
江東区,豊洲４丁目,-,東京都江東区豊洲4-4-4,35.653819,139.797953,豊洲,公立,小学校,2024年5月1日
江東区,枝川３丁目,-,東京都江東区枝川3-5-3,35.659178,139.810263,枝川,公立,小学校,2024年5月1日
江東区,辰巳１丁目,-,東京都江東区辰巳1-11-1,35.646568,139.810655,辰巳,公立,小学校,2024年5月1日
江東区,亀戸２丁目,-,東京都江東区亀戸2-5-7,35.698800,139.821931,第一亀戸,公立,小学校,2024年5月1日
江東区,亀戸６丁目,-,東京都江東区亀戸6-36-1,35.694782,139.830331,第二亀戸,公立,小学校,2024年5月1日
江東区,亀戸４丁目,-,東京都江東区亀戸4-26-22,35.703667,139.826217,香取,公立,小学校,2024年5月1日
江東区,亀戸５丁目,-,東京都江東区亀戸5-22-22,35.700455,139.828238,水神,公立,小学校,2024年5月1日
江東区,大島２丁目,-,東京都江東区大島2-41-4,35.689820,139.825535,第一大島,公立,小学校,2024年5月1日
江東区,大島３丁目,-,東京都江東区大島3-16-2,35.689587,139.830123,第二大島,公立,小学校,2024年5月1日
江東区,大島９丁目,-,東京都江東区大島9-5-3,35.692400,139.844959,第三大島,公立,小学校,2024年5月1日
江東区,大島６丁目,-,東京都江東区大島6-7-8,35.691231,139.834026,第四大島,公立,小学校,2024年5月1日
江東区,大島８丁目,-,東京都江東区大島8-40-13,35.688208,139.844619,第五大島,公立,小学校,2024年5月1日
江東区,北砂４丁目,-,東京都江東区北砂4-13-23,35.677746,139.829402,砂町,公立,小学校,2024年5月1日
江東区,南砂６丁目,-,東京都江東区南砂6-3-13,35.672619,139.833290,第三砂町,公立,小学校,2024年5月1日
江東区,南砂２丁目,-,東京都江東区南砂2-13-18,35.675033,139.822047,第四砂町,公立,小学校,2024年5月1日
江東区,東砂８丁目,-,東京都江東区東砂8-11-5,35.667065,139.838881,第五砂町,公立,小学校,2024年5月1日
江東区,北砂６丁目,-,東京都江東区北砂6-26-6,35.681718,139.837577,第六砂町,公立,小学校,2024年5月1日
江東区,東砂３丁目,-,東京都江東区東砂3-21-5,35.678918,139.842400,第七砂町,公立,小学校,2024年5月1日
江東区,北砂５丁目,-,東京都江東区北砂5-22-10,35.681764,139.831507,小名木川,公立,小学校,2024年5月1日
江東区,辰巳１丁目,-,東京都江東区辰巳1-1-22,35.648369,139.808095,第二辰巳,公立,小学校,2024年5月1日
江東区,東砂２丁目,-,東京都江東区東砂2-12-14,35.683786,139.843984,東砂,公立,小学校,2024年5月1日
江東区,東陽２丁目,-,東京都江東区東陽2-1-20,35.668397,139.813882,南陽,公立,小学校,2024年5月1日
江東区,北砂１丁目,-,東京都江東区北砂1-3-36,35.683131,139.823474,北砂,公立,小学校,2024年5月1日
江東区,北砂５丁目,-,東京都江東区北砂5-20-16,35.684865,139.833625,亀高,公立,小学校,2024年5月1日
江東区,東雲２丁目,-,東京都江東区東雲2-4-11,35.642677,139.798932,東雲,公立,小学校,2024年5月1日
江東区,越中島３丁目,-,東京都江東区越中島3-6-38,35.665735,139.797014,越中島,公立,小学校,2024年5月1日
江東区,亀戸９丁目,-,東京都江東区亀戸9-22-4,35.698647,139.841890,浅間竪川,公立,小学校,2024年5月1日
江東区,東砂７丁目,-,東京都江東区東砂7-17-30,35.675259,139.838996,第二砂町,公立,小学校,2024年5月1日
江東区,南砂２丁目,-,東京都江東区南砂2-3-21,35.672135,139.824474,南砂,公立,小学校,2024年5月1日
江東区,豊洲３丁目,-,東京都江東区豊洲3-6-1,35.658481,139.797812,豊洲北,公立,小学校,2024年5月1日
江東区,大島４丁目,-,東京都江東区大島4-18-5,35.687244,139.831775,大島南央,公立,小学校,2024年5月1日
江東区,有明２丁目,-,東京都江東区有明2-10-1,35.640246,139.796125,有明,公立,小学校,2024年5月1日
江東区,豊洲５丁目,-,東京都江東区豊洲5-1-35,35.651389,139.795538,豊洲西,公立,小学校,2024年5月1日
品川区,南品川２丁目,-,東京都品川区南品川2-8-21,35.612812,139.742620,城南,公立,小学校,2024年5月1日
品川区,南品川６丁目,-,東京都品川区南品川6-8-8,35.611130,139.736054,浅間台,公立,小学校,2024年5月1日
品川区,西品川３丁目,-,東京都品川区西品川3-16-28,35.615283,139.727096,三木,公立,小学校,2024年5月1日
品川区,北品川５丁目,-,東京都品川区北品川5-2-6,35.623188,139.731514,御殿山,公立,小学校,2024年5月1日
品川区,東品川３丁目,-,東京都品川区東品川3-4-5,35.615225,139.745874,城南第二,公立,小学校,2024年5月1日
品川区,西五反田６丁目,-,東京都品川区西五反田6-5-32,35.622049,139.716509,第一日野,公立,小学校,2024年5月1日
品川区,大崎３丁目,-,東京都品川区大崎3-12-22,35.619161,139.724766,芳水,公立,小学校,2024年5月1日
品川区,上大崎１丁目,-,東京都品川区上大崎1-19-19,35.632780,139.724033,第三日野,公立,小学校,2024年5月1日
品川区,西五反田４丁目,-,東京都品川区西五反田4-29-9,35.625639,139.712945,第四日野,公立,小学校,2024年5月1日
品川区,大井６丁目,-,東京都品川区大井6-1-32,35.598676,139.731278,大井第一,公立,小学校,2024年5月1日
品川区,東大井２丁目,-,東京都品川区東大井2-10-14,35.601445,139.740725,鮫浜,公立,小学校,2024年5月1日
品川区,大井３丁目,-,東京都品川区大井3-7-19,35.602945,139.730095,山中,公立,小学校,2024年5月1日
品川区,東大井４丁目,-,東京都品川区東大井4-15-9,35.604471,139.740196,立会,公立,小学校,2024年5月1日
品川区,南大井４丁目,-,東京都品川区南大井4-3-27,35.598251,139.735959,浜川,公立,小学校,2024年5月1日
品川区,西大井５丁目,-,東京都品川区西大井5-6-8,35.598638,139.716828,伊藤,公立,小学校,2024年5月1日
品川区,南大井４丁目,-,東京都品川区南大井4-16-2,35.594170,139.734796,鈴ヶ森,公立,小学校,2024年5月1日
品川区,東品川１丁目,-,東京都品川区東品川1-8-30,35.620879,139.743696,台場,公立,小学校,2024年5月1日
品川区,平塚２丁目,-,東京都品川区平塚2-19-20,35.614740,139.713534,京陽,公立,小学校,2024年5月1日
品川区,西中延２丁目,-,東京都品川区西中延2-17-5,35.608897,139.708479,延山,公立,小学校,2024年5月1日
品川区,中延１丁目,-,東京都品川区中延1-11-15,35.612411,139.708988,中延,公立,小学校,2024年5月1日
品川区,小山５丁目,-,東京都品川区小山5-10-6,35.616026,139.703278,小山,公立,小学校,2024年5月1日
品川区,戸越６丁目,-,東京都品川区戸越6-17-3,35.606730,139.716539,大原,公立,小学校,2024年5月1日
品川区,戸越４丁目,-,東京都品川区戸越4-5-10,35.611932,139.718450,宮前,公立,小学校,2024年5月1日
品川区,中延６丁目,-,東京都品川区中延6-2-18,35.602934,139.711702,源氏前,公立,小学校,2024年5月1日
品川区,旗の台１丁目,-,東京都品川区旗の台1-6-1,35.610096,139.703561,第二延山,公立,小学校,2024年5月1日
品川区,小山２丁目,-,東京都品川区小山2-4-6,35.621677,139.708756,後地,公立,小学校,2024年5月1日
品川区,豊町２丁目,-,東京都品川区豊町2-1-20,35.610976,139.721018,戸越,公立,小学校,2024年5月1日
品川区,旗の台４丁目,-,東京都品川区旗の台4-7-11,35.603248,139.704224,旗台,公立,小学校,2024年5月1日
品川区,二葉４丁目,-,東京都品川区二葉4-4-10,35.602728,139.714928,上神明,公立,小学校,2024年5月1日
品川区,旗の台１丁目,-,東京都品川区旗の台1-11-17,35.607101,139.702989,清水台,公立,小学校,2024年5月1日
品川区,小山台１丁目,-,東京都品川区小山台1-18-24,35.622780,139.703273,小山台,公立,小学校,2024年5月1日
渋谷区,広尾１丁目,-,東京都渋谷区広尾1-9-17,35.649495,139.716898,臨川,公立,小学校,2024年5月1日
渋谷区,恵比寿西１丁目,-,東京都渋谷区恵比寿西1-23-1,35.647319,139.706096,長谷戸,公立,小学校,2024年5月1日
渋谷区,東３丁目,-,東京都渋谷区東3-3-3,35.651633,139.712654,広尾,公立,小学校,2024年5月1日
渋谷区,猿楽町,-,東京都渋谷区猿楽町12-35,35.651299,139.701339,猿楽,公立,小学校,2024年5月1日
渋谷区,恵比寿４丁目,-,東京都渋谷区恵比寿4-21-10,35.644380,139.714514,加計塚,公立,小学校,2024年5月1日
渋谷区,東１丁目,-,東京都渋谷区東1-7-10,35.655677,139.710268,常磐松,公立,小学校,2024年5月1日
渋谷区,初台１丁目,-,東京都渋谷区初台1-32-12,35.679236,139.684190,幡代,公立,小学校,2024年5月1日
渋谷区,上原３丁目,-,東京都渋谷区上原3-13-20,35.666303,139.679062,上原,公立,小学校,2024年5月1日
渋谷区,笹塚２丁目,-,東京都渋谷区笹塚2-8-1,35.676247,139.669465,笹塚,公立,小学校,2024年5月1日
渋谷区,西原２丁目,-,東京都渋谷区西原2-22-1,35.673497,139.678426,西原,公立,小学校,2024年5月1日
渋谷区,上原１丁目,-,東京都渋谷区上原1-46-4,35.669104,139.687134,富谷,公立,小学校,2024年5月1日
渋谷区,幡ヶ谷３丁目,-,東京都渋谷区幡ヶ谷3-49-1,35.680751,139.673312,中幡,公立,小学校,2024年5月1日
渋谷区,千駄ケ谷２丁目,-,東京都渋谷区千駄ケ谷2-4-1,35.675044,139.707176,千駄谷,公立,小学校,2024年5月1日
渋谷区,千駄ケ谷５丁目,-,東京都渋谷区千駄ケ谷5-9-1,35.682531,139.705876,鳩森,公立,小学校,2024年5月1日
渋谷区,神宮前４丁目,-,東京都渋谷区神宮前4-20-12,35.667925,139.708108,神宮前,公立,小学校,2024年5月1日
渋谷区,宇田川町,-,東京都渋谷区宇田川町5-1,35.663074,139.697662,神南,公立,小学校,2024年5月1日
渋谷区,本町４丁目,-,東京都渋谷区本町4-3-1,35.686066,139.681805,渋谷本町学園,公立,小学校,2024年5月1日
渋谷区,代々木３丁目,-,東京都渋谷区代々木3-47-1,35.681226,139.694834,代々木山谷,公立,小学校,2024年5月1日
千代田区,平河町２丁目,-,東京都千代田区平河町2-5-1,35.680491,139.738870,麹町,公立,中学校,2024年5月1日
千代田区,一ツ橋２丁目,-,東京都千代田区一ツ橋2-6-14,35.694639,139.756816,神田一橋,公立,中学校,2024年5月1日
千代田区,一ツ橋２丁目,-,東京都千代田区一ツ橋2-6-14,35.694639,139.756816,(神田一橋・通信制）,公立,中学校,2024年5月1日
中央区,晴海１丁目,-,東京都中央区晴海1-5-3,35.659496,139.784859,晴海,公立,中学校,2024年5月1日
中央区,東日本橋１丁目,-,東京都中央区東日本橋1-10-1,35.692240,139.787018,日本橋,公立,中学校,2024年5月1日
中央区,銀座８丁目,-,東京都中央区銀座8-19-15,35.665456,139.764809,銀座,公立,中学校,2024年5月1日
中央区,佃２丁目,-,東京都中央区佃2-3-2,35.668267,139.784539,佃,公立,中学校,2024年5月1日
中央区,晴海５丁目,-,東京都中央区晴海5-3-5,35.651916,139.774968,晴海西,公立,中学校,2024年5月1日
港区,西新橋３丁目,虎ノ門広域,東京都港区西新橋3-25-30,35.661607,139.750415,御成門,公立,中学校,2024年5月1日
港区,白金４丁目,-,東京都港区白金4-1-12,35.643618,139.727772,白金の丘,公立,中学校,2024年5月1日
港区,高輪１丁目,-,東京都港区高輪1-16-25,35.641810,139.734467,高松,公立,中学校,2024年5月1日
港区,港南４丁目,-,東京都港区港南4-3-3,35.630983,139.749028,港南,公立,中学校,2024年5月1日
港区,西麻布４丁目,-,東京都港区西麻布4-14-8,35.656847,139.720465,高陵,公立,中学校,2024年5月1日
港区,赤坂９丁目,六本木,東京都港区赤坂9-2-3,35.668026,139.731702,赤坂,公立,中学校,2024年5月1日
港区,北青山１丁目,-,東京都港区北青山1-1-9,35.674227,139.722158,青山,公立,中学校,2024年5月1日
港区,台場１丁目,-,東京都港区台場1-1-5,35.633868,139.777172,港陽,公立,中学校,2024年5月1日
港区,六本木６丁目,六本木,東京都港区六本木6-8-16,35.659847,139.716347,六本木,公立,中学校,2024年5月1日
港区,三田４丁目,-,東京都港区三田4-13-13,35.645114,139.741093,三田,公立,中学校,2024年5月1日
新宿区,北山伏町,-,東京都新宿区北山伏町4-1,35.700467,139.730511,牛込第一,公立,中学校,2024年5月1日
新宿区,喜久井町,-,東京都新宿区喜久井町20,35.703618,139.722095,牛込第二,公立,中学校,2024年5月1日
新宿区,市谷加賀町１丁目,-,東京都新宿区市谷加賀町1-3-1,35.697677,139.731447,牛込第三,公立,中学校,2024年5月1日
新宿区,下落合２丁目,-,東京都新宿区下落合2-24-6,35.719304,139.699552,落合,公立,中学校,2024年5月1日
新宿区,西落合１丁目,-,東京都新宿区西落合1-6-5,35.720633,139.684682,落合第二,公立,中学校,2024年5月1日
新宿区,西新宿８丁目,-,東京都新宿区西新宿8-2-44,35.690016,139.699613,西新宿,公立,中学校,2024年5月1日
新宿区,四谷１丁目,-,東京都新宿区四谷1-12,35.682396,139.728730,四谷,公立,中学校,2024年5月1日
新宿区,戸山３丁目,-,東京都新宿区戸山3-20-2,35.708071,139.709992,西早稲田,公立,中学校,2024年5月1日
新宿区,新宿６丁目,-,東京都新宿区新宿6-15-22,35.695572,139.710891,新宿,公立,中学校,2024年5月1日
新宿区,百人町４丁目,-,東京都新宿区百人町4-3-1,35.708405,139.700971,新宿西戸山,公立,中学校,2024年5月1日
江東区,森下４丁目,-,東京都江東区森下4-9-22,35.685252,139.805820,深川第一,公立,中学校,2024年5月1日
江東区,冬木,-,東京都江東区冬木22-10,35.676364,139.800280,深川第二,公立,中学校,2024年5月1日
江東区,越中島３丁目,-,東京都江東区越中島3-7-1,35.666599,139.796409,深川第三,公立,中学校,2024年5月1日
江東区,千石１丁目,-,東京都江東区千石1-12-12,35.678930,139.812428,深川第四,公立,中学校,2024年5月1日
江東区,豊洲４丁目,-,東京都江東区豊洲4-11-18,35.652476,139.799861,深川第五,公立,中学校,2024年5月1日
江東区,平野３丁目,-,東京都江東区平野3-6-13,35.678876,139.805614,深川第六,公立,中学校,2024年5月1日
江東区,毛利１丁目,-,東京都江東区毛利1-14-1,35.691252,139.813761,深川第七,公立,中学校,2024年5月1日
江東区,塩浜２丁目,-,東京都江東区塩浜2-21-14,35.664753,139.812069,深川第八,公立,中学校,2024年5月1日
江東区,亀戸９丁目,-,東京都江東区亀戸9-2-2,35.695585,139.841691,亀戸,公立,中学校,2024年5月1日
江東区,亀戸４丁目,-,東京都江東区亀戸4-51-1,35.702359,139.832209,第二亀戸,公立,中学校,2024年5月1日
江東区,亀戸１丁目,-,東京都江東区亀戸1-12-10,35.695072,139.821244,第三亀戸,公立,中学校,2024年5月1日
江東区,大島８丁目,-,東京都江東区大島8-12-22,35.686462,139.839862,大島,公立,中学校,2024年5月1日
江東区,大島３丁目,-,東京都江東区大島3-27-18,35.691802,139.831076,第二大島,公立,中学校,2024年5月1日
江東区,北砂６丁目,-,東京都江東区北砂6-16-28,35.684688,139.836802,砂町,公立,中学校,2024年5月1日
江東区,東砂８丁目,-,東京都江東区東砂8-10-9,35.668159,139.839971,第二砂町,公立,中学校,2024年5月1日
江東区,南砂３丁目,-,東京都江東区南砂3-10-3,35.669627,139.829418,第三砂町,公立,中学校,2024年5月1日
江東区,北砂５丁目,-,東京都江東区北砂5-20-17,35.684773,139.832359,第四砂町,公立,中学校,2024年5月1日
江東区,辰巳１丁目,-,東京都江東区辰巳1-10-57,35.646954,139.811592,辰巳,公立,中学校,2024年5月1日
江東区,南砂２丁目,-,東京都江東区南砂2-3-20,35.673658,139.823451,南砂　,公立,中学校,2024年5月1日
江東区,南砂１丁目,-,東京都江東区南砂1-2-18,35.677968,139.821451,第二南砂,公立,中学校,2024年5月1日
江東区,東陽２丁目,-,東京都江東区東陽2-1-8,35.666729,139.814068,東陽,公立,中学校,2024年5月1日
江東区,大島４丁目,-,東京都江東区大島4-1-23,35.686182,139.827527,大島西,公立,中学校,2024年5月1日
江東区,有明２丁目,-,東京都江東区有明2-10-1,35.640246,139.796125,有明,公立,中学校,2024年5月1日
品川区,東品川３丁目,-,東京都品川区東品川3-30-15,35.612562,139.748915,東海,公立,中学校,2024年5月1日
品川区,西品川３丁目,-,東京都品川区西品川3-10-6,35.615845,139.723347,大崎,公立,中学校,2024年5月1日
品川区,東大井３丁目,-,東京都品川区東大井3-18-34,35.600410,139.738588,浜川,公立,中学校,2024年5月1日
品川区,南大井２丁目,-,東京都品川区南大井2-3-14,35.593175,139.737932,鈴ヶ森,公立,中学校,2024年5月1日
品川区,西大井５丁目,-,東京都品川区西大井5-5-14,35.597931,139.715581,冨士見台,公立,中学校,2024年5月1日
品川区,荏原１丁目,-,東京都品川区荏原1-24-30,35.619652,139.712873,荏原第一,公立,中学校,2024年5月1日
品川区,旗の台５丁目,-,東京都品川区旗の台5-11-13,35.603174,139.702143,荏原第五,公立,中学校,2024年5月1日
品川区,小山５丁目,-,東京都品川区小山5-20-19,35.616338,139.699884,荏原第六,公立,中学校,2024年5月1日
品川区,戸越１丁目,-,東京都品川区戸越1-15-23,35.615774,139.717207,戸越台,公立,中学校,2024年5月1日
渋谷区,東４丁目,-,東京都渋谷区東4-13-25,35.654297,139.712332,広尾,公立,中学校,2024年5月1日
渋谷区,鶯谷町９丁目,-,東京都渋谷区鶯谷町9-1,35.653336,139.703124,鉢山,公立,中学校,2024年5月1日
渋谷区,上原３丁目,-,東京都渋谷区上原3-41-2,35.667023,139.677561,上原,公立,中学校,2024年5月1日
渋谷区,西原１丁目,-,東京都渋谷区西原1-46-1,35.674483,139.683261,代々木,公立,中学校,2024年5月1日
渋谷区,笹塚３丁目,-,東京都渋谷区笹塚3-10-1,35.677652,139.668763,笹塚,公立,中学校,2024年5月1日
渋谷区,松涛１丁目,-,東京都渋谷区松涛1-20-4,35.661349,139.690913,松濤,公立,中学校,2024年5月1日
渋谷区,本町４丁目,-,東京都渋谷区本町4-3-1,35.686066,139.681805,渋谷本町学園,公立,中学校,2024年5月1日
渋谷区,神宮前１丁目,-,東京都渋谷区神宮前1-24-6,35.672984,139.706006,原宿外苑,公立,中学校,2024年5月1日
千代田区,東神田１丁目,-,東京都千代田区東神田1-12-13,35.694574,139.781045,一橋,公立,高校,2024年5月1日
千代田区,永田町２丁目,赤坂,東京都千代田区永田町2-16-1,35.675875,139.739646,日比谷,公立,高校,2024年5月1日
港区,三田１丁目,-,東京都港区三田1-4-46,35.652475,139.743516,三田,公立,高校,2024年5月1日
品川区,豊町２丁目,-,東京都品川区豊町2-1-7,35.609431,139.720760,大崎,公立,高校,2024年5月1日
品川区,東品川３丁目,-,東京都品川区東品川3-27-22,35.612016,139.747385,八潮,公立,高校,2024年5月1日
品川区,小山３丁目,-,東京都品川区小山3-3-32,35.621329,139.703873,小山台,公立,高校,2024年5月1日
港区,六本木６丁目,六本木,東京都港区六本木6-16-36,35.661859,139.734547,六本木,公立,高校,2024年5月1日
港区,海岸,-,東京都港区海岸1-8-25,35.656449,139.760587,芝商業,公立,高校,2024年5月1日
新宿区,戸山３丁目,-,東京都新宿区戸山3-19-1,35.707024,139.710240,戸山,公立,高校,2024年5月1日
新宿区,内藤町,-,東京都新宿区内藤町11-4,35.689224,139.705386,新宿,公立,高校,2024年5月1日
渋谷区,神宮前２丁目,-,東京都渋谷区神宮前2-1-8,35.672731,139.716161,青山,公立,高校,2024年5月1日
渋谷区,東４丁目,-,東京都渋谷区東4-14-14,35.653048,139.713073,広尾,公立,高校,2024年5月1日
新宿区,山吹町,-,東京都新宿区山吹町81,35.707200,139.729247,新宿山吹,公立,高校,2024年5月1日
渋谷区,鉢山町,-,東京都渋谷区鉢山町8-1,35.650116,139.698501,第一商業,公立,高校,2024年5月1日
新宿区,富久町,-,東京都新宿区富久町22-1,35.693686,139.716110,総合芸術,公立,高校,2024年5月1日
中央区,晴海１丁目,-,東京都中央区晴海1-2-1,35.660440,139.786067,晴海総合,公立,高校,2024年5月1日
江東区,東陽５丁目,-,東京都江東区東陽5-32-19,35.671044,139.815633,深川,公立,高校,2024年5月1日
江東区,東砂７丁目,-,東京都江東区東砂7-19-24,35.673770,139.836596,東,公立,高校,2024年5月1日
江東区,大島３丁目,-,東京都江東区大島3-22-1,35.692553,139.830231,城東,公立,高校,2024年5月1日
江東区,千石３丁目,-,東京都江東区千石3-2-11,35.679383,139.817864,大江戸,公立,高校,2024年5月1日
江東区,亀戸４丁目,-,東京都江東区亀戸4-50-1,35.702689,139.830846,江東商業,公立,高校,2024年5月1日
江東区,越中島３丁目,-,東京都江東区越中島3-3-1,35.663221,139.795756,第三商業,公立,高校,2024年5月1日
江東区,森下５丁目,-,東京都江東区森下5-1-7,35.685315,139.806953,墨田工科,公立,高校,2024年5月1日
江東区,大島１丁目,-,東京都江東区大島1-2-31,35.687034,139.821260,科学技術,公立,高校,2024年5月1日
千代田区,九段北,-,東京都千代田区千代田区九段北2-2-1,35.696141,139.747293,九段,公立,中等教育学校,2024年5月1日
江東区,有明１丁目,-,東京都江東区有明1-7-13,35.637276,139.784281,有明西学園,公立,義務教育学校,2024年5月1日
品川区,東五反田２丁目,-,東京都品川区東五反田2-11-1,35.624533,139.728242,日野学園,公立,義務教育学校,2024年5月1日
品川区,大井５丁目,-,東京都品川区大井5-1-37,35.599794,139.726088,伊藤学園,公立,義務教育学校,2024年5月1日
品川区,八潮５丁目,-,東京都品川区八潮5-11-2,35.601235,139.752100,八潮学園,公立,義務教育学校,2024年5月1日
品川区,平塚３丁目,-,東京都品川区平塚3-16-26,35.615320,139.711018,荏原平塚学園,公立,義務教育学校,2024年5月1日
品川区,北品川３丁目,-,東京都品川区北品川3-9-30,35.618000,139.738320,品川学園,公立,義務教育学校,2024年5月1日
品川区,二葉１丁目,-,東京都品川区二葉1-3-40,35.607272,139.725581,豊葉の杜学園,公立,義務教育学校,2024年5月1日
江東区,猿江２丁目,-,東京都江東区猿江2-16-18,35.686140,139.817604,墨東特別支援学校,公立,特別支援学校,2024年5月1日
江東区,東陽４丁目,-,東京都江東区東陽4-11-45,35.673731,139.817800,江東特別支援学校,公立,特別支援学校,2024年5月1日
港区,港南３丁目,-,東京都港区港南3-9-45,35.632430,139.751294,港特別支援学校,公立,特別支援学校,2024年5月1日
品川区,南品川６丁目,-,東京都品川区南品川6-15-20,35.609678,139.738147,品川特別支援学校,公立,特別支援学校,2024年5月1日
港区,南青山２丁目,-,東京都港区南青山2-33-77,35.669059,139.722544,青山特別支援学校,公立,特別支援学校,2024年5月1日
江東区,大島６丁目,-,東京都江東区大島6-7-3,35.691713,139.834494,城東特別支援学校,公立,特別支援学校,2024年5月1日
江東区,青海２丁目,-,東京都江東区青海2-5-1,35.616332,139.780429,臨海青海特別支援学校,公立,特別支援学校,2024年5月1日
新宿区,西新宿４丁目,-,東京都新宿区西新宿4-20-11,35.688429,139.685743,新宿養護学校,公立,特別支援学校,2024年5月1日
千代田区,神田駿河台２丁目,-,東京都千代田区神田駿河台２-１１,35.701019,139.757949,東京デザイナー学院,私立,専修学校,2024年2月取得
港区,西新橋３丁目,虎ノ門広域,東京都港区西新橋３-２４-１０,35.661450,139.750952,音響芸術専門学校,私立,専修学校,2024年2月取得
新宿区,高田馬場２丁目,-,東京都新宿区高田馬場２-１１-１０,35.713651,139.707821,東京デザインテクノロジーセンター専門学校,私立,専修学校,2024年2月取得
新宿区,西新宿５丁目,-,東京都新宿区西新宿５-２５-８,35.690016,139.699613,東放学園映画専門学校,私立,専修学校,2024年2月取得
新宿区,百人町１丁目,-,東京都新宿区百人町１-２５-４,35.698484,139.698125,日本電子専門学校,私立,専修学校,2024年2月取得
新宿区,西新宿１丁目,-,東京都新宿区西新宿１-７-３,35.689056,139.712207,ＨＡＬ東京,私立,専修学校,2024年2月取得
新宿区,大久保３丁目,-,東京都新宿区大久保３-４-１,35.706037,139.706393,早稲田大学芸術学校,私立,専修学校,2024年2月取得
江東区,亀戸２丁目,-,東京都江東区亀戸２-２８-５,35.699491,139.824569,専門学校読売自動車大学校,私立,専修学校,2024年2月取得
品川区,南品川３丁目,-,東京都品川区南品川３-７-１２,35.606922,139.744896,専門学校東京工科自動車大学校品川校,私立,専修学校,2024年2月取得
新宿区,百人町２丁目,-,東京都新宿区百人町２-２６-１０,35.704254,139.695033,東京眼鏡専門学校,私立,専修学校,2024年2月取得
渋谷区,鴬谷町,-,東京都渋谷区鴬谷町７-９,35.654028,139.701438,青山製図専門学校,私立,専修学校,2024年2月取得
渋谷区,神宮前５丁目,-,東京都渋谷区神宮前５-２９-２,35.664414,139.703376,東京サイクルデザイン専門学校,私立,専修学校,2024年2月取得
渋谷区,千駄ケ谷３丁目,-,東京都渋谷区千駄ケ谷３-６２-８,35.673539,139.703822,東京デザイン専門学校,私立,専修学校,2024年2月取得
渋谷区,本町４丁目,-,東京都渋谷区本町４-２０-７,35.688158,139.679160,東放学園音響専門学校,私立,専修学校,2024年2月取得
千代田区,神田小川町３丁目,-,東京都千代田区神田小川町３-２８-１２,35.695610,139.763182,駿台電子情報＆ビジネス専門学校,私立,専修学校,2024年2月取得
新宿区,百人町１丁目,-,東京都新宿区百人町１-１３-１６,35.699414,139.699227,東京マルチメディア専門学校,私立,専修学校,2024年2月取得
新宿区,西早稲田２丁目,-,東京都新宿区西早稲田２-１-２７,35.707076,139.716607,専門学校早稲田国際ビジネスカレッジ,私立,専修学校,2024年2月取得
千代田区,神田神保町２丁目,-,東京都千代田区神田神保町２-１０-３３,35.697013,139.755774,東京情報クリエイター工学院専門学校,私立,専修学校,2024年2月取得
千代田区,神田神保町１丁目,-,東京都千代田区神田神保町１-５２-４,35.698087,139.757408,日本ウェルネス保育専門学校,私立,専修学校,2024年2月取得
千代田区,神田多町２丁目,-,東京都千代田区神田多町２-１１,35.694570,139.768887,東京都歯科医師会附属歯科衛生士専門学校,私立,専修学校,2024年2月取得
千代田区,神田駿河台１丁目,-,東京都千代田区神田駿河台１-８-１３,35.698267,139.763455,日本大学歯学部附属歯科衛生専門学校,私立,専修学校,2024年2月取得
千代田区,神田駿河台１丁目,-,東京都千代田区神田駿河台１-８-１３,35.698267,139.763455,日本大学歯学部附属歯科技工専門学校,私立,専修学校,2024年2月取得
中央区,新川１丁目,-,東京都中央区新川１-１０-１８,35.677328,139.782185,専門学校東京医療学院,私立,専修学校,2024年2月取得
中央区,八丁堀１丁目,-,東京都中央区八丁堀１-１１-１１,35.677327,139.777719,東京医療福祉専門学校,私立,専修学校,2024年2月取得
港区,西新橋３丁目,虎ノ門広域,東京都港区西新橋３-２５-８,35.664083,139.750554,慈恵看護専門学校,私立,専修学校,2024年2月取得
新宿区,百人町３丁目,-,東京都新宿区百人町３-２２-８,35.704939,139.698267,東京山手メディカルセンター附属看護専門学校,私立,専修学校,2024年2月取得
新宿区,西新宿１丁目,-,東京都新宿区西新宿１-７-３,35.689056,139.712207,首都医校,私立,専修学校,2024年2月取得
新宿区,百人町２丁目,-,東京都新宿区百人町２-５-９,35.703292,139.700321,西武学園医学技術専門学校東京新宿校,私立,専修学校,2024年2月取得
新宿区,三栄町３丁目,-,東京都新宿区三栄町３,35.687735,139.726645,東京医療専門学校,私立,専修学校,2024年2月取得
新宿区,揚場町,-,東京都新宿区揚場町２-２８,35.702188,139.742939,東京新宿メディカルセンター附属看護専門学校,私立,専修学校,2024年2月取得
新宿区,百人町１丁目,-,東京都新宿区百人町１-４-４,35.699995,139.701388,東洋鍼灸専門学校,私立,専修学校,2024年2月取得
新宿区,高田馬場１丁目,-,東京都新宿区高田馬場１-１８-１８,35.711320,139.706175,日本医学柔整鍼灸専門学校,私立,専修学校,2024年2月取得
新宿区,大久保３丁目,-,東京都新宿区大久保３-１４-２０,35.707843,139.708352,ヘレン・ケラー学院,私立,専修学校,2024年2月取得
新宿区,西早稲田２丁目,-,東京都新宿区西早稲田２-４-６,35.708466,139.716302,早稲田医学院歯科衛生士専門学校,私立,専修学校,2024年2月取得
品川区,東大井３丁目,-,東京都品川区東大井３-５-６,35.603316,139.739055,池見東京医療専門学校,私立,専修学校,2024年2月取得
品川区,旗の台１丁目,-,東京都品川区旗の台１-２-２６,35.609966,139.704253,昭和大学医学部附属看護専門学校,私立,専修学校,2024年2月取得
渋谷区,本町６丁目,-,東京都渋谷区本町６-２１-７,35.681104,139.679915,専門学校東洋公衆衛生学院,私立,専修学校,2024年2月取得
渋谷区,桜丘町,-,東京都渋谷区桜丘町２０-１,35.655817,139.700244,日本鍼灸理療専門学校,私立,専修学校,2024年2月取得
渋谷区,桜丘町,-,東京都渋谷区桜丘町２０-１,35.655817,139.700244,日本柔道整復専門学校,私立,専修学校,2024年2月取得
渋谷区,広尾４丁目,-,東京都渋谷区広尾４-１-３,35.653517,139.719318,日本赤十字社助産師学校,私立,専修学校,2024年2月取得
新宿区,左門町,-,東京都新宿区左門町５-,35.686492,139.719621,新宿医療専門学校,私立,専修学校,2024年2月取得
千代田区,西神田１丁目,-,東京都千代田区西神田１-３-４,35.699353,139.756622,東京理容専修学校,私立,専修学校,2024年2月取得
港区,赤坂７丁目,赤坂,東京都港区赤坂７-２-２９,35.673870,139.730154,タカラ美容専門学校,私立,専修学校,2024年2月取得
港区,六本木６丁目,六本木,東京都港区六本木６-４-１ハリウッドプラザ,35.661407,139.730038,ハリウッド美容専門学校,私立,専修学校,2024年2月取得
新宿区,西新宿６丁目,-,東京都新宿区西新宿６-５-３,35.689885,139.699733,新宿調理師専門学校,私立,専修学校,2024年2月取得
新宿区,市谷本村町,-,東京都新宿区市谷本村町２-３１,35.690538,139.731754,高山美容専門学校,私立,専修学校,2024年2月取得
新宿区,下落合２丁目,-,東京都新宿区下落合２-３-１６,35.716927,139.703252,中央理美容専門学校,私立,専修学校,2024年2月取得
新宿区,西新宿６丁目,-,東京都新宿区西新宿６-１１-１１,35.691346,139.693690,東京栄養専門学校,私立,専修学校,2024年2月取得
新宿区,高田馬場１丁目,-,東京都新宿区高田馬場１-１４-１,35.708996,139.706206,東京製菓学校,私立,専修学校,2024年2月取得
新宿区,西新宿７丁目,-,東京都新宿区西新宿７-１１-１１,35.694326,139.697714,東京調理製菓専門学校,私立,専修学校,2024年2月取得
新宿区,下落合１丁目,-,東京都新宿区下落合１-２-４,35.716677,139.702146,東京美容専門学校,私立,専修学校,2024年2月取得
新宿区,高田馬場１丁目,-,東京都新宿区高田馬場１-２１-１２,35.709621,139.704161,日本美容専門学校,私立,専修学校,2024年2月取得
新宿区,歌舞伎町２丁目,-,東京都新宿区歌舞伎町２-４２-５,35.697706,139.701089,真野美容専門学校,私立,専修学校,2024年2月取得
新宿区,西早稲田２丁目,-,東京都新宿区西早稲田２-２０-７,35.709011,139.709536,早稲田美容専門学校,私立,専修学校,2024年2月取得
品川区,南品川６丁目,-,東京都品川区南品川６-１０-５,35.609745,139.736264,東京健康科学専門学校,私立,専修学校,2024年2月取得
品川区,大井１丁目,-,東京都品川区大井１-４８-１１,35.605403,139.733070,東京マックス美容専門学校,私立,専修学校,2024年2月取得
渋谷区,恵比寿４丁目,-,東京都渋谷区恵比寿４-１９-２５,35.643940,139.712927,専門学校エビスビューティカレッジ,私立,専修学校,2024年2月取得
渋谷区,神泉町,-,東京都渋谷区神泉町２-２,35.658034,139.693491,国際文化理容美容専門学校渋谷校,私立,専修学校,2024年2月取得
渋谷区,渋谷１丁目,-,東京都渋谷区渋谷１-２１-１０,35.663395,139.703622,住田美容専門学校,私立,専修学校,2024年2月取得
渋谷区,桜丘町,-,東京都渋谷区桜丘町２３-１８,35.655873,139.699764,専門学校ビジョナリーアーツ,私立,専修学校,2024年2月取得
渋谷区,千駄ケ谷５丁目,-,東京都渋谷区千駄ケ谷５-２５-４,35.684890,139.703415,服部栄養専門学校,私立,専修学校,2024年2月取得
渋谷区,神宮前３丁目,-,東京都渋谷区神宮前３-２６-１,35.670947,139.708751,ベルエポック美容専門学校,私立,専修学校,2024年2月取得
渋谷区,代々木１丁目,-,東京都渋谷区代々木１-５３-１,35.684186,139.699952,山野美容専門学校,私立,専修学校,2024年2月取得
新宿区,須賀町,-,東京都新宿区須賀町３,35.686806,139.721884,マリールイズ美容専門学校,私立,専修学校,2024年2月取得
渋谷区,円山町,-,東京都渋谷区円山町２８-５,35.655755,139.694288,山手調理製菓専門学校,私立,専修学校,2024年2月取得
千代田区,紀尾井町,赤坂,東京都千代田区紀尾井町７-１,35.684152,139.732755,上智社会福祉専門学校,私立,専修学校,2024年2月取得
港区,三田３丁目,-,東京都港区三田３-４-２８,35.645688,139.743688,聖徳大学幼児教育専門学校,私立,専修学校,2024年2月取得
新宿区,新宿１丁目,-,東京都新宿区新宿１-１１-７,35.689056,139.712207,東京国際福祉専門学校,私立,専修学校,2024年2月取得
新宿区,高田馬場１丁目,-,東京都新宿区高田馬場１-３２-１５,35.710379,139.703547,日本児童教育専門学校,私立,専修学校,2024年2月取得
新宿区,高田馬場２丁目,-,東京都新宿区高田馬場２-１６-３,35.713710,139.705597,日本福祉教育専門学校,私立,専修学校,2024年2月取得
品川区,西品川１丁目,-,東京都品川区西品川１-２８-３,35.609268,139.727762,品川介護福祉専門学校,私立,専修学校,2024年2月取得
江東区,塩浜２丁目,-,東京都江東区塩浜２‐２２‐１０,35.664100,139.813935,臨床福祉専門学校,私立,専修学校,2024年2月取得
千代田区,西神田２丁目,-,東京都千代田区西神田２-４-１１,35.698294,139.754468,大原簿記学校,私立,専修学校,2024年2月取得
千代田区,神田小川町３丁目,-,東京都千代田区神田小川町３-２８-１０,35.695321,139.763285,専門学校お茶の水スクール・オブ・ビジネス,私立,専修学校,2024年2月取得
千代田区,神田小川町３丁目,-,東京都千代田区神田小川町３-２６-１,35.696153,139.762518,東京テクノ・ホルティ園芸専門学校,私立,専修学校,2024年2月取得
新宿区,百人町１丁目,-,東京都新宿区百人町１-５-６,35.698512,139.700910,専門学校東京経理綜合学院,私立,専修学校,2024年2月取得
新宿区,市谷田町３丁目,-,東京都新宿区市谷田町３-２１,35.696715,139.737980,東京観光専門学校,私立,専修学校,2024年2月取得
新宿区,西早稲田２丁目,-,東京都新宿区西早稲田２-１８-１２,35.710530,139.710667,東京ＹＭＣＡ国際ホテル専門学校,私立,専修学校,2024年2月取得
渋谷区,代々木１丁目,-,東京都渋谷区代々木１-５６-１,35.684463,139.701628,専門学校東京スクール・オブ・ビジネス,私立,専修学校,2024年2月取得
渋谷区,千駄ケ谷１丁目,-,東京都渋谷区千駄ケ谷１-８-１７,35.678352,139.711072,専門学校東京クールジャパン,私立,専修学校,2024年2月取得
千代田区,神田神保町２丁目,-,東京都千代田区神田神保町２-１０-３３,35.697013,139.755774,大原医療秘書福祉保育専門学校,私立,専修学校,2024年2月取得
千代田区,西神田１丁目,-,東京都千代田区西神田１-２-１５,35.698922,139.757299,東京ホテル・トラベル学院専門学校,私立,専修学校,2024年2月取得
新宿区,西新宿７丁目,-,東京都新宿区西新宿７-１８-１２,35.696018,139.696745,東京・ｉスマートビジネス専門学校,私立,専修学校,2024年2月取得
千代田区,神田神保町２丁目,-,東京都千代田区神田神保町２-６-４,35.696542,139.755368,九段観光ビジネス専門学校,私立,専修学校,2024年2月取得
千代田区,富士見２丁目,-,東京都千代田区富士見２-５-１３,35.700637,139.745643,専門学校ファッションカレッジ桜丘,私立,専修学校,2024年2月取得
中央区,明石町,-,東京都中央区明石町２-１,35.667477,139.778627,東京ファッション専門学校,私立,専修学校,2024年2月取得
港区,北青山３丁目,-,東京都港区北青山３-５-１７,35.666477,139.712280,専門学校青山ファッションカレッジ,私立,専修学校,2024年2月取得
新宿区,百人町１丁目,-,東京都新宿区百人町１-５-７,35.698735,139.700909,ファッションビジネスカレッジ東京,私立,専修学校,2024年2月取得
新宿区,高田馬場１丁目,-,東京都新宿区高田馬場１-３４-１３,35.711849,139.704174,東京家政専門学校,私立,専修学校,2024年2月取得
新宿区,西新宿１丁目,-,東京都新宿区西新宿１-７-３,35.689056,139.712207,東京モード学園,私立,専修学校,2024年2月取得
江東区,東陽３丁目,-,東京都江東区東陽３-３-１,35.668864,139.809291,江東服飾高等専修学校,私立,専修学校,2024年2月取得
江東区,亀戸２丁目,-,東京都江東区亀戸２-１８-１１,35.697717,139.823999,東京服装文化学院,私立,専修学校,2024年2月取得
品川区,上大崎４丁目,-,東京都品川区上大崎４-６-１９,35.631613,139.715818,ドレスメーカー学院,私立,専修学校,2024年2月取得
品川区,大崎４丁目,-,東京都品川区大崎４-５-２０,35.620140,139.722550,宮川文化服装専門学校,私立,専修学校,2024年2月取得
渋谷区,渋谷１丁目,-,東京都渋谷区渋谷１-６-８,35.660962,139.705220,専門学校清水とき・きものアカデミア,私立,専修学校,2024年2月取得
渋谷区,渋谷１丁目,-,東京都渋谷区渋谷１-２１-７,35.663654,139.703684,渋谷ファッション＆アート専門学校,私立,専修学校,2024年2月取得
渋谷区,代々木３丁目,-,東京都渋谷区代々木３-２２-１,35.685635,139.693929,文化服装学院,私立,専修学校,2024年2月取得
新宿区,下落合３丁目,-,東京都新宿区下落合３-１７-４２,35.721706,139.703782,目白ファッション＆アートカレッジ,私立,専修学校,2024年2月取得
千代田区,西神田２丁目,-,東京都千代田区西神田２-４-１１,35.698294,139.754468,大原法律専門学校,私立,専修学校,2024年2月取得
千代田区,神田駿河台２丁目,-,東京都千代田区神田駿河台２-３,35.699777,139.764459,御茶の水美術専門学校,私立,専修学校,2024年2月取得
千代田区,六番町,-,東京都千代田区六番町１-３,35.688064,139.735642,専修学校河合塾麹町校,私立,専修学校,2024年2月取得
千代田区,神田小川町３丁目,-,東京都千代田区神田小川町３-２８,35.695225,139.763161,駿台法律経済＆ビジネス専門学校,私立,専修学校,2024年2月取得
千代田区,神田駿河台１丁目,-,東京都千代田区神田駿河台１-７,35.699084,139.760617,駿台予備学校アカデミー校,私立,専修学校,2024年2月取得
千代田区,神田駿河台２丁目,-,東京都千代田区神田駿河台２-５-１７,35.700391,139.760353,駿台予備学校,私立,専修学校,2024年2月取得
千代田区,神田駿河台１丁目,-,東京都千代田区神田駿河台１-５-８,35.699136,139.761182,駿台外語＆ビジネス専門学校,私立,専修学校,2024年2月取得
千代田区,四番町,-,東京都千代田区四番町１１,35.688484,139.738977,東京ビジュアルアーツ,私立,専修学校,2024年2月取得
千代田区,九段南４丁目,-,東京都千代田区九段南４-８-２１,35.693696,139.746682,山脇美術専門学校,私立,専修学校,2024年2月取得
新宿区,西新宿７丁目,-,東京都新宿区西新宿７-１２-１,35.693580,139.696841,専修学校河合塾新宿校,私立,専修学校,2024年2月取得
新宿区,百人町２丁目,-,東京都新宿区百人町２-６-１０,35.704053,139.700433,グレッグ外語専門学校新宿校,私立,専修学校,2024年2月取得
新宿区,高田馬場４丁目,-,東京都新宿区高田馬場４-４-２１,35.712642,139.701820,専修学校早稲田予備学校,私立,専修学校,2024年2月取得
新宿区,高田馬場１丁目,-,東京都新宿区高田馬場１-２４-１３,35.711410,139.705101,専修学校早稲田ゼミナール,私立,専修学校,2024年2月取得
新宿区,高田馬場３丁目,-,東京都新宿区高田馬場３-３-１９,35.714024,139.702366,専門学校ＥＳＰエンタテインメント東京,私立,専修学校,2024年2月取得
新宿区,下落合１丁目,-,東京都新宿区下落合１-１-８,35.717994,139.700072,東京アニメーションカレッジ専門学校,私立,専修学校,2024年2月取得
新宿区,西新宿７丁目,-,東京都新宿区西新宿７-３-８,35.696154,139.699045,東京外語専門学校,私立,専修学校,2024年2月取得
新宿区,富久町,-,東京都新宿区富久町２-６,35.692454,139.718147,東洋美術学校,私立,専修学校,2024年2月取得
新宿区,高田馬場１丁目,-,東京都新宿区高田馬場１-２４-２２,35.711787,139.705717,日本フラワーデザイン専門学校,私立,専修学校,2024年2月取得
新宿区,高田馬場１丁目,-,東京都新宿区高田馬場１-２３-９,35.710992,139.705012,早稲田外語専門学校,私立,専修学校,2024年2月取得
江東区,大島３丁目,-,東京都江東区大島３-４-７,35.692632,139.826305,秀林外語専門学校,私立,専修学校,2024年2月取得
江東区,東陽２丁目,-,東京都江東区東陽２-２-１５,35.667129,139.816245,東京ＹＭＣＡ社会体育・保育専門学校,私立,専修学校,2024年2月取得
品川区,上大崎２丁目,-,東京都品川区上大崎２-１９-６,35.637003,139.714574,日本書道専門学校,私立,専修学校,2024年2月取得
渋谷区,千駄ケ谷３丁目,-,東京都渋谷区千駄ケ谷３-６２-３,35.673173,139.703956,専修学校代々木ゼミナール造形学校,私立,専修学校,2024年2月取得
渋谷区,代々木２丁目,-,東京都渋谷区代々木２-２５-７,35.685491,139.698692,専修学校代々木ゼミナール本部校,私立,専修学校,2024年2月取得
渋谷区,神宮前１丁目,-,東京都渋谷区神宮前１-１０-３４,35.670090,139.704580,ＥＳＰアニメーション声優専門学校,私立,専修学校,2024年2月取得
渋谷区,神南１丁目,-,東京都渋谷区神南１-４-１７,35.665346,139.700058,専門学校桑沢デザイン研究所,私立,専修学校,2024年2月取得
渋谷区,恵比寿南３丁目,-,東京都渋谷区恵比寿南３-１-５,35.645670,139.706814,専門学校東京声優アカデミー,私立,専修学校,2024年2月取得
渋谷区,桜丘町,-,東京都渋谷区桜丘町４-１６,35.654572,139.703947,専門学校日本デザイナー学院,私立,専修学校,2024年2月取得
渋谷区,神宮前５丁目,-,東京都渋谷区神宮前５-２９-２,35.664414,139.703376,専門学校ヒコ・みづのジュエリーカレッジ,私立,専修学校,2024年2月取得
渋谷区,千駄ケ谷５丁目,-,東京都渋谷区千駄ケ谷５-１９-９,35.682543,139.703857,専門学校ミューズ音楽院,私立,専修学校,2024年2月取得
渋谷区,代々木１丁目,-,東京都渋谷区代々木１-３１-２,35.681958,139.702523,専門学校ミューズ・モード音楽院,私立,専修学校,2024年2月取得
渋谷区,渋谷２丁目,-,東京都渋谷区渋谷２-１９-２１,35.659788,139.704768,東京スクールオブミュージック専門学校渋谷,私立,専修学校,2024年2月取得
渋谷区,渋谷１丁目,-,東京都渋谷区渋谷１-２４-６,35.660777,139.702033,東京ダンス＆アクターズ専門学校,私立,専修学校,2024年2月取得
渋谷区,千駄ケ谷５丁目,-,東京都渋谷区千駄ケ谷５-７-３,35.681663,139.706118,日本デザイン福祉専門学校,私立,専修学校,2024年2月取得
渋谷区,桜丘町,-,東京都渋谷区桜丘町４-１６,35.654572,139.703947,日本写真芸術専門学校,私立,専修学校,2024年2月取得
渋谷区,代々木３丁目,-,東京都渋谷区代々木３-２２-１,35.685635,139.693929,文化外国語専門学校,私立,専修学校,2024年2月取得
渋谷区,松涛２丁目,-,東京都渋谷区松涛２-１６-５,35.658032,139.690426,ヤマザキ動物専門学校,私立,専修学校,2024年2月取得
千代田区,神田神保町１丁目,-,東京都千代田区神田神保町１-５０,35.698485,139.758040,東京商科・法科専門学校,私立,専修学校,2024年2月取得
千代田区,神田駿河台２丁目,-,東京都千代田区神田駿河台２-１１,35.701019,139.757949,専門学校アテネ・フランセ,私立,専修学校,2024年2月取得
千代田区,西神田１丁目,-,東京都千代田区西神田１-３-１,35.699329,139.756737,東京アニメーター学院専門学校,私立,専修学校,2024年2月取得
千代田区,丸の内３丁目,大丸有,東京都千代田区丸の内３-２-１,35.677780,139.761341,東京会館クッキングスクール,私立,各種学校,2024年2月取得
新宿区,市谷左内町,-,東京都新宿区市谷左内町２１,35.693393,139.735180,江上料理学院,私立,各種学校,2024年2月取得
新宿区,歌舞伎町１丁目,-,東京都新宿区歌舞伎町１-２４-３,35.694381,139.700641,新宿クッキングアカデミー,私立,各種学校,2024年2月取得
渋谷区,恵比寿西１丁目,-,東京都渋谷区恵比寿西１-３２-１２,35.646583,139.705268,かこうインターナショナルデザインカレッジ・国際手芸学院,私立,各種学校,2024年2月取得
千代田区,神田駿河台２丁目,-,東京都千代田区神田駿河台２-３,35.699777,139.764459,御茶の水美術学院,私立,各種学校,2024年2月取得
港区,赤坂２丁目,赤坂,東京都港区赤坂２-１７-４７,35.669487,139.738319,東亜学院,私立,各種学校,2024年2月取得
千代田区,五番町,-,東京都千代田区五番町１４,35.688800,139.732285,東京中華学校,私立,各種学校,2024年2月取得
中央区,築地３丁目,-,東京都中央区築地３-１５-１,35.667178,139.771886,東京仏教学院,私立,各種学校,2024年2月取得
港区,元麻布２丁目,-,東京都港区元麻布２-１４-７,35.653588,139.730292,西町インターナショナルスクール,私立,各種学校,2024年2月取得
新宿区,若松町,-,東京都新宿区若松町１７-１８,35.699152,139.714267,合気道学校,私立,各種学校,2024年2月取得
新宿区,西新宿１丁目,-,東京都新宿区西新宿１-２１-１,35.689056,139.712207,キルビー学院,私立,各種学校,2024年2月取得
新宿区,高田馬場２丁目,-,東京都新宿区高田馬場２-９-７,35.712533,139.707978,新宿日本語学校,私立,各種学校,2024年2月取得
新宿区,若松町,-,東京都新宿区若松町２-１,35.697307,139.720973,東京韓国学校初等部,私立,各種学校,2024年2月取得
新宿区,若松町,-,東京都新宿区若松町２-１,35.697307,139.720973,東京韓国学校中高等部,私立,各種学校,2024年2月取得
新宿区,高田馬場４丁目,-,東京都新宿区高田馬場４-２３-２３,35.709916,139.701447,東京国際大学付属日本語学校,私立,各種学校,2024年2月取得
新宿区,北新宿３丁目,-,東京都新宿区北新宿３-２２-７,35.701885,139.691537,日本学生支援機構東京日本語センター,私立,各種学校,2024年2月取得
新宿区,下落合３丁目,-,東京都新宿区下落合３-１４-１６,35.721541,139.700280,日本聖書神学校,私立,各種学校,2024年2月取得
新宿区,高田馬場１丁目,-,東京都新宿区高田馬場１-２９-５,35.710466,139.704000,一橋学院早慶外語,私立,各種学校,2024年2月取得
江東区,白河１丁目,-,東京都江東区白河１-５-１５,35.682637,139.799990,ケイ・インターナショナルスクール東京,私立,各種学校,2024年2月取得
江東区,枝川１丁目,-,東京都江東区枝川１-１１-２６,35.656859,139.804601,東京朝鮮第二初級学校,私立,各種学校,2024年2月取得
港区,六本木６丁目,六本木,東京都港区六本木６-１６-５,35.661859,139.734547,アメリカン．スクール・イン・ジャパン・アーリーラーニングセンター,私立,各種学校,2024年2月取得
渋谷区,広尾４丁目,-,東京都渋谷区広尾４-３-１,35.652202,139.719826,聖心インターナショナルスクール,私立,各種学校,2024年2月取得
渋谷区,千駄ケ谷５丁目,-,東京都渋谷区千駄ケ谷５-３０-１６,35.685681,139.704302,東京工学院日本語学校,私立,各種学校,2024年2月取得
渋谷区,南平台町,-,東京都渋谷区南平台町１６-２６,35.654532,139.694684,東京日本語学校,私立,各種学校,2024年2月取得
渋谷区,渋谷１丁目,-,東京都渋谷区渋谷１-２１-１８,35.663704,139.703400,ブリティッシュ・スクール・イン東京,私立,各種学校,2024年2月取得
渋谷区,千駄ケ谷３丁目,-,東京都渋谷区千駄ケ谷３-１０-６,35.679114,139.709010,山野日本語学校,私立,各種学校,2024年2月取得
中央区,日本橋堀留町２丁目,-,東京都中央区日本橋堀留町２-２-９,35.688244,139.781054,アートマスターズスクール,私立,各種学校,2024年2月取得
中央区,新川１丁目,-,東京都中央区新川１-１５-１３,35.677148,139.783176,東京ギャラクシー日本語学校,私立,各種学校,2024年2月取得
新宿区,新宿１丁目,-,東京都新宿区新宿１-２９-１２,35.689056,139.712207,KCP地球市民日本語学校,私立,各種学校,2024年2月取得
新宿区,下落合１丁目,-,東京都新宿区下落合１-１-６,35.717994,139.700072,千駄ヶ谷日本語学校,私立,各種学校,2024年2月取得
渋谷区,上原３丁目,-,東京都渋谷区上原３-２８-１８,35.664619,139.674890,ドルトンスクール東京,私立,各種学校,2024年2月取得
江東区,大島１丁目,-,東京都江東区大島１-２０-２０,35.685795,139.824989,インディア インターナショナル スクール イン ジャパン,私立,各種学校,2024年2月取得
新宿区,新宿１丁目,-,東京都新宿区新宿１-１１-１１,35.689056,139.712207,東京外語日本語学校,私立,各種学校,2024年2月取得
港区,南麻布２丁目,-,東京都港区南麻布２-１３-６,35.647239,139.735373,東京インターナショナルスクール,私立,各種学校,2024年2月取得
江東区,大島３丁目,-,東京都江東区大島３-２３-８木下ビル,35.693605,139.829207,カナン国際教育学院,私立,各種学校,2024年2月取得
千代田区,富士見１丁目,-,東京都千代田区富士見１-１-１３,35.697918,139.748467,暁星小学校,私立,小学校,2024年2月取得
千代田区,九段北２丁目,-,東京都千代田区九段北２-４-１,35.695570,139.746087,白百合学園小学校,私立,小学校,2024年2月取得
千代田区,六番町,-,東京都千代田区六番町１４-１,35.687024,139.731754,雙葉小学校,私立,小学校,2024年2月取得
港区,白金４丁目,-,東京都港区白金４-１１-１,35.642396,139.725360,聖心女子学院初等科,私立,小学校,2024年2月取得
港区,六本木５丁目,六本木,東京都港区六本木５-６-１４,35.661765,139.735595,東洋英和女学院小学部,私立,小学校,2024年2月取得
新宿区,若葉１丁目,-,東京都新宿区若葉１-２３-１,35.683058,139.727453,学習院初等科,私立,小学校,2024年2月取得
品川区,西大井１丁目,-,東京都品川区西大井１-６-１３,35.602118,139.726206,品川翔英小学校,私立,小学校,2024年2月取得
渋谷区,渋谷４丁目,-,東京都渋谷区渋谷４-４-２５,35.659925,139.710472,青山学院初等部,私立,小学校,2024年2月取得
渋谷区,恵比寿２丁目,-,東京都渋谷区恵比寿２-３５-１,35.646690,139.723169,慶應義塾幼稚舎,私立,小学校,2024年2月取得
渋谷区,広尾３丁目,-,東京都渋谷区広尾３-７-１６,35.656363,139.716250,東京女学館小学校,私立,小学校,2024年2月取得
千代田区,三番町,-,東京都千代田区三番町１２-,35.689942,139.743558,大妻中学校,私立,中学校,2024年2月取得
千代田区,神田猿楽町２丁目,-,東京都千代田区神田猿楽町２-３-６,35.699578,139.758030,神田女学園中学校,私立,中学校,2024年2月取得
千代田区,一ツ橋２丁目,-,東京都千代田区一ツ橋２-２-１,35.693168,139.757205,共立女子中学校,私立,中学校,2024年2月取得
千代田区,富士見１丁目,-,東京都千代田区富士見１-２-５,35.696958,139.748232,暁星中学校,私立,中学校,2024年2月取得
千代田区,麹町３丁目,-,東京都千代田区麹町３-８,35.684834,139.738999,麴町学園女子中学校,私立,中学校,2024年2月取得
千代田区,九段北２丁目,-,東京都千代田区九段北２-４-１,35.695570,139.746087,白百合学園中学校,私立,中学校,2024年2月取得
千代田区,一番町,-,東京都千代田区一番町２２-１０,35.687743,139.738432,女子学院中学校,私立,中学校,2024年2月取得
千代田区,四番町,-,東京都千代田区四番町１１,35.688484,139.738977,千代田国際中学校,私立,中学校,2024年2月取得
千代田区,三番町,-,東京都千代田区三番町２２,35.691114,139.741552,東京家政学院中学校,私立,中学校,2024年2月取得
千代田区,六番町,-,東京都千代田区六番町１４-１,35.687024,139.731754,雙葉中学校,私立,中学校,2024年2月取得
千代田区,九段北３丁目,-,東京都千代田区九段北３-３-１５,35.694966,139.744127,三輪田学園中学校,私立,中学校,2024年2月取得
千代田区,九段北１丁目,-,東京都千代田区九段北１-１２-１２,35.696624,139.749019,和洋九段女子中学校,私立,中学校,2024年2月取得
中央区,日本橋馬喰町２丁目,-,東京都中央区日本橋馬喰町２-７-６,35.695832,139.784659,開智日本橋学園中学校,私立,中学校,2024年2月取得
港区,元麻布２丁目,-,東京都港区元麻布２-３-２９,35.654310,139.727947,麻布中学校,私立,中学校,2024年2月取得
港区,三田２丁目,-,東京都港区三田２-１７-１０,35.648956,139.740156,慶應義塾中等部,私立,中学校,2024年2月取得
港区,芝４丁目,-,東京都港区芝４-１-３０,35.649683,139.749356,芝国際中学校,私立,中学校,2024年2月取得
港区,芝公園３丁目,虎ノ門,東京都港区芝公園３-５-３７,35.660347,139.746417,芝中学校,私立,中学校,2024年2月取得
港区,白金台２丁目,-,東京都港区白金台２-２６-５,35.632264,139.729914,頌栄女子学院中学校,私立,中学校,2024年2月取得
港区,白金４丁目,-,東京都港区白金４-１１-１,35.642396,139.725360,聖心女子学院中等科,私立,中学校,2024年2月取得
港区,高輪２丁目,-,東京都港区高輪２-１-３２,35.637971,139.737171,高輪中学校,私立,中学校,2024年2月取得
港区,高輪２丁目,-,東京都港区高輪２-２-１６,35.638079,139.735155,東海大学付属高輪台高等学校中等部,私立,中学校,2024年2月取得
港区,六本木５丁目,六本木,東京都港区六本木５-１４-４０,35.659139,139.735262,東洋英和女学院中学部,私立,中学校,2024年2月取得
港区,南麻布５丁目,-,東京都港区南麻布５-１-１４,35.654376,139.722328,広尾学園中学校,私立,中学校,2024年2月取得
港区,三田４丁目,-,東京都港区三田４-１４-１６,35.645854,139.741594,普連土学園中学校,私立,中学校,2024年2月取得
港区,赤坂４丁目,赤坂,東京都港区赤坂４-１０-３６,35.674128,139.733710,山脇学園中学校,私立,中学校,2024年2月取得
新宿区,大久保３丁目,-,東京都新宿区大久保３-６-１,35.704646,139.701791,海城中学校,私立,中学校,2024年2月取得
新宿区,戸山３丁目,-,東京都新宿区戸山３-２０-１,35.706849,139.712717,学習院女子中等科,私立,中学校,2024年2月取得
新宿区,原町３丁目,-,東京都新宿区原町３-８７,35.698916,139.723399,成城中学校,私立,中学校,2024年2月取得
新宿区,富久町,-,東京都新宿区富久町７-３０,35.691812,139.716708,成女学園中学校,私立,中学校,2024年2月取得
新宿区,中落合４丁目,-,東京都新宿区中落合４-３１-１,35.717648,139.680065,目白研心中学校,私立,中学校,2024年2月取得
新宿区,馬場下町,-,東京都新宿区馬場下町６２,35.706300,139.719726,早稲田中学校,私立,中学校,2024年2月取得
江東区,東雲２丁目,-,東京都江東区東雲２-１６-１,35.641174,139.797694,かえつ有明中学校,私立,中学校,2024年2月取得
江東区,豊洲６丁目,-,東京都江東区豊洲６-２-７,35.649274,139.791857,芝浦工業大学附属中学校,私立,中学校,2024年2月取得
江東区,清澄２丁目,-,東京都江東区清澄２-３-１５,35.681351,139.796604,中村中学校,私立,中学校,2024年2月取得
品川区,西五反田５丁目,-,東京都品川区西五反田５-１４-２,35.624534,139.713192,攻玉社中学校,私立,中学校,2024年2月取得
品川区,旗の台６丁目,-,東京都品川区旗の台６-２２-２１,35.606915,139.701779,香蘭女学校中等科,私立,中学校,2024年2月取得
品川区,西大井１丁目,-,東京都品川区西大井１-６-１３,35.602118,139.726206,品川翔英中学校,私立,中学校,2024年2月取得
品川区,北品川３丁目,-,東京都品川区北品川３-３-１２,35.620899,139.739185,品川女子学院中等部,私立,中学校,2024年2月取得
品川区,二葉１丁目,-,東京都品川区二葉１-６-６,35.608534,139.728081,青稜中学校,私立,中学校,2024年2月取得
品川区,旗の台３丁目,-,東京都品川区旗の台３-２-１７,35.605858,139.706859,文教大学付属中学校,私立,中学校,2024年2月取得
渋谷区,渋谷４丁目,-,東京都渋谷区渋谷４-４-２５,35.659925,139.710472,青山学院中等部,私立,中学校,2024年2月取得
渋谷区,渋谷１丁目,-,東京都渋谷区渋谷１-２１-１８,35.663704,139.703400,渋谷教育学園渋谷中学校,私立,中学校,2024年2月取得
渋谷区,東１丁目,-,東京都渋谷区東１-１-１１,35.656548,139.710325,実践女子学園中学校,私立,中学校,2024年2月取得
渋谷区,広尾３丁目,-,東京都渋谷区広尾３-７-１６,35.656363,139.716250,東京女学館中学校,私立,中学校,2024年2月取得
渋谷区,笹塚３丁目,-,東京都渋谷区笹塚３-１９-９,35.676752,139.666933,富士見丘中学校,私立,中学校,2024年2月取得
千代田区,三番町,-,東京都千代田区三番町１２-,35.689942,139.743558,大妻高等学校,私立,高校,2024年2月取得
千代田区,神田神保町２丁目,-,東京都千代田区神田神保町２-４２,35.696807,139.756583,大原学園美空高等学校（通信制）,私立,高校,2024年2月取得
千代田区,神田猿楽町２丁目,-,東京都千代田区神田猿楽町２-３-６,35.699578,139.758030,神田女学園高等学校,私立,高校,2024年2月取得
千代田区,一ツ橋２丁目,-,東京都千代田区一ツ橋２-２-１,35.693168,139.757205,共立女子高等学校,私立,高校,2024年2月取得
千代田区,神田錦町３丁目,-,東京都千代田区神田錦町３-１,35.692567,139.761975,錦城学園高等学校,私立,高校,2024年2月取得
千代田区,富士見１丁目,-,東京都千代田区富士見１-２-５,35.696958,139.748232,暁星高等学校,私立,高校,2024年2月取得
千代田区,麹町３丁目,-,東京都千代田区麹町３-８,35.684834,139.738999,麴町学園女子高等学校,私立,高校,2024年2月取得
千代田区,九段北２丁目,-,東京都千代田区九段北２-４-１,35.695570,139.746087,白百合学園高等学校,私立,高校,2024年2月取得
千代田区,一番町,-,東京都千代田区一番町２２-１０,35.687743,139.738432,女子学院高等学校,私立,高校,2024年2月取得
千代田区,神田錦町３丁目,-,東京都千代田区神田錦町３-１,35.692567,139.761975,正則学園高等学校,私立,高校,2024年2月取得
千代田区,四番町,-,東京都千代田区四番町１１,35.688484,139.738977,武蔵野大学附属千代田高等学院,私立,高校,2024年2月取得
千代田区,三番町,-,東京都千代田区三番町２２,35.691114,139.741552,東京家政学院高等学校,私立,高校,2024年2月取得
千代田区,神田三崎町１丁目,-,東京都千代田区神田三崎町１-４-１６,35.694031,139.753772,東洋高等学校,私立,高校,2024年2月取得
千代田区,九段南２丁目,-,東京都千代田区九段南２-１-３２,35.692484,139.746494,二松学舎大学附属高等学校,私立,高校,2024年2月取得
千代田区,六番町,-,東京都千代田区六番町１４-１,35.687024,139.731754,雙葉高等学校,私立,高校,2024年2月取得
千代田区,九段北３丁目,-,東京都千代田区九段北３-３-１５,35.694966,139.744127,三輪田学園高等学校,私立,高校,2024年2月取得
千代田区,九段北１丁目,-,東京都千代田区九段北１-１２-１２,35.696624,139.749019,和洋九段女子高等学校,私立,高校,2024年2月取得
中央区,日本橋馬喰町２丁目,-,東京都中央区日本橋馬喰町２-７-６,35.695832,139.784659,開智日本橋学園高等学校,私立,高校,2024年2月取得
港区,元麻布２丁目,-,東京都港区元麻布２-３-２９,35.654310,139.727947,麻布高等学校,私立,高校,2024年2月取得
港区,三田２丁目,-,東京都港区三田２-１７-２３,35.648182,139.739833,慶應義塾女子高等学校,私立,高校,2024年2月取得
港区,芝公園３丁目,虎ノ門,東京都港区芝公園３-５-３７,35.660347,139.746417,芝高等学校,私立,高校,2024年2月取得
港区,芝４丁目,-,東京都港区芝４-１-３０,35.649683,139.749356,芝国際高等学校,私立,高校,2024年2月取得
港区,白金台２丁目,-,東京都港区白金台２-２６-５,35.632264,139.729914,頌栄女子学院高等学校,私立,高校,2024年2月取得
港区,白金４丁目,-,東京都港区白金４-１１-１,35.642396,139.725360,聖心女子学院高等科,私立,高校,2024年2月取得
港区,芝公園３丁目,虎ノ門,東京都港区芝公園３-１-３６,35.661014,139.748013,正則高等学校,私立,高校,2024年2月取得
港区,高輪２丁目,-,東京都港区高輪２-１-３２,35.637971,139.737171,高輪高等学校,私立,高校,2024年2月取得
港区,高輪２丁目,-,東京都港区高輪２-２-１６,35.638079,139.735155,東海大学付属高輪台高等学校,私立,高校,2024年2月取得
港区,六本木５丁目,六本木,東京都港区六本木５-１４-４０,35.659139,139.735262,東洋英和女学院高等部,私立,高校,2024年2月取得
港区,南麻布５丁目,-,東京都港区南麻布５-１-１４,35.654376,139.722328,広尾学園高等学校,私立,高校,2024年2月取得
港区,三田４丁目,-,東京都港区三田４-１４-１６,35.645854,139.741594,普連土学園高等学校,私立,高校,2024年2月取得
港区,白金台１丁目,-,東京都港区白金台１-２-３７,35.637096,139.730690,明治学院高等学校,私立,高校,2024年2月取得
港区,赤坂４丁目,赤坂,東京都港区赤坂４-１０-３６,35.674128,139.733710,山脇学園高等学校,私立,高校,2024年2月取得
新宿区,大久保３丁目,-,東京都新宿区大久保３-６-１,35.704646,139.701791,海城高等学校,私立,高校,2024年2月取得
新宿区,戸山３丁目,-,東京都新宿区戸山３-２０-１,35.706849,139.712717,学習院女子高等科,私立,高校,2024年2月取得
新宿区,原町３丁目,-,東京都新宿区原町３-８７,35.698916,139.723399,成城高等学校,私立,高校,2024年2月取得
新宿区,富久町,-,東京都新宿区富久町７-３０,35.691812,139.716708,成女高等学校,私立,高校,2024年2月取得
新宿区,大久保３丁目,-,東京都新宿区大久保３-６-２,35.706254,139.703327,保善高等学校,私立,高校,2024年2月取得
新宿区,中落合４丁目,-,東京都新宿区中落合４-３１-１,35.717648,139.680065,目白研心高等学校,私立,高校,2024年2月取得
新宿区,馬場下町,-,東京都新宿区馬場下町６２,35.706300,139.719726,早稲田高等学校,私立,高校,2024年2月取得
江東区,東雲２丁目,-,東京都江東区東雲２-１６-１,35.641174,139.797694,かえつ有明高等学校,私立,高校,2024年2月取得
江東区,亀戸７丁目,-,東京都江東区亀戸７-６５-１２,35.695832,139.840173,中央学院大学中央高等学校,私立,高校,2024年2月取得
江東区,清澄２丁目,-,東京都江東区清澄２-３-１５,35.681351,139.796604,中村高等学校,私立,高校,2024年2月取得
江東区,豊洲６丁目,-,東京都江東区豊洲６-２-７,35.649274,139.791857,芝浦工業大学附属高等学校,私立,高校,2024年2月取得
品川区,西大井１丁目,-,東京都品川区西大井１-６-１３,35.602118,139.726206,品川翔英高等学校,私立,高校,2024年2月取得
品川区,西五反田５丁目,-,東京都品川区西五反田５-１４-２,35.624534,139.713192,攻玉社高等学校,私立,高校,2024年2月取得
品川区,旗の台６丁目,-,東京都品川区旗の台６-２２-２１,35.606915,139.701779,香蘭女学校高等科,私立,高校,2024年2月取得
品川区,南品川５丁目,-,東京都品川区南品川５-１２-４,35.608566,139.740203,品川エトワール女子高等学校,私立,高校,2024年2月取得
品川区,豊町２丁目,-,東京都品川区豊町２-１６-１２,35.609434,139.725363,品川学藝高等学校,私立,高校,2024年2月取得
品川区,北品川３丁目,-,東京都品川区北品川３-３-１２,35.620899,139.739185,品川女子学院高等部,私立,高校,2024年2月取得
品川区,二葉１丁目,-,東京都品川区二葉１-６-６,35.608534,139.728081,青稜高等学校,私立,高校,2024年2月取得
品川区,旗の台３丁目,-,東京都品川区旗の台３-２-１７,35.605858,139.706859,文教大学付属高等学校,私立,高校,2024年2月取得
品川区,西大井６丁目,-,東京都品川区西大井６-１-２３,35.600480,139.713995,朋優学院高等学校,私立,高校,2024年2月取得
渋谷区,渋谷４丁目,-,東京都渋谷区渋谷４-４-２５,35.659925,139.710472,青山学院高等部,私立,高校,2024年2月取得
渋谷区,本町３丁目,-,東京都渋谷区本町３-２-２,35.687178,139.685195,関東国際高等学校,私立,高校,2024年2月取得
渋谷区,神宮前２丁目,-,東京都渋谷区神宮前２-２-３,35.673796,139.714810,國學院高等学校,私立,高校,2024年2月取得
渋谷区,渋谷１丁目,-,東京都渋谷区渋谷１-２１-１８,35.663704,139.703400,渋谷教育学園渋谷高等学校,私立,高校,2024年2月取得
渋谷区,東１丁目,-,東京都渋谷区東１-１-１１,35.656548,139.710325,実践女子学園高等学校,私立,高校,2024年2月取得
渋谷区,富ケ谷２丁目,-,東京都渋谷区富ケ谷２-１０-7,35.665220,139.686392,東海大学付属望星高等学校,私立,高校,2024年2月取得
渋谷区,広尾３丁目,-,東京都渋谷区広尾３-７-１６,35.656363,139.716250,東京女学館高等学校,私立,高校,2024年2月取得
渋谷区,笹塚３丁目,-,東京都渋谷区笹塚３-１９-９,35.676752,139.666933,富士見丘高等学校,私立,高校,2024年2月取得
港区,南麻布５丁目,-,東京都港区南麻布５-６-８,35.653460,139.727118,愛育学園,私立,特別支援学校,2024年2月取得
品川区,八潮５丁目,-,東京都品川区八潮５-２-１,35.604331,139.753479,明晴学園,私立,特別支援学校,2024年2月取得
千代田区,外神田３丁目,-,東京都千代田区外神田３-４-１０,35.701339,139.770339,神田寺幼稚園,私立,幼稚園,2024年2月取得
千代田区,富士見１丁目,-,東京都千代田区富士見１-２-５,35.696958,139.748232,暁星幼稚園,私立,幼稚園,2024年2月取得
千代田区,九段北２丁目,-,東京都千代田区九段北２-４-１,35.695570,139.746087,白百合学園幼稚園,私立,幼稚園,2024年2月取得
千代田区,六番町,-,東京都千代田区六番町１１-１,35.686695,139.732448,雙葉小学校附属幼稚園,私立,幼稚園,2024年2月取得
港区,南麻布５丁目,-,東京都港区南麻布５-６-８,35.653460,139.727118,愛育幼稚園,私立,幼稚園,2024年2月取得
港区,元麻布１丁目,-,東京都港区元麻布１-６-２１,35.654035,139.732830,麻布山幼稚園,私立,幼稚園,2024年2月取得
港区,西麻布３丁目,-,東京都港区西麻布３-２１-６,35.659304,139.725265,麻布みこころ幼稚園,私立,幼稚園,2024年2月取得
港区,元麻布２丁目,-,東京都港区元麻布２-１４-１６,35.652398,139.730527,安藤記念教会附属幼稚園,私立,幼稚園,2024年2月取得
港区,白金４丁目,-,東京都港区白金４-７-２３,35.642329,139.727627,サンタ・セシリア幼稚園,私立,幼稚園,2024年2月取得
港区,三田４丁目,-,東京都港区三田４-１９-３６,35.640997,139.739393,枝光会附属幼稚園,私立,幼稚園,2024年2月取得
港区,白金台５丁目,-,東京都港区白金台５-２３-１１,35.635595,139.717639,白金幼稚園,私立,幼稚園,2024年2月取得
港区,三田３丁目,-,東京都港区三田３-４-２８,35.645688,139.743688,聖徳大学三田幼稚園,私立,幼稚園,2024年2月取得
港区,六本木５丁目,六本木,東京都港区六本木５-６-１４,35.661765,139.735595,東洋英和幼稚園,私立,幼稚園,2024年2月取得
港区,南麻布４丁目,-,東京都港区南麻布４-５-６,35.651081,139.724560,南部坂幼稚園,私立,幼稚園,2024年2月取得
港区,芝２丁目,-,東京都港区芝２-２５-６,35.648264,139.748375,みなと幼稚園,私立,幼稚園,2024年2月取得
港区,芝公園４丁目,-,東京都港区芝公園４-７-４,35.656987,139.746658,明徳幼稚園,私立,幼稚園,2024年2月取得
港区,赤坂１丁目,虎ノ門,東京都港区赤坂１-１４-３,35.667076,139.742135,霊南坂幼稚園,私立,幼稚園,2024年2月取得
港区,西麻布４丁目,-,東京都港区西麻布４-１３-２５,35.657832,139.722184,若葉会幼稚園,私立,幼稚園,2024年2月取得
新宿区,原町３丁目,-,東京都新宿区原町３-８７,35.698916,139.723399,牛込成城幼稚園,私立,幼稚園,2024年2月取得
新宿区,高田馬場２丁目,-,東京都新宿区高田馬場２-８-１８,35.712549,139.709412,おおや幼稚園,私立,幼稚園,2024年2月取得
新宿区,中落合４丁目,-,東京都新宿区中落合４-３-１,35.720661,139.686501,下落合みどり幼稚園,私立,幼稚園,2024年2月取得
新宿区,戸山２丁目,-,東京都新宿区戸山２-７-２,35.703321,139.713457,戸山幼稚園,私立,幼稚園,2024年2月取得
新宿区,西落合４丁目,-,東京都新宿区西落合４-８-１８,35.718281,139.685170,豊多摩幼稚園,私立,幼稚園,2024年2月取得
新宿区,上落合２丁目,-,東京都新宿区上落合２-２５-１９,35.711847,139.687189,伸びる会幼稚園,私立,幼稚園,2024年2月取得
新宿区,下落合２丁目,-,東京都新宿区下落合２-１５-１１,35.719190,139.703937,目白ケ丘幼稚園,私立,幼稚園,2024年2月取得
新宿区,下落合３丁目,-,東京都新宿区下落合３-１４-２５,35.721653,139.700780,目白平和幼稚園,私立,幼稚園,2024年2月取得
新宿区,四谷１丁目,-,東京都新宿区四谷１-１４,35.686693,139.728740,四谷新生幼稚園,私立,幼稚園,2024年2月取得
江東区,大島３丁目,-,東京都江東区大島３-３０-９,35.690326,139.830512,大島新生幼稚園,私立,幼稚園,2024年2月取得
江東区,亀戸４丁目,-,東京都江東区亀戸４-１７-３,35.701082,139.826437,亀戸幼稚園,私立,幼稚園,2024年2月取得
江東区,東砂３丁目,-,東京都江東区東砂３-１７-１０,35.681094,139.843215,きよし幼稚園,私立,幼稚園,2024年2月取得
江東区,東砂２丁目,-,東京都江東区東砂２-１１-３,35.683193,139.843507,江東めぐみ幼稚園,私立,幼稚園,2024年2月取得
江東区,石島,-,東京都江東区石島３-１５,35.680885,139.811297,江東ＹＭＣＡ幼稚園,私立,幼稚園,2024年2月取得
江東区,森下１丁目,-,東京都江東区森下１-３-１７,35.686567,139.797442,神明幼稚園,私立,幼稚園,2024年2月取得
江東区,平野１丁目,-,東京都江東区平野１-６-１１,35.678496,139.799342,月かげ幼稚園,私立,幼稚園,2024年2月取得
江東区,深川２丁目,-,東京都江東区深川２-１６-７,35.675971,139.796865,双葉幼稚園,私立,幼稚園,2024年2月取得
江東区,住吉２丁目,-,東京都江東区住吉２-１４-６,35.690322,139.814000,まなべ幼稚園,私立,幼稚園,2024年2月取得
江東区,亀戸１丁目,-,東京都江東区亀戸１-１４-１２,35.694029,139.822058,まんとみ幼稚園,私立,幼稚園,2024年2月取得
江東区,白河１丁目,-,東京都江東区白河１-３-３２,35.681469,139.800172,れいがん寺幼稚園,私立,幼稚園,2024年2月取得
江東区,東雲１丁目,-,東京都江東区東雲１-９-４６,35.649182,139.803512,しののめＹＭＣＡこども園,私立,幼稚園,2024年2月取得
江東区,豊洲６丁目,-,東京都江東区豊洲６-２-３０,35.647599,139.793773,豊洲めぐみこども園,私立,幼稚園,2024年2月取得
品川区,大井５丁目,-,東京都品川区大井５-１０-１２,35.598343,139.730056,あけぼの幼稚園,私立,幼稚園,2024年2月取得
品川区,小山４丁目,-,東京都品川区小山４-４-１３,35.618350,139.703945,-,私立,幼稚園,2024年2月取得
品川区,南品川５丁目,-,東京都品川区南品川５-１２-４,35.608566,139.740203,エトワール幼稚園,私立,幼稚園,2024年2月取得
品川区,中延５丁目,-,東京都品川区中延５-６-１８,35.603075,139.708401,荏原学園旭幼稚園,私立,幼稚園,2024年2月取得
品川区,大井７丁目,-,東京都品川区大井７-１-５,35.597323,139.725228,大井うさぎ幼稚園,私立,幼稚園,2024年2月取得
品川区,大崎３丁目,-,東京都品川区大崎３-１１-１,35.619343,139.723672,大崎幼稚園,私立,幼稚園,2024年2月取得
品川区,中延６丁目,-,東京都品川区中延６-１-３,35.603912,139.710397,亀田幼稚園,私立,幼稚園,2024年2月取得
品川区,豊町２丁目,-,東京都品川区豊町２-１６-１２,35.609434,139.725363,品川学藝幼稚園,私立,幼稚園,2024年2月取得
品川区,北品川４丁目,-,東京都品川区北品川４-７-４０,35.622517,139.737547,品川教会附属幼稚園,私立,幼稚園,2024年2月取得
品川区,西大井１丁目,-,東京都品川区西大井１-６-１３,35.602118,139.726206,品川翔英幼稚園,私立,幼稚園,2024年2月取得
品川区,南大井２丁目,-,東京都品川区南大井２-４-１,35.593162,139.736936,鈴ヶ森めばえ幼稚園,私立,幼稚園,2024年2月取得
品川区,西五反田６丁目,-,東京都品川区西五反田６-１１-５,35.621114,139.717657,専修幼稚園,私立,幼稚園,2024年2月取得
品川区,荏原７丁目,-,東京都品川区荏原７-１８-１５,35.609951,139.698686,洗足うさぎ幼稚園,私立,幼稚園,2024年2月取得
品川区,旗の台６丁目,-,東京都品川区旗の台６-５-３０,35.608696,139.700214,帝京にしき幼稚園,私立,幼稚園,2024年2月取得
品川区,戸越１丁目,-,東京都品川区戸越１-２１-１５,35.615127,139.721367,戸越幼稚園,私立,幼稚園,2024年2月取得
品川区,小山６丁目,-,東京都品川区小山６-１０-１１,35.613637,139.697968,ひまわり幼稚園,私立,幼稚園,2024年2月取得
品川区,旗の台３丁目,-,東京都品川区旗の台３-２-１７,35.605858,139.706859,文教大学付属幼稚園,私立,幼稚園,2024年2月取得
品川区,東品川３丁目,-,東京都品川区東品川３-２４-８,35.612358,139.745787,八潮幼稚園,私立,幼稚園,2024年2月取得
渋谷区,渋谷４丁目,-,東京都渋谷区渋谷４-４-２５,35.659925,139.710472,青山学院幼稚園,私立,幼稚園,2024年2月取得
渋谷区,鴬谷町,-,東京都渋谷区鴬谷町１０-９,35.652622,139.701900,鴬谷さくら幼稚園,私立,幼稚園,2024年2月取得
渋谷区,上原２丁目,-,東京都渋谷区上原２-３７-１３,35.665408,139.679818,岸辺幼稚園,私立,幼稚園,2024年2月取得
渋谷区,笹塚１丁目,-,東京都渋谷区笹塚１-２８-６,35.672917,139.666973,笹塚幼稚園,私立,幼稚園,2024年2月取得
渋谷区,元代々木町,-,東京都渋谷区元代々木町２６-１,35.671185,139.686584,シオン幼稚園,私立,幼稚園,2024年2月取得
渋谷区,恵比寿２丁目,-,東京都渋谷区恵比寿２-３２-１８,35.645628,139.721537,渋谷同胞幼稚園,私立,幼稚園,2024年2月取得
渋谷区,渋谷１丁目,-,東京都渋谷区渋谷１-２１-１８,35.663704,139.703400,渋谷幼稚園,私立,幼稚園,2024年2月取得
渋谷区,西原１丁目,-,東京都渋谷区西原１-１９-３,35.6755839,139.6782561,城西幼稚園,私立,幼稚園,2024年2月取得
渋谷区,本町６丁目,-,東京都渋谷区本町６-３４-１８,35.6807326,139.6782564,帝京めぐみ幼稚園,私立,幼稚園,2024年2月取得
渋谷区,神宮前１丁目,-,東京都渋谷区神宮前１-５-３,35.6716744,139.7051773,東郷幼稚園,私立,幼稚園,2024年2月取得
渋谷区,千駄ケ谷１丁目,-,東京都渋谷区千駄ケ谷１-１-２４,35.6777218,139.7094081,鳩の森八幡幼稚園,私立,幼稚園,2024年2月取得
渋谷区,神宮前３丁目,-,東京都渋谷区神宮前３-４２-１,35.6708423,139.7139457,原宿幼稚園,私立,幼稚園,2024年2月取得
渋谷区,西原１丁目,-,東京都渋谷区西原１-１４-１７,35.6755218,139.6797757,福田幼稚園,私立,幼稚園,2024年2月取得
渋谷区,神山町,-,東京都渋谷区神山町２１-１１,35.6620633,139.6889793,松村幼稚園,私立,幼稚園,2024年2月取得
