,指標名,食べログアワード受賞レストラン,,,,,,,,,,,,,
,出典,The Tabelog Award 2025,,,,,,,,,,,,,
,年次,2025/01/31取得,,,,,,,,,,,,,
,URL,https://award.tabelog.com/restaurants,,,,,,,,,,,,,
,備考,(2022年度：147件、2023年度：137.0件、2024年度：185件),,,,,,,,,,,,,
,,,,,,,,,,,,,,,
,区,町丁,エリア,住所,緯度,経度,施設名,ジャンル,アワード,受賞・選出歴,星数,口コミ数,夜予算,昼予算,URL
,港区,西麻布３丁目,-,東京都港区西麻布3-21-3,35.6597076,139.7253875,蒼,イノベーティブ、フレンチ,GOLD,"2025/gold, 2024/gold, 2023/gold, 2022/silver, 2021/silver",4.56,428,"￥40,000～￥49,999",-,https://tabelog.com/tokyo/A1307/A130701/13243463/
,中央区,日本橋室町２丁目,日八京,東京都中央区日本橋室町2-1-1,35.686372,139.7731296,アカ,スペイン料理,GOLD,"2025/gold, 2024/gold, 2023/gold, 2022/gold, 2021/silver, 2024/hyakumeiten",4.61,474,"￥60,000～￥79,999",-,https://tabelog.com/tokyo/A1302/A130202/13249117/
,港区,赤坂３丁目,赤坂,東京都港区赤坂3-11-7,35.6745648,139.7375604,赤坂 詠月,日本料理,BRONZE,"2025/bronze, 2024/bronze, 2023/bronze, 2022/bronze, 2021/bronze, 2020/bronze, 2019/bronze, 2018/-, 2023/hyakumeiten, 2021/hyakumeiten",4.17,335,"￥20,000～￥29,999",-,https://tabelog.com/tokyo/A1308/A130801/13116523/
,港区,赤坂６丁目,赤坂,東京都港区赤坂6-3-13,35.6708827,139.7352614,赤坂おぎ乃,日本料理,SILVER,"2025/silver, 2024/silver, 2023/bronze, 2023/hyakumeiten, 2021/hyakumeiten",4.36,301,"￥40,000～￥49,999",-,https://tabelog.com/tokyo/A1308/A130801/13245499/
,港区,赤坂６丁目,赤坂,東京都港区赤坂6-13-8,35.6699391,139.7340557,赤坂 菊乃井,日本料理,BRONZE,"2025/bronze, 2023/bronze, 2022/bronze, 2021/bronze, 2020/bronze, 2019/bronze, 2018/-, 2017/-, 2023/hyakumeiten, 2021/hyakumeiten",4.02,475,"￥20,000～￥29,999","￥15,000～￥19,999",https://tabelog.com/tokyo/A1308/A130801/13002514/
,港区,赤坂３丁目,赤坂,東京都港区赤坂3-13-6,35.6730582,139.7377192,赤坂 きた福,かに,BRONZE,"2025/bronze, 2022/bronze, 2021/bronze, 2020/bronze, 2019/bronze, 2018/-, 2017/-",4.08,348,"￥40,000～￥49,999","￥40,000～￥49,999",https://tabelog.com/tokyo/A1308/A130801/13149065/
,港区,赤坂３丁目,赤坂,東京都港区赤坂3-9-12,35.6768672,139.7362432,赤坂 らいもん,焼肉、ホルモン,SILVER,"2025/silver, 2024/silver, 2023/gold, 2022/silver, 2021/silver, 2020/silver, 2024/hyakumeiten, 2023/hyakumeiten, 2022/hyakumeiten, 2021/hyakumeiten, 2020/hyakumeiten, 2019/hyakumeiten",4.46,445,"￥15,000～￥19,999",-,https://tabelog.com/tokyo/A1308/A130801/13224635/
,中央区,日本橋兜町１丁目,-,東京都中央区日本橋兜町1-4,35.6803869,139.7790366,ASAHINA Gastronome,フレンチ,BRONZE,"2025/bronze, 2024/bronze, 2023/bronze, 2022/bronze, 2021/bronze, 2023/hyakumeiten, 2021/hyakumeiten",4.30,478,"￥40,000～￥49,999","￥20,000～￥29,999",https://tabelog.com/tokyo/A1302/A130203/13227385/
,港区,麻布十番２丁目,-,東京都港区麻布十番2-7-2,35.6559432,139.7335607,麻布 かどわき,日本料理,BRONZE,"2025/bronze, 2024/bronze, 2023/bronze, 2022/bronze, 2021/bronze, 2020/bronze, 2019/bronze, 2023/hyakumeiten, 2021/hyakumeiten",3.96,524,"￥30,000～￥39,999",-,https://tabelog.com/tokyo/A1307/A130702/13001664/
,中央区,銀座５丁目,-,東京都中央区銀座5-5-12,35.6710873,139.7631833,麻布室井,日本料理,BRONZE,2025/bronze,4.12,91,"￥50,000～￥59,999",-,https://tabelog.com/tokyo/A1301/A130101/13292026/
,港区,麻布十番１丁目,-,東京都港区麻布十番1-5-5,35.6573283,139.7329213,麻布 幸村,日本料理,BRONZE,"2025/bronze, 2024/bronze, 2023/bronze, 2022/bronze, 2021/bronze, 2020/bronze, 2019/bronze, 2018/-, 2023/hyakumeiten, 2021/hyakumeiten",4.02,166,-,-,https://tabelog.com/tokyo/A1307/A130702/13005316/
,港区,六本木３丁目,六本木,東京都港区六本木3-8-8,35.663284,139.7345874,味満ん,ふぐ,BRONZE,"2025/bronze, 2024/bronze, 2023/bronze, 2022/silver, 2021/bronze, 2020/silver, 2019/silver, 2018/-",4.28,286,-,-,https://tabelog.com/tokyo/A1307/A130701/13001332/
,中央区,湊３丁目,-,東京都中央区湊3-4-2,35.6698099,139.77769,味幸,日本料理,BRONZE,2025/bronze,4.17,60,"￥30,000～￥39,999",-,https://tabelog.com/tokyo/A1313/A131301/13277529/
,港区,西麻布２丁目,-,東京都港区西麻布2-24-7,35.6610177,139.721816,AZUR et MASA UEKI,フレンチ,BRONZE,"2025/bronze, 2023/bronze, 2022/bronze, 2021/bronze, 2020/bronze, 2023/hyakumeiten, 2021/hyakumeiten",4.10,492,"￥30,000～￥39,999","￥15,000～￥19,999",https://tabelog.com/tokyo/A1307/A130701/13206559/
,千代田区,有楽町１丁目,大丸有,東京都千代田区有楽町1-9-4,35.675117,139.7609658,アピシウス,フレンチ,SILVER,"2025/silver, 2024/silver, 2023/bronze, 2022/bronze, 2021/bronze, 2020/bronze, 2019/bronze, 2018/-, 2023/hyakumeiten, 2021/hyakumeiten",4.31,963,"￥50,000～￥59,999","￥10,000～￥14,999",https://tabelog.com/tokyo/A1301/A130102/13000145/
,港区,白金６丁目,-,東京都港区白金6-5-3,35.6444355,139.724759,アルゴリズム,フレンチ,BRONZE,"2025/bronze, 2020/bronze, 2019/bronze, 2023/hyakumeiten, 2021/hyakumeiten",4.01,377,"￥20,000～￥29,999","￥8,000～￥9,999",https://tabelog.com/tokyo/A1316/A131602/13213150/
,港区,南麻布２丁目,-,東京都港区南麻布2-10-13,35.6479882,139.7359092,いちかわ,寿司,BRONZE,"2025/bronze, 2024/bronze, 2023/bronze, 2022/bronze, 2021/bronze, 2020/bronze, 2019/bronze, 2022/hyakumeiten, 2021/hyakumeiten",4.11,246,-,-,https://tabelog.com/tokyo/A1316/A131602/13210722/
,中央区,,-,東京都中央区,-,-,井雪,日本料理,BRONZE,"2025/bronze, 2024/bronze, 2023/bronze, 2022/silver, 2021/silver, 2020/bronze, 2019/silver, 2018/-, 2023/hyakumeiten, 2021/hyakumeiten",4.38,218,-,-,https://tabelog.com/tokyo/A1301/A130101/13030881/
,中央区,日本橋３丁目,日八京,東京都中央区日本橋3-8-13,35.6800354,139.7734103,ウェスタ,ステーキ、フレンチ,BRONZE,"2025/bronze, 2024/bronze, 2023/bronze, 2022/bronze, 2021/bronze, 2020/bronze, 2019/bronze, 2018/-, 2024/hyakumeiten, 2022/hyakumeiten, 2021/hyakumeiten",4.01,254,"￥50,000～￥59,999","￥50,000～￥59,999",https://tabelog.com/tokyo/A1302/A130202/13185496/
,中央区,銀座７丁目,-,東京都中央区銀座7-7-7,35.6691889,139.7619934,USHIGORO S. GINZA,焼肉,BRONZE,"2025/bronze, 2024/bronze, 2023/bronze, 2022/bronze, 2021/bronze, 2020/bronze, 2019/bronze, 2024/hyakumeiten, 2023/hyakumeiten, 2022/hyakumeiten, 2021/hyakumeiten, 2020/hyakumeiten, 2019/hyakumeiten",4.24,769,"￥20,000～￥29,999","￥20,000～￥29,999",https://tabelog.com/tokyo/A1301/A130101/13222093/
,港区,南青山３丁目,-,東京都港区南青山3-2-8,35.6676378,139.7179302,海味,寿司,BRONZE,"2025/bronze, 2024/bronze, 2023/bronze, 2022/bronze, 2021/bronze, 2020/bronze, 2019/bronze, 2018/-, 2022/hyakumeiten, 2021/hyakumeiten",3.93,680,"￥30,000～￥39,999","￥20,000～￥29,999",https://tabelog.com/tokyo/A1306/A130603/13001179/
,渋谷区,恵比寿２丁目,-,東京都渋谷区恵比寿2-10-5,35.6456548,139.7169379,鍈輝,焼き鳥,BRONZE,"2025/bronze, 2022/bronze, 2021/bronze, 2024/hyakumeiten, 2023/hyakumeiten, 2022/hyakumeiten, 2021/hyakumeiten",4.13,319,"￥10,000～￥14,999",-,https://tabelog.com/tokyo/A1303/A130302/13230923/
,港区,元麻布３丁目,-,東京都港区元麻布3-6-34,35.6570579,139.7287062,エクアトゥール,イノベーティブ、フレンチ,BRONZE,"2025/bronze, 2022/gold, 2021/gold, 2020/silver, 2019/gold, 2018/-, 2017/-",4.21,655,"￥40,000～￥49,999","￥40,000～￥49,999",https://tabelog.com/tokyo/A1307/A130702/13121866/
,中央区,銀座５丁目,-,東京都中央区銀座5-4-6,35.6717161,139.7633311,エスキス,フレンチ,SILVER,"2025/silver, 2024/silver, 2023/silver, 2022/silver, 2021/silver, 2020/silver, 2019/silver, 2018/-, 2023/hyakumeiten, 2021/hyakumeiten",4.34,1011,"￥30,000～￥39,999","￥20,000～￥29,999",https://tabelog.com/tokyo/A1301/A130101/13142530/
,渋谷区,西原３丁目,-,東京都渋谷区西原3-23-1,35.6706199,139.6834603,ete,イノベーティブ、フレンチ,SILVER,"2025/silver, 2024/silver, 2023/bronze, 2022/silver",4.43,111,-,-,https://tabelog.com/tokyo/A1318/A131811/13249143/
,港区,六本木３丁目,六本木,東京都港区六本木3-1-1,35.6653635,139.7379918,エディション・コウジ シモムラ,フレンチ、イノベーティブ,BRONZE,"2025/bronze, 2020/bronze, 2019/bronze, 2018/-, 2017/-, 2023/hyakumeiten, 2021/hyakumeiten",4.04,607,"￥20,000～￥29,999","￥15,000～￥19,999",https://tabelog.com/tokyo/A1307/A130701/13042074/
,中央区,日本橋人形町２丁目,-,東京都中央区日本橋人形町2-10-11,35.685642,139.7840497,江戸前晋作,天ぷら,BRONZE,"2025/bronze, 2023/hyakumeiten",4.06,230,"￥20,000～￥29,999",-,https://tabelog.com/tokyo/A1302/A130204/13270572/
,新宿区,神楽坂５丁目,-,東京都新宿区神楽坂5-37,35.7013408,139.7391271,NK,日本料理、創作料理,SILVER,"2025/silver, 2024/silver, 2023/bronze, 2023/hyakumeiten",4.34,244,"￥40,000～￥49,999","￥40,000～￥49,999",https://tabelog.com/tokyo/A1309/A130905/13249655/
,渋谷区,恵比寿南１丁目,-,東京都渋谷区恵比寿南1-17-2,35.6446715,139.7104864,恵比寿 えんどう,寿司,BRONZE,"2025/bronze, 2022/hyakumeiten, 2021/hyakumeiten",3.91,309,"￥20,000～￥29,999","￥15,000～￥19,999",https://tabelog.com/tokyo/A1303/A130302/13231081/
,渋谷区,恵比寿１丁目,-,東京都渋谷区恵比寿1-11-5,35.6463317,139.7117979,蕃 YORONIKU,焼肉、ホルモン,SILVER,"2025/silver, 2024/silver, 2023/silver, 2022/silver, 2021/silver, 2020/silver, 2019/silver, 2018/-, 2024/hyakumeiten, 2023/hyakumeiten, 2022/hyakumeiten, 2021/hyakumeiten, 2020/hyakumeiten, 2019/hyakumeiten, 2018/hyakumeiten",4.35,1566,"￥10,000～￥14,999",-,https://tabelog.com/tokyo/A1303/A130302/13211927/
,新宿区,荒木町７丁目,-,東京都新宿区荒木町7-13,35.6891044,139.7222649,オオクサ,焼き鳥,BRONZE,"2025/bronze, 2024/silver, 2023/silver, 2022/silver, 2021/bronze, 2024/hyakumeiten, 2023/hyakumeiten, 2022/hyakumeiten, 2021/hyakumeiten",4.37,376,"￥8,000～￥9,999",-,https://tabelog.com/tokyo/A1309/A130903/13240980/
,港区,芝大門１丁目,-,東京都港区芝大門1-2-2,35.6601761,139.7545584,御成門はる,日本料理,BRONZE,"2025/bronze, 2022/bronze, 2023/hyakumeiten, 2021/hyakumeiten",4.03,188,"￥20,000～￥29,999",-,https://tabelog.com/tokyo/A1314/A131401/13233057/
,中央区,銀座１丁目,-,東京都中央区銀座1-14-6,35.6730276,139.7697806,おにく 花柳,牛料理,BRONZE,2025/bronze,4.00,173,"￥30,000～￥39,999",-,https://tabelog.com/tokyo/A1301/A130101/13278579/
,港区,虎ノ門３丁目,虎ノ門,東京都港区虎ノ門3-17-1,35.6640428,139.7464543,おみ乃 神谷町,焼き鳥、鳥料理,BRONZE,"2025/bronze, 2024/hyakumeiten, 2023/hyakumeiten, 2022/hyakumeiten",3.94,371,"￥15,000～￥19,999",-,https://tabelog.com/tokyo/A1307/A130704/13255846/
,港区,南麻布４丁目,-,東京都港区南麻布4-5-66,35.6511293,139.7237414,薫 HIROO,イノベーティブ、フレンチ、イタリアン,BRONZE,"2025/bronze, 2024/bronze, 2023/bronze, 2022/bronze, 2021/bronze",4.22,179,"￥50,000～￥59,999","￥50,000～￥59,999",https://tabelog.com/tokyo/A1307/A130703/13238442/
,新宿区,神楽坂５丁目,-,東京都新宿区神楽坂5-37,35.7013408,139.7391271,神楽坂 石かわ,日本料理,SILVER,"2025/silver, 2024/silver, 2023/silver, 2022/silver, 2021/silver, 2020/silver, 2019/silver, 2018/-, 2023/hyakumeiten, 2021/hyakumeiten",4.40,614,"￥50,000～￥59,999","￥50,000～￥59,999",https://tabelog.com/tokyo/A1309/A130905/13004079/
,新宿区,東五軒町５丁目,-,東京都新宿区東五軒町5-5,35.7063525,139.7397557,かさ原,焼き鳥,GOLD,"2025/gold, 2024/gold, 2024/hyakumeiten, 2023/hyakumeiten, 2022/hyakumeiten",4.50,378,"￥20,000～￥29,999",-,https://tabelog.com/tokyo/A1309/A130905/13266251/
,港区,西麻布２丁目,-,東京都港区西麻布2-16-4,35.6617,139.7207781,割烹 室井,日本料理,BRONZE,2025/bronze,4.06,82,"￥50,000～￥59,999",-,https://tabelog.com/tokyo/A1307/A130701/13286652/
,中央区,日本橋人形町１丁目,-,東京都中央区日本橋人形町1-5-5,35.6853323,139.7817067,川田,日本料理,BRONZE,"2025/bronze, 2022/bronze, 2021/bronze, 2023/hyakumeiten, 2021/hyakumeiten",4.01,199,"￥40,000～￥49,999",-,https://tabelog.com/tokyo/A1302/A130204/13232330/
,中央区,,-,東京都中央区,-,-,かわむら,ステーキ,BRONZE,"2025/bronze, 2024/bronze, 2023/bronze, 2022/bronze, 2021/bronze, 2020/bronze, 2019/bronze, 2018/-, 2024/hyakumeiten, 2022/hyakumeiten, 2021/hyakumeiten",4.30,194,"￥100,000～",-,https://tabelog.com/tokyo/A1301/A130101/13016506/
,港区,六本木４丁目,六本木,東京都港区六本木4-12-5,35.6644785,139.7316233,感情,日本料理、鳥料理、そば,BRONZE,"2025/bronze, 2023/hyakumeiten",4.06,161,"￥30,000～￥39,999",-,https://tabelog.com/tokyo/A1307/A130701/13267945/
,品川区,北品川６丁目,-,東京都品川区北品川6-7-29,35.6237579,139.7338284,カンテサンス,フレンチ,SILVER,"2025/silver, 2024/gold, 2023/gold, 2022/gold, 2021/gold, 2020/gold, 2019/gold, 2018/-, 2023/hyakumeiten, 2021/hyakumeiten",4.53,1605,"￥30,000～￥39,999",-,https://tabelog.com/tokyo/A1314/A131405/13159567/
,中央区,日本橋室町２丁目,日八京,東京都中央区日本橋室町2-1-1,35.686372,139.7731296,広東料理 センス,中華料理、飲茶・点心,BRONZE,"2025/bronze, 2022/bronze, 2021/bronze, 2020/bronze, 2019/bronze, 2018/-, 2017/-, 2024/hyakumeiten, 2023/hyakumeiten, 2021/hyakumeiten",3.96,1003,"￥15,000～￥19,999","￥8,000～￥9,999",https://tabelog.com/tokyo/A1302/A130202/13020361/
,千代田区,紀尾井町１丁目,-,東京都千代田区紀尾井町1-2,35.6797366,139.7380407,紀尾井町 三谷,寿司,BRONZE,"2025/bronze, 2023/bronze, 2022/bronze, 2021/bronze, 2020/bronze, 2019/bronze, 2018/-, 2022/hyakumeiten, 2021/hyakumeiten",4.09,658,-,-,https://tabelog.com/tokyo/A1308/A130801/13198197/
,港区,赤坂３丁目,赤坂,東京都港区赤坂3-21-10,35.6764362,139.735884,きざ㐂,寿司,BRONZE,"2025/bronze, 2022/hyakumeiten, 2021/hyakumeiten",4.02,421,"￥20,000～￥29,999","￥10,000～￥14,999",https://tabelog.com/tokyo/A1308/A130801/13221218/
,新宿区,四谷三栄町１５丁目,-,東京都新宿区四谷三栄町15-2,35.6885631,139.7270337,北島亭,フレンチ,BRONZE,"2025/bronze, 2024/bronze, 2023/bronze, 2022/bronze, 2021/bronze, 2020/bronze, 2019/bronze, 2018/-, 2023/hyakumeiten, 2021/hyakumeiten",4.02,519,"￥20,000～￥29,999","￥20,000～￥29,999",https://tabelog.com/tokyo/A1309/A130902/13000945/
,新宿区,東五軒町５丁目,-,東京都新宿区東五軒町5-5,35.7063525,139.7397557,紀茂登,日本料理,SILVER,"2025/silver, 2024/silver, 2023/silver, 2022/silver, 2021/silver, 2020/silver, 2023/hyakumeiten, 2021/hyakumeiten",4.44,403,"￥80,000～￥99,999",-,https://tabelog.com/tokyo/A1309/A130905/13226856/
,中央区,銀座５丁目,-,東京都中央区銀座5-5-18,35.6716281,139.7637047,きよ田 離れ,寿司,BRONZE,2025/bronze,4.13,37,"￥100,000～",-,https://tabelog.com/tokyo/A1301/A130101/13256392/
,中央区,銀座２丁目,-,東京都中央区銀座2-10-11,35.6720816,139.7682929,銀座 大石,フレンチ,SILVER,"2025/silver, 2024/silver, 2023/silver, 2022/silver, 2021/silver, 2023/hyakumeiten, 2021/hyakumeiten",4.43,675,"￥40,000～￥49,999","￥40,000～￥49,999",https://tabelog.com/tokyo/A1301/A130101/13238352/
,中央区,銀座２丁目,-,東京都中央区銀座2-10-11,35.6720816,139.7682929,銀座 きた川,日本料理、天ぷら,SILVER,"2025/silver, 2024/silver, 2023/hyakumeiten",4.36,294,"￥30,000～￥39,999",-,https://tabelog.com/tokyo/A1301/A130101/13275790/
,中央区,銀座７丁目,-,東京都中央区銀座7-4-5,35.6701249,139.7611427,銀座 きた福,かに、日本料理、すっぽん,BRONZE,"2025/bronze, 2024/bronze, 2023/bronze, 2022/bronze, 2021/bronze, 2020/bronze, 2019/bronze, 2018/-",3.98,253,"￥40,000～￥49,999","￥40,000～￥49,999",https://tabelog.com/tokyo/A1301/A130101/13183900/
,中央区,銀座２丁目,-,東京都中央区銀座2-8-17,35.6729358,139.7678235,銀座 しのはら,日本料理,GOLD,"2025/gold, 2024/gold, 2023/gold, 2022/gold, 2021/gold, 2020/gold, 2019/gold, 2018/-, 2023/hyakumeiten, 2021/hyakumeiten",4.55,1114,"￥40,000～￥49,999","￥40,000～￥49,999",https://tabelog.com/tokyo/A1301/A130101/13200949/
,中央区,銀座７丁目,-,東京都中央区銀座7-5-15,35.6697935,139.7610478,銀座 上瀧,中華料理、四川料理,BRONZE,"2025/bronze, 2024/bronze, 2024/hyakumeiten, 2023/hyakumeiten",4.07,56,"￥50,000～￥59,999","￥40,000～￥49,999",https://tabelog.com/tokyo/A1301/A130101/13267801/
,中央区,銀座３丁目,-,東京都中央区銀座3-3-6,35.6731203,139.7655234,銀座ふじやま,日本料理,BRONZE,"2025/bronze, 2024/bronze, 2023/bronze, 2022/bronze, 2021/bronze, 2020/bronze, 2023/hyakumeiten, 2021/hyakumeiten",4.03,128,"￥40,000～￥49,999","￥40,000～￥49,999",https://tabelog.com/tokyo/A1301/A130101/13232735/
,中央区,銀座４丁目,-,東京都中央区銀座4-5-5,35.6718956,139.7653829,銀座 レカン,フレンチ,BRONZE,"2025/bronze, 2023/bronze, 2022/bronze, 2021/bronze, 2020/bronze, 2019/bronze, 2018/-, 2023/hyakumeiten, 2021/hyakumeiten",4.14,818,"￥20,000～￥29,999","￥10,000～￥14,999",https://tabelog.com/tokyo/A1301/A130101/13002444/
,新宿区,四谷１丁目,-,東京都新宿区四谷1-9-4,35.6860739,139.7279873,くすのき 本店,天ぷら,SILVER,"2025/silver, 2024/silver, 2023/silver, 2022/silver, 2021/silver, 2020/silver, 2023/hyakumeiten, 2022/hyakumeiten",4.35,309,"￥100,000～","￥40,000～￥49,999",https://tabelog.com/tokyo/A1309/A130902/13223239/
,港区,芝公園１丁目,-,東京都港区芝公園1-7-10,35.6574137,139.7526412,くろぎ,日本料理,BRONZE,"2025/bronze, 2024/bronze, 2023/bronze, 2022/bronze, 2021/bronze, 2020/bronze, 2019/bronze, 2017/-, 2023/hyakumeiten, 2021/hyakumeiten",4.21,387,"￥50,000～￥59,999","￥50,000～￥59,999",https://tabelog.com/tokyo/A1314/A131401/13094789/
,港区,南青山４丁目,-,東京都港区南青山4-16-15,35.6660014,139.7167799,くろ﨑,寿司,BRONZE,2025/bronze,4.13,217,"￥60,000～￥79,999",-,https://tabelog.com/tokyo/A1306/A130602/13268824/
,新宿区,神楽坂４丁目,-,東京都新宿区神楽坂4-3,35.7018057,139.7400296,愚直に,日本料理,BRONZE,"2025/bronze, 2023/hyakumeiten",4.05,158,"￥30,000～￥39,999",-,https://tabelog.com/tokyo/A1309/A130905/13251541/
,港区,西麻布３丁目,-,東京都港区西麻布3丁目17-23,35.6580758,139.7239833,グルマンディーズ,ビストロ,SILVER,"2025/silver, 2024/gold, 2023/silver, 2022/silver, 2021/silver, 2020/silver, 2019/silver, 2023/hyakumeiten, 2021/hyakumeiten",4.48,319,-,-,https://tabelog.com/tokyo/A1307/A130701/13190448/
,港区,西新橋２丁目,虎ノ門,東京都港区西新橋2-13-6,35.6668319,139.7516011,港式料理 鴻禧,中華料理,BRONZE,"2025/bronze, 2024/hyakumeiten, 2023/hyakumeiten",4.04,92,"￥20,000～￥29,999",-,https://tabelog.com/tokyo/A1308/A130802/13274319/
,港区,六本木３丁目,六本木,東京都港区六本木3-8-7,35.6631657,139.7345428,虎峰,中華料理,BRONZE,"2025/bronze, 2024/bronze, 2023/bronze, 2022/bronze, 2021/bronze, 2020/silver, 2019/silver, 2018/-, 2024/hyakumeiten, 2023/hyakumeiten, 2021/hyakumeiten",4.24,666,"￥20,000～￥29,999",-,https://tabelog.com/tokyo/A1307/A130701/13194122/
,港区,三田５丁目,-,東京都港区三田5-2-18,35.647217,139.7375566,コート ドール,フレンチ,BRONZE,"2025/bronze, 2024/silver, 2023/silver, 2022/silver, 2021/silver, 2020/silver, 2019/silver, 2018/-, 2023/hyakumeiten, 2021/hyakumeiten",4.25,769,"￥20,000～￥29,999","￥6,000～￥7,999",https://tabelog.com/tokyo/A1316/A131602/13001681/
,港区,南麻布４丁目,-,東京都港区南麻布4-7-5,35.6495836,139.7283406,茶禅華,中華料理,GOLD,"2025/gold, 2024/gold, 2023/gold, 2022/gold, 2021/gold, 2020/silver, 2019/gold, 2018/-, 2024/hyakumeiten, 2023/hyakumeiten, 2021/hyakumeiten",4.53,718,"￥50,000～￥59,999",-,https://tabelog.com/tokyo/A1307/A130703/13205298/
,中央区,銀座５丁目,-,東京都中央区銀座5-9-19,35.6704576,139.765284,さわ田,寿司,GOLD,"2025/gold, 2024/silver, 2023/gold, 2022/gold, 2021/gold, 2020/silver, 2019/silver, 2018/-, 2022/hyakumeiten, 2021/hyakumeiten",4.55,524,"￥50,000～￥59,999","￥40,000～￥49,999",https://tabelog.com/tokyo/A1301/A130101/13001043/
,港区,白金台５丁目,-,東京都港区白金台5-13-14,35.6377436,139.7227802,三和,イタリアン、ステーキ、バル,SILVER,"2025/silver, 2024/silver, 2023/hyakumeiten",4.33,327,"￥20,000～￥29,999",-,https://tabelog.com/tokyo/A1316/A131602/13264755/
,中央区,京橋２丁目,日八京,東京都中央区京橋2-4-16,35.6768788,139.7689619,シェ・イノ,フレンチ,GOLD,"2025/gold, 2024/silver, 2023/silver, 2022/bronze, 2021/bronze, 2020/bronze, 2019/bronze, 2018/-, 2023/hyakumeiten, 2021/hyakumeiten",4.35,885,"￥30,000～￥39,999","￥15,000～￥19,999",https://tabelog.com/tokyo/A1302/A130202/13000510/
,渋谷区,上原１丁目,-,東京都渋谷区上原1-35-3,35.6695465,139.6821355,sio,イノベーティブ、フレンチ、イタリアン,BRONZE,"2025/bronze, 2020/bronze, 2019/bronze, 2018/-, 2021/hyakumeiten",3.95,728,"￥15,000～￥19,999","￥10,000～￥14,999",https://tabelog.com/tokyo/A1318/A131811/13150395/
,港区,白金台４丁目,-,東京都港区白金台4-2-7,35.6393592,139.7281112,ShinoiS,中華料理,BRONZE,"2025/bronze, 2024/bronze, 2023/bronze, 2022/bronze, 2021/silver, 2024/hyakumeiten, 2023/hyakumeiten, 2021/hyakumeiten",4.28,316,"￥50,000～￥59,999",-,https://tabelog.com/tokyo/A1316/A131602/13241948/
,港区,白金１丁目,-,東京都港区白金1-29-13,35.643222,139.7336488,島津,寿司,SILVER,"2025/silver, 2024/silver, 2023/silver, 2022/bronze, 2022/hyakumeiten, 2021/hyakumeiten",4.49,417,"￥40,000～￥49,999",-,https://tabelog.com/tokyo/A1316/A131602/13252991/
,新宿区,荒木町６丁目,-,東京都新宿区荒木町6-39,35.689235,139.7226138,車力門 おの澤,日本料理、そば,BRONZE,"2025/bronze, 2023/hyakumeiten",3.98,268,"￥30,000～￥39,999",-,https://tabelog.com/tokyo/A1309/A130903/13247076/
,港区,白金台５丁目,-,東京都港区白金台5-11-3,35.6411898,139.7195315,白金台こばやし,日本料理,BRONZE,"2025/bronze, 2022/bronze, 2021/bronze, 2020/bronze, 2023/hyakumeiten, 2021/hyakumeiten",3.85,168,"￥30,000～￥39,999","￥15,000～￥19,999",https://tabelog.com/tokyo/A1316/A131602/13162454/
,渋谷区,千駄ヶ谷３丁目,-,東京都渋谷区千駄ヶ谷3-7-13,35.6769032,139.7043254,sincere,フレンチ,BRONZE,"2025/bronze, 2024/bronze, 2023/bronze, 2022/bronze, 2021/bronze, 2020/bronze, 2019/silver, 2018/-, 2023/hyakumeiten, 2021/hyakumeiten",4.25,512,"￥20,000～￥29,999",-,https://tabelog.com/tokyo/A1309/A130901/13194253/
,港区,西新橋１丁目,虎ノ門,東京都港区西新橋1-23-7,35.6681603,139.7515587,新ばし 笹田,日本料理,BRONZE,"2025/bronze, 2022/bronze, 2021/bronze, 2020/bronze, 2019/bronze, 2018/-, 2017/-, 2023/hyakumeiten, 2021/hyakumeiten",3.97,160,-,-,https://tabelog.com/tokyo/A1301/A130103/13020781/
,港区,新橋２丁目,虎ノ門広域,東京都港区新橋2-15-10,35.6663414,139.7566148,新ばし しみづ,寿司,SILVER,"2025/silver, 2024/bronze, 2023/bronze, 2022/bronze, 2021/bronze, 2020/silver, 2019/bronze, 2018/-, 2022/hyakumeiten, 2021/hyakumeiten",4.25,634,"￥20,000～￥29,999","￥20,000～￥29,999",https://tabelog.com/tokyo/A1301/A130103/13002892/
,港区,新橋５丁目,虎ノ門広域,東京都港区新橋5-31-3,35.6624582,139.7553081,新ばし 星野,日本料理,GOLD,"2025/gold, 2024/gold, 2023/gold, 2022/gold, 2021/gold, 2020/gold, 2018/-, 2017/-, 2023/hyakumeiten, 2021/hyakumeiten",4.63,261,-,-,https://tabelog.com/tokyo/A1314/A131401/13136847/
,渋谷区,,-,東京都渋谷区,-,-,末冨,日本料理,SILVER,"2025/silver, 2024/silver, 2023/silver, 2023/hyakumeiten",4.45,136,-,-,https://tabelog.com/tokyo/A1303/A130301/13259485/
,港区,東麻布１丁目,-,東京都港区東麻布1-29-15,35.6553562,139.7425699,すが弥,寿司,BRONZE,"2025/bronze, 2024/bronze, 2023/bronze, 2022/bronze, 2021/bronze, 2022/hyakumeiten, 2021/hyakumeiten",4.26,469,"￥60,000～￥79,999",-,https://tabelog.com/tokyo/A1314/A131401/13228776/
,港区,麻布台１丁目,虎ノ門,東京都港区麻布台1-11-10,35.6609477,139.743757,SUGALABO,イノベーティブ、創作料理,SILVER,"2025/silver, 2024/silver, 2023/silver, 2022/silver, 2021/silver, 2020/silver, 2019/gold, 2018/-",4.50,708,"￥50,000～￥59,999",-,https://tabelog.com/tokyo/A1307/A130704/13182678/
,港区,北青山３丁目,-,東京都港区北青山3-10-13,35.6643837,139.7105042,鮨 あお,寿司,BRONZE,"2025/bronze, 2022/hyakumeiten, 2021/hyakumeiten",3.97,276,"￥30,000～￥39,999","￥30,000～￥39,999",https://tabelog.com/tokyo/A1306/A130602/13246982/
,渋谷区,恵比寿２丁目,-,東京都渋谷区恵比寿2-37-8,35.6453541,139.7223369,すし 良月,寿司,SILVER,"2025/silver, 2024/silver, 2022/hyakumeiten, 2021/hyakumeiten",4.37,290,"￥40,000～￥49,999","￥40,000～￥49,999",https://tabelog.com/tokyo/A1303/A130302/13241432/
,中央区,銀座８丁目,-,東京都中央区銀座8-10-2,35.6680421,139.7627122,鮨 あらい,寿司,GOLD,"2025/gold, 2024/gold, 2023/gold, 2022/gold, 2021/gold, 2020/gold, 2019/silver, 2018/-, 2022/hyakumeiten, 2021/hyakumeiten",4.58,828,"￥50,000～￥59,999","￥50,000～￥59,999",https://tabelog.com/tokyo/A1301/A130101/13188186/
,港区,六本木１丁目,虎ノ門,東京都港区六本木1-4-5,35.6656942,139.7394446,鮨 さいとう,寿司,GOLD,"2025/gold, 2024/gold, 2023/gold, 2022/gold, 2021/gold, 2020/gold, 2019/gold, 2018/-, 2022/hyakumeiten, 2021/hyakumeiten",4.58,1164,"￥30,000～￥39,999","￥30,000～￥39,999",https://tabelog.com/tokyo/A1308/A130802/13015251/
,中央区,銀座６丁目,-,東京都中央区銀座6-3-18,35.6717568,139.7612864,鮨 さえ喜,寿司,BRONZE,"2025/bronze, 2022/bronze, 2021/bronze, 2022/hyakumeiten, 2021/hyakumeiten",4.06,199,-,-,https://tabelog.com/tokyo/A1301/A130101/13239506/
,渋谷区,広尾５丁目,-,東京都渋谷区広尾5-3-13,35.6505884,139.7211304,鮨 在,寿司、海鮮,BRONZE,"2025/bronze, 2022/hyakumeiten",3.89,386,"￥20,000～￥29,999","￥20,000～￥29,999",https://tabelog.com/tokyo/A1307/A130703/13233764/
,港区,元麻布３丁目,-,東京都港区元麻布3-6-34,35.6570579,139.7287062,鮨しゅんじ,寿司,BRONZE,2025/bronze,4.14,126,"￥50,000～￥59,999",-,https://tabelog.com/tokyo/A1307/A130701/13282687/
,新宿区,四谷１丁目,-,東京都新宿区四谷1-11,35.6855246,139.7275924,すし匠,寿司,SILVER,"2025/silver, 2024/silver, 2023/silver, 2022/silver, 2021/silver, 2020/silver, 2019/silver, 2018/-, 2022/hyakumeiten, 2021/hyakumeiten",4.44,1027,-,-,https://tabelog.com/tokyo/A1309/A130902/13000852/
,港区,赤坂４丁目,赤坂,東京都港区赤坂4-2-2,35.6761426,139.7356764,すし匠 齋藤,寿司,BRONZE,"2025/bronze, 2024/bronze, 2023/bronze, 2022/bronze, 2021/bronze, 2020/bronze, 2019/bronze, 2018/-, 2022/hyakumeiten, 2021/hyakumeiten",4.27,426,-,-,https://tabelog.com/tokyo/A1308/A130801/13023988/
,中央区,銀座７丁目,-,東京都中央区銀座7-11-6,35.6682565,139.7635663,寿司 健,寿司,BRONZE,2025/bronze,3.99,118,"￥50,000～￥59,999","￥50,000～￥59,999",https://tabelog.com/tokyo/A1301/A130101/13271362/
,中央区,築地３丁目,-,東京都中央区築地3-7-2,35.6679247,139.7737482,鮨処 やまと,寿司,BRONZE,"2025/bronze, 2024/bronze, 2022/hyakumeiten",4.29,416,"￥20,000～￥29,999","￥20,000～￥29,999",https://tabelog.com/tokyo/A1313/A131301/13262384/
,千代田区,有楽町１丁目,大丸有,東京都千代田区有楽町1-1-2,35.6742704,139.7592781,鮨 なんば 日比谷,寿司,SILVER,"2025/silver, 2024/gold, 2023/gold, 2022/gold, 2021/gold, 2020/gold, 2019/silver, 2022/hyakumeiten, 2021/hyakumeiten",4.53,808,-,-,https://tabelog.com/tokyo/A1301/A130102/13219857/
,港区,元赤坂１丁目,赤坂,東京都港区元赤坂1-5-20,35.6775332,139.7324515,鮨 はしぐち,寿司,BRONZE,"2025/bronze, 2024/bronze, 2023/bronze, 2022/silver, 2021/silver, 2020/bronze, 2019/silver, 2018/-, 2022/hyakumeiten, 2021/hyakumeiten",4.29,239,-,-,https://tabelog.com/tokyo/A1308/A130801/13134517/
,中央区,新富１丁目,-,東京都中央区新富1-8-2,35.6729301,139.7744693,鮨 はしもと,寿司,SILVER,"2025/silver, 2024/silver, 2023/silver, 2022/silver, 2021/silver, 2022/hyakumeiten, 2021/hyakumeiten",4.40,527,"￥30,000～￥39,999","￥30,000～￥39,999",https://tabelog.com/tokyo/A1313/A131301/13238306/
,港区,南青山３丁目,-,東京都港区南青山3-14-27,35.6655992,139.7146293,鮨 ます田,寿司,BRONZE,"2025/bronze, 2022/hyakumeiten",4.03,151,"￥40,000～￥49,999","￥40,000～￥49,999",https://tabelog.com/tokyo/A1306/A130602/13268503/
,港区,白金５丁目,-,東京都港区白金5-7-8,35.6444824,139.7276922,鮨 まつうら,寿司、日本料理,BRONZE,"2025/bronze, 2022/hyakumeiten",4.05,213,"￥30,000～￥39,999","￥30,000～￥39,999",https://tabelog.com/tokyo/A1316/A131602/13239788/
,千代田区,一番町３丁目,-,東京都千代田区一番町3-8,35.6877165,139.7433184,鮨 みずかみ,寿司,BRONZE,"2025/bronze, 2024/bronze, 2023/bronze, 2022/hyakumeiten, 2021/hyakumeiten",4.26,250,"￥40,000～￥49,999",-,https://tabelog.com/tokyo/A1308/A130803/13220742/
,港区,麻布十番１丁目,-,東京都港区麻布十番1-6-1,35.6566991,139.7343481,鮨 めい乃,寿司,SILVER,2025/silver,4.05,52,"￥50,000～￥59,999",-,https://tabelog.com/tokyo/A1307/A130702/13292357/
,中央区,銀座７丁目,-,東京都中央区銀座7-8-13,35.668884,139.7620231,鮨 よしたけ,寿司,BRONZE,"2025/bronze, 2024/bronze, 2023/bronze, 2019/bronze, 2018/-, 2022/hyakumeiten, 2021/hyakumeiten",4.11,208,-,-,https://tabelog.com/tokyo/A1301/A130101/13024076/
,港区,南青山２丁目,-,東京都港区南青山2-11-11,35.6712475,139.7209746,鮨 龍次郎,寿司,SILVER,"2025/silver, 2024/silver, 2023/silver, 2022/silver, 2021/bronze, 2022/hyakumeiten, 2021/hyakumeiten",4.35,704,"￥30,000～￥39,999","￥20,000～￥29,999",https://tabelog.com/tokyo/A1306/A130603/13240787/
,港区,西麻布１丁目,-,東京都港区西麻布1-9-5,35.6611846,139.7253052,鈴田式,日本料理,BRONZE,2025/bronze,4.14,175,"￥60,000～￥79,999",-,https://tabelog.com/tokyo/A1307/A130701/13293100/
,千代田区,六番町４丁目,-,東京都千代田区六番町4-3,35.6891599,139.7352518,炭火焼肉 なかはら,焼肉,BRONZE,"2025/bronze, 2024/bronze, 2023/bronze, 2022/bronze, 2021/bronze, 2020/bronze, 2019/bronze, 2018/-, 2024/hyakumeiten, 2023/hyakumeiten, 2022/hyakumeiten, 2021/hyakumeiten, 2020/hyakumeiten, 2019/hyakumeiten, 2018/hyakumeiten",4.09,681,"￥20,000～￥29,999",-,https://tabelog.com/tokyo/A1309/A130904/13175110/
,渋谷区,宇田川町１１丁目,-,東京都渋谷区宇田川町11-1,35.6626422,139.6972857,炭火焼 ゆうじ,ホルモン、焼肉,BRONZE,"2025/bronze, 2024/bronze, 2023/bronze, 2022/bronze, 2021/bronze, 2020/bronze, 2019/silver, 2018/-, 2024/hyakumeiten, 2023/hyakumeiten, 2022/hyakumeiten, 2021/hyakumeiten, 2020/hyakumeiten, 2019/hyakumeiten, 2018/hyakumeiten",4.11,1846,"￥6,000～￥7,999",-,https://tabelog.com/tokyo/A1303/A130301/13001794/
,港区,白金３丁目,-,東京都港区白金3-14-1,35.6453454,139.7283008,炭焼 金竜山,焼肉,BRONZE,"2025/bronze, 2024/bronze, 2023/bronze, 2022/bronze, 2021/bronze, 2020/bronze, 2019/bronze, 2018/-, 2024/hyakumeiten, 2023/hyakumeiten, 2022/hyakumeiten, 2021/hyakumeiten, 2020/hyakumeiten, 2019/hyakumeiten, 2018/hyakumeiten",4.34,959,-,-,https://tabelog.com/tokyo/A1316/A131602/13001625/
,中央区,銀座６丁目,-,東京都中央区銀座6-8-7,35.6701648,139.7627533,スリオラ,スペイン料理,BRONZE,"2025/bronze, 2024/bronze, 2023/bronze, 2022/bronze, 2021/bronze, 2020/bronze, 2019/bronze, 2018/-, 2024/hyakumeiten",4.25,597,"￥15,000～￥19,999","￥8,000～￥9,999",https://tabelog.com/tokyo/A1301/A130101/13125046/
,千代田区,丸の内１丁目,大丸有,東京都千代田区丸の内1-11-1,35.6782087,139.7669714,SEZANNE,フレンチ,SILVER,"2025/silver, 2024/silver, 2023/silver, 2023/hyakumeiten",4.34,363,"￥60,000～￥79,999","￥60,000～￥79,999",https://tabelog.com/tokyo/A1302/A130201/13256878/
,中央区,銀座６丁目,-,東京都中央区銀座6-4-3,35.6715104,139.7618457,雪月花 銀座,牛料理、日本料理,BRONZE,"2025/bronze, 2024/hyakumeiten, 2023/hyakumeiten, 2022/hyakumeiten",3.97,184,"￥30,000～￥39,999",-,https://tabelog.com/tokyo/A1301/A130101/13249568/
,港区,麻布十番２丁目,-,東京都港区麻布十番2-8-6,35.6555762,139.7346486,たきや,天ぷら,SILVER,"2025/silver, 2024/gold, 2023/silver, 2022/gold, 2021/silver, 2020/silver, 2018/-, 2017/-, 2023/hyakumeiten, 2022/hyakumeiten",4.53,334,"￥40,000～￥49,999",-,https://tabelog.com/tokyo/A1307/A130702/13185763/
,渋谷区,恵比寿西２丁目,-,東京都渋谷区恵比寿西2-13-16,35.6508458,139.7060166,TACUBO,イタリアン,SILVER,"2025/silver, 2024/silver, 2023/silver, 2022/silver, 2021/silver, 2020/silver, 2019/silver, 2018/-, 2023/hyakumeiten, 2021/hyakumeiten",4.43,887,"￥40,000～￥49,999",-,https://tabelog.com/tokyo/A1303/A130303/13109940/
,港区,南青山２丁目,-,東京都港区南青山2-2-15,35.6714095,139.7238788,匠 進吾,寿司,BRONZE,"2025/bronze, 2024/bronze, 2023/bronze, 2022/bronze, 2021/bronze, 2020/bronze, 2019/bronze, 2018/-, 2022/hyakumeiten, 2021/hyakumeiten",4.28,296,"￥30,000～￥39,999",-,https://tabelog.com/tokyo/A1306/A130603/13155925/
,渋谷区,神宮前５丁目,-,東京都渋谷区神宮前5-23-3,35.6644778,139.7046895,玉笑,そば,BRONZE,"2025/bronze, 2024/bronze, 2023/bronze, 2022/bronze, 2021/bronze, 2020/bronze, 2019/bronze, 2018/-, 2024/hyakumeiten, 2022/hyakumeiten, 2021/hyakumeiten, 2019/hyakumeiten, 2018/hyakumeiten, 2017/hyakumeiten",4.24,1585,"￥5,000～￥5,999","￥2,000～￥2,999",https://tabelog.com/tokyo/A1306/A130601/13129390/
,千代田区,紀尾井町１丁目,-,東京都千代田区紀尾井町1-3,35.6787667,139.7380662,CHIUnE,イノベーティブ、フレンチ,SILVER,2025/silver,4.21,105,"￥80,000～￥99,999",-,https://tabelog.com/tokyo/A1308/A130801/13295095/
,中央区,八重洲２丁目,日八京,東京都中央区八重洲2-2-1,35.6794084,139.7689311,千葉たかおか,寿司,BRONZE,"2025/bronze, 2024/bronze",4.34,152,"￥30,000～￥39,999",-,https://tabelog.com/tokyo/A1302/A130201/13282854/
,港区,東麻布３丁目,-,東京都港区東麻布3-7-5,35.6562703,139.7385296,中国飯店 富麗華,中華料理,SILVER,"2025/silver, 2024/silver, 2023/silver, 2022/bronze, 2021/silver, 2020/silver, 2019/silver, 2018/-, 2024/hyakumeiten, 2023/hyakumeiten, 2021/hyakumeiten",4.27,2119,"￥15,000～￥19,999","￥6,000～￥7,999",https://tabelog.com/tokyo/A1307/A130702/13004967/
,港区,元麻布３丁目,-,東京都港区元麻布3-2-3,35.657563,139.7276683,對馬,中華料理、創作料理,BRONZE,"2025/bronze, 2024/hyakumeiten, 2023/hyakumeiten",4.16,228,"￥60,000～￥79,999","￥60,000～￥79,999",https://tabelog.com/tokyo/A1307/A130701/13245835/
,新宿区,荒木町,-,東京都新宿区荒木町15,35.6910773,139.7246981,津の守坂 小柴,日本料理,BRONZE,"2025/bronze, 2024/bronze, 2023/bronze, 2022/bronze, 2021/silver, 2020/bronze, 2023/hyakumeiten, 2021/hyakumeiten",4.27,198,"￥20,000～￥29,999","￥20,000～￥29,999",https://tabelog.com/tokyo/A1309/A130903/13200286/
,中央区,日本橋２丁目,日八京,東京都中央区日本橋2-10-11,35.6809812,139.7746068,天ぷら浅沼,天ぷら,SILVER,"2025/silver, 2023/hyakumeiten",4.11,304,"￥15,000～￥19,999","￥15,000～￥19,999",https://tabelog.com/tokyo/A1302/A130202/13275655/
,中央区,銀座５丁目,-,東京都中央区銀座5-5-13,35.6711228,139.7630816,てんぷら 近藤,天ぷら,BRONZE,"2025/bronze, 2020/bronze, 2019/bronze, 2018/-, 2023/hyakumeiten, 2022/hyakumeiten",4.05,931,"￥20,000～￥29,999","￥8,000～￥9,999",https://tabelog.com/tokyo/A1301/A130101/13004993/
,中央区,京橋２丁目,日八京,東京都中央区京橋2-5-2,35.6764566,139.7704595,てんぷら 深町,天ぷら,BRONZE,"2025/bronze, 2024/bronze, 2023/bronze, 2022/bronze, 2021/bronze, 2020/silver, 2019/silver, 2018/-, 2023/hyakumeiten, 2022/hyakumeiten",4.25,898,"￥20,000～￥29,999","￥10,000～￥14,999",https://tabelog.com/tokyo/A1302/A130202/13004105/
,渋谷区,神宮前２丁目,-,東京都渋谷区神宮前2-3-18,35.6731932,139.7127606,傳,創作料理,SILVER,"2025/silver, 2024/silver, 2023/silver, 2022/bronze, 2021/silver, 2020/silver, 2019/silver, 2018/-",4.32,287,-,-,https://tabelog.com/tokyo/A1306/A130603/13046855/
,千代田区,紀尾井町４丁目,-,東京都千代田区紀尾井町4-1,35.6810328,139.7340679,トゥールダルジャン 東京,フレンチ,BRONZE,"2025/bronze, 2024/bronze, 2023/bronze, 2022/bronze, 2021/bronze, 2020/bronze, 2019/bronze, 2018/-, 2023/hyakumeiten, 2021/hyakumeiten",4.04,617,"￥30,000～￥39,999","￥15,000～￥19,999",https://tabelog.com/tokyo/A1308/A130803/13000288/
,新宿区,大久保１丁目,-,東京都新宿区大久保1-12-3,35.6985348,139.7034628,東京肉しゃぶ家,しゃぶしゃぶ、すき焼き、牛料理,BRONZE,"2025/bronze, 2024/bronze, 2023/bronze, 2022/bronze, 2021/bronze, 2020/bronze, 2019/bronze, 2024/hyakumeiten",3.99,560,"￥30,000～￥39,999","￥20,000～￥29,999",https://tabelog.com/tokyo/A1304/A130401/13196268/
,中央区,銀座８丁目,-,東京都中央区銀座8-6-20,35.6686564,139.7605628,東京肉しゃぶ家 秀彬,しゃぶしゃぶ、すき焼き、牛料理,BRONZE,"2025/bronze, 2024/hyakumeiten",4.20,72,"￥50,000～￥59,999","￥30,000～￥39,999",https://tabelog.com/tokyo/A1301/A130101/13287203/
,港区,六本木４丁目,六本木,東京都港区六本木4-4-2,35.6652188,139.7324833,隼,中華料理、イノベーティブ,SILVER,"2025/silver, 2024/silver, 2023/bronze, 2022/bronze, 2024/hyakumeiten, 2023/hyakumeiten, 2021/hyakumeiten",4.35,404,"￥50,000～￥59,999",-,https://tabelog.com/tokyo/A1307/A130701/13225413/
,港区,新橋６丁目,虎ノ門広域,東京都港区新橋6-13-3,35.6619089,139.7540576,冨所,寿司,BRONZE,"2025/bronze, 2022/hyakumeiten, 2021/hyakumeiten",4.00,521,"￥20,000～￥29,999","￥20,000～￥29,999",https://tabelog.com/tokyo/A1314/A131401/13223846/
,港区,虎ノ門１丁目,虎ノ門,東京都港区虎ノ門1-11-14,35.6689553,139.7501934,と村,日本料理,BRONZE,"2025/bronze, 2024/bronze, 2023/bronze, 2022/bronze, 2021/bronze, 2020/silver, 2019/silver, 2018/-, 2023/hyakumeiten, 2021/hyakumeiten",4.25,180,"￥50,000～￥59,999",-,https://tabelog.com/tokyo/A1308/A130802/13005027/
,港区,西麻布４丁目,-,東京都港区西麻布4-18-17,35.6582048,139.7189629,鳥さわ22,焼き鳥,BRONZE,"2025/bronze, 2023/bronze, 2022/bronze, 2021/bronze, 2020/bronze, 2024/hyakumeiten, 2023/hyakumeiten, 2022/hyakumeiten, 2021/hyakumeiten, 2019/hyakumeiten",3.96,366,"￥8,000～￥9,999",-,https://tabelog.com/tokyo/A1307/A130703/13222625/
,品川区,上大崎２丁目,-,東京都品川区上大崎2-14-12,35.6342653,139.7169019,鳥しき,焼き鳥,SILVER,"2025/silver, 2024/silver, 2023/silver, 2022/gold, 2021/gold, 2020/gold, 2019/gold, 2018/-, 2024/hyakumeiten, 2023/hyakumeiten, 2022/hyakumeiten, 2021/hyakumeiten, 2019/hyakumeiten, 2018/hyakumeiten",4.46,1255,"￥6,000～￥7,999","￥8,000～￥9,999",https://tabelog.com/tokyo/A1316/A131601/13041029/
,渋谷区,代々木２丁目,-,東京都渋谷区代々木2-6-5,35.6879536,139.698908,鳥茂,もつ焼き,BRONZE,"2025/bronze, 2024/bronze, 2023/bronze, 2022/bronze, 2021/bronze, 2020/silver, 2019/silver, 2018/-",4.24,2411,"￥8,000～￥9,999",-,https://tabelog.com/tokyo/A1304/A130401/13001067/
,港区,南麻布１丁目,-,東京都港区南麻布1-27-7,35.6499925,139.7331743,鳥匠いし井ひな,焼き鳥、鳥料理,BRONZE,"2025/bronze, 2024/hyakumeiten, 2023/hyakumeiten, 2022/hyakumeiten",4.08,427,"￥15,000～￥19,999",-,https://tabelog.com/tokyo/A1307/A130702/13271040/
,渋谷区,鶯谷町７丁目,-,東京都渋谷区鶯谷町7-12,35.6540804,139.7022691,とり茶太郎,焼き鳥,SILVER,"2025/silver, 2024/hyakumeiten, 2023/hyakumeiten, 2022/hyakumeiten, 2021/hyakumeiten",4.11,588,"￥10,000～￥14,999",-,https://tabelog.com/tokyo/A1303/A130301/13157208/
,港区,,-,東京都港区,-,-,トレイス,イノベーティブ、フレンチ,SILVER,"2025/silver, 2024/silver, 2023/silver, 2022/silver",4.48,221,"￥40,000～￥49,999",-,https://tabelog.com/tokyo/A1307/A130703/13246316/
,港区,南青山２丁目,-,東京都港区南青山2-6-15,35.6715648,139.7218885,NARISAWA,イノベーティブ,SILVER,"2025/silver, 2024/silver, 2023/silver, 2022/silver, 2021/silver, 2020/silver, 2019/bronze, 2018/-",4.32,710,"￥80,000～￥99,999","￥80,000～￥99,999",https://tabelog.com/tokyo/A1306/A130603/13005423/
,港区,西麻布２丁目,-,東京都港区西麻布2-24-14,35.6601566,139.7224755,肉割烹 上,牛料理、日本料理,BRONZE,"2025/bronze, 2024/bronze, 2023/bronze, 2022/bronze, 2021/bronze, 2020/bronze, 2019/bronze",4.24,530,"￥20,000～￥29,999","￥15,000～￥19,999",https://tabelog.com/tokyo/A1307/A130701/13209614/
,中央区,銀座６丁目,-,東京都中央区銀座6-4-3,35.6715104,139.7618457,肉屋 田中,牛料理、日本料理,SILVER,"2025/silver, 2024/silver, 2023/silver, 2022/silver, 2021/silver",4.42,329,"￥60,000～￥79,999",-,https://tabelog.com/tokyo/A1301/A130101/13237628/
,中央区,日本橋蛎殻町１丁目,-,東京都中央区日本橋蛎殻町1-33-6,35.6818515,139.7849984,日本橋蛎殻町 すぎた,寿司,GOLD,"2025/gold, 2024/gold, 2023/gold, 2022/gold, 2021/gold, 2020/gold, 2019/gold, 2018/-, 2022/hyakumeiten, 2021/hyakumeiten",4.65,848,"￥40,000～￥49,999","￥40,000～￥49,999",https://tabelog.com/tokyo/A1302/A130204/13018162/
,中央区,日本橋人形町２丁目,-,東京都中央区日本橋人形町2-22-11,35.6862925,139.7845504,日本橋 蕎ノ字,天ぷら,SILVER,"2025/silver, 2024/silver, 2023/silver, 2022/bronze, 2021/bronze, 2020/bronze, 2019/bronze, 2023/hyakumeiten, 2022/hyakumeiten, 2017/hyakumeiten",4.38,414,"￥30,000～￥39,999","￥20,000～￥29,999",https://tabelog.com/tokyo/A1302/A130204/13201969/
,中央区,新富２丁目,-,東京都中央区新富2-5-5,35.6715885,139.7740274,日本料理 久丹,日本料理,BRONZE,"2025/bronze, 2023/hyakumeiten, 2021/hyakumeiten",4.04,208,"￥40,000～￥49,999",-,https://tabelog.com/tokyo/A1313/A131301/13220750/
,港区,三田２丁目,-,東京都港区三田2-17-29,35.6474366,139.7401592,日本料理 晴山,日本料理,GOLD,"2025/gold, 2024/gold, 2023/gold, 2022/silver, 2021/silver, 2020/silver, 2019/silver, 2018/-, 2023/hyakumeiten, 2021/hyakumeiten",4.45,985,"￥40,000～￥49,999","￥40,000～￥49,999",https://tabelog.com/tokyo/A1314/A131402/13127807/
,港区,北青山３丁目,-,東京都港区北青山3-13-1,35.6640889,139.7094477,日本料理 太月,日本料理,BRONZE,"2025/bronze, 2024/bronze, 2023/bronze, 2022/bronze, 2021/bronze, 2020/bronze, 2019/bronze, 2018/-, 2023/hyakumeiten, 2021/hyakumeiten",4.07,523,"￥20,000～￥29,999","￥10,000～￥14,999",https://tabelog.com/tokyo/A1306/A130602/13160021/
,港区,南青山４丁目,-,東京都港区南青山4-11-2,35.666029,139.718085,伯雲,日本料理,BRONZE,"2025/bronze, 2023/hyakumeiten",4.06,155,"￥30,000～￥39,999",-,https://tabelog.com/tokyo/A1306/A130603/13255456/
,港区,南麻布４丁目,-,東京都港区南麻布4-5-66,35.6511293,139.7237414,長谷川 稔,イノベーティブ、フレンチ、イタリアン,SILVER,"2025/silver, 2024/bronze, 2023/silver, 2022/silver, 2021/silver, 2020/silver, 2019/silver",4.39,250,"￥50,000～￥59,999","￥50,000～￥59,999",https://tabelog.com/tokyo/A1307/A130703/13220575/
,中央区,銀座６丁目,-,東京都中央区銀座6-7-6,35.670536,139.762782,はっこく,寿司,BRONZE,"2025/bronze, 2024/bronze, 2023/bronze, 2022/bronze, 2021/bronze, 2020/bronze, 2019/bronze, 2022/hyakumeiten, 2021/hyakumeiten",3.89,671,"￥30,000～￥39,999",-,https://tabelog.com/tokyo/A1301/A130101/13217157/
,新宿区,神楽坂５丁目,-,東京都新宿区神楽坂5-7,35.7021692,139.7390111,波濤,寿司,BRONZE,"2025/bronze, 2024/bronze, 2023/bronze, 2022/bronze, 2022/hyakumeiten, 2021/hyakumeiten",4.32,270,"￥50,000～￥59,999","￥30,000～￥39,999",https://tabelog.com/tokyo/A1309/A130905/13245540/
,新宿区,四谷４丁目,-,東京都新宿区四谷4-8,35.6880701,139.7166065,はらまさ,日本料理,BRONZE,"2025/bronze, 2024/bronze, 2023/bronze, 2022/bronze, 2021/bronze, 2020/bronze, 2018/-, 2023/hyakumeiten, 2021/hyakumeiten",4.23,578,"￥20,000～￥29,999","￥10,000～￥14,999",https://tabelog.com/tokyo/A1309/A130903/13151542/
,中央区,銀座８丁目,-,東京都中央区銀座8-3-1,35.6692505,139.7592458,青空,寿司,BRONZE,"2025/bronze, 2024/bronze, 2023/silver, 2022/silver, 2021/silver, 2020/bronze, 2019/silver, 2018/-, 2022/hyakumeiten, 2021/hyakumeiten",4.32,392,-,-,https://tabelog.com/tokyo/A1301/A130103/13032283/
,港区,東麻布１丁目,-,東京都港区東麻布1-7-9,35.6573486,139.7434681,東麻布 天本,寿司,GOLD,"2025/gold, 2024/gold, 2023/gold, 2022/gold, 2021/gold, 2020/gold, 2019/gold, 2018/-, 2022/hyakumeiten, 2021/hyakumeiten",4.61,542,"￥60,000～￥79,999",-,https://tabelog.com/tokyo/A1314/A131401/13196420/
,渋谷区,神宮前２丁目,-,東京都渋谷区神宮前2-19-12,35.673458,139.7101767,樋口,日本料理,BRONZE,"2025/bronze, 2024/bronze, 2023/bronze, 2022/bronze, 2021/bronze, 2020/bronze, 2019/bronze, 2018/-, 2023/hyakumeiten, 2021/hyakumeiten",4.19,183,"￥40,000～￥49,999",-,https://tabelog.com/tokyo/A1306/A130601/13001215/
,港区,新橋３丁目,虎ノ門広域,東京都港区新橋3-6-13,35.6661736,139.7552532,ひろ作,日本料理,BRONZE,"2025/bronze, 2022/bronze, 2021/bronze, 2020/bronze, 2019/bronze, 2018/-, 2017/-, 2023/hyakumeiten, 2021/hyakumeiten",3.99,332,"￥50,000～￥59,999","￥4,000～￥4,999",https://tabelog.com/tokyo/A1301/A130103/13015266/
,港区,六本木７丁目,六本木,東京都港区六本木7-3-21,35.66537,139.727931,美会,イノベーティブ、日本料理、タイ料理,SILVER,"2025/silver, 2024/silver",4.31,316,"￥30,000～￥39,999",-,https://tabelog.com/tokyo/A1307/A130701/13270211/
,中央区,銀座１丁目,-,東京都中央区銀座1-21-14,35.6725118,139.7707091,フルタ,中華料理,SILVER,"2025/silver, 2024/silver, 2023/silver, 2022/silver, 2021/silver, 2020/silver, 2019/silver, 2018/-, 2024/hyakumeiten, 2023/hyakumeiten, 2021/hyakumeiten",4.42,300,-,-,https://tabelog.com/tokyo/A1313/A131301/13176780/
,港区,南青山６丁目,-,東京都港区南青山6-4-6,35.6615191,139.7164092,プリズマ,イタリアン,BRONZE,"2025/bronze, 2022/bronze, 2021/bronze, 2020/bronze, 2019/bronze, 2018/-, 2017/-, 2023/hyakumeiten, 2021/hyakumeiten",4.14,182,-,-,https://tabelog.com/tokyo/A1306/A130602/13123890/
,渋谷区,恵比寿２丁目,-,東京都渋谷区恵比寿2-3-4,35.648029,139.7184741,ペレグリーノ,イタリアン,GOLD,"2025/gold, 2024/gold, 2023/gold, 2022/gold, 2021/gold, 2020/silver, 2019/gold, 2018/-, 2023/hyakumeiten, 2021/hyakumeiten",4.57,292,"￥100,000～","￥100,000～",https://tabelog.com/tokyo/A1303/A130302/13072775/
,渋谷区,代々木４丁目,-,東京都渋谷区代々木4-22-17,35.6812558,139.6913014,ボニュ,フレンチ、ケーキ,SILVER,"2025/silver, 2024/silver, 2023/silver, 2022/silver, 2021/silver, 2020/silver, 2019/gold, 2018/-, 2023/hyakumeiten, 2021/hyakumeiten",4.36,309,"￥40,000～￥49,999","￥40,000～￥49,999",https://tabelog.com/tokyo/A1304/A130401/13184186/
,港区,赤坂３丁目,赤坂,東京都港区赤坂3-9-2,35.6772902,139.7362154,薪鳥新神戸,焼き鳥、鳥料理,SILVER,"2025/silver, 2024/hyakumeiten",4.21,377,-,-,https://tabelog.com/tokyo/A1308/A130801/13291292/
,品川区,南大井３丁目,-,東京都品川区南大井3-11-5,35.5908437,139.7354372,まき村,日本料理,SILVER,"2025/silver, 2024/gold, 2023/silver, 2022/silver, 2021/silver, 2020/silver, 2019/silver, 2018/-, 2023/hyakumeiten, 2021/hyakumeiten",4.44,342,"￥30,000～￥39,999",-,https://tabelog.com/tokyo/A1315/A131502/13003338/
,千代田区,紀尾井町１丁目,-,東京都千代田区紀尾井町1-3,35.6787667,139.7380662,MAZ,イノベーティブ,BRONZE,2025/bronze,3.97,175,"￥40,000～￥49,999",-,https://tabelog.com/tokyo/A1308/A130803/13270953/
,港区,赤坂１丁目,虎ノ門,東京都港区赤坂1-11-6,35.6674621,139.7423903,松川,日本料理,GOLD,"2025/gold, 2024/gold, 2023/gold, 2022/gold, 2021/gold, 2020/gold, 2019/gold, 2018/-, 2023/hyakumeiten, 2021/hyakumeiten",4.59,487,"￥80,000～￥99,999","￥60,000～￥79,999",https://tabelog.com/tokyo/A1307/A130701/13124391/
,港区,南青山２丁目,-,東京都港区南青山2-27-16,35.6685882,139.7169946,malca,イタリアン,BRONZE,"2025/bronze, 2023/hyakumeiten",4.09,287,"￥20,000～￥29,999","￥15,000～￥19,999",https://tabelog.com/tokyo/A1306/A130603/13277748/
,江東区,福住１丁目,-,東京都江東区福住1-3-1,35.6755048,139.7930987,みかわ 是山居,天ぷら,BRONZE,"2025/bronze, 2024/bronze, 2023/bronze, 2022/bronze, 2021/bronze, 2020/bronze, 2019/bronze, 2018/-, 2023/hyakumeiten, 2022/hyakumeiten",4.24,694,"￥20,000～￥29,999","￥20,000～￥29,999",https://tabelog.com/tokyo/A1313/A131303/13090866/
,港区,西新橋１丁目,虎ノ門,東京都港区西新橋1-18-8,35.6675596,139.753299,味享,日本料理,SILVER,"2025/silver, 2024/bronze, 2023/bronze, 2022/bronze, 2021/silver, 2020/bronze, 2023/hyakumeiten, 2021/hyakumeiten",4.39,198,-,-,https://tabelog.com/tokyo/A1301/A130103/13228116/
,新宿区,四谷１丁目,-,東京都新宿区四谷1-22-1,35.6875649,139.7278518,三谷,寿司,SILVER,"2025/silver, 2024/gold, 2023/gold, 2022/gold, 2021/gold, 2020/gold, 2019/gold, 2018/-, 2022/hyakumeiten, 2021/hyakumeiten",4.54,305,"￥50,000～￥59,999",-,https://tabelog.com/tokyo/A1309/A130902/13042204/
,港区,南青山７丁目,-,東京都港区南青山7-13-13,35.6571045,139.718034,南青山 七鳥目,焼き鳥,BRONZE,"2025/bronze, 2024/bronze, 2023/bronze, 2022/bronze, 2021/bronze, 2020/bronze, 2024/hyakumeiten, 2023/hyakumeiten, 2022/hyakumeiten, 2021/hyakumeiten, 2019/hyakumeiten, 2018/hyakumeiten",4.25,400,"￥8,000～￥9,999",-,https://tabelog.com/tokyo/A1307/A130703/13200559/
,港区,南青山５丁目,-,東京都港区南青山5-4-30,35.6618703,139.7142247,宮坂,日本料理,BRONZE,"2025/bronze, 2024/bronze, 2023/bronze, 2023/hyakumeiten",4.31,115,"￥40,000～￥49,999","￥20,000～￥29,999",https://tabelog.com/tokyo/A1306/A130602/13264981/
,港区,西麻布３丁目,-,東京都港区西麻布3-2-34,35.6594393,139.7267062,明寂,日本料理,SILVER,"2025/silver, 2023/hyakumeiten",4.18,173,"￥30,000～￥39,999",-,https://tabelog.com/tokyo/A1307/A130701/13270958/
,新宿区,納戸町３２丁目,-,東京都新宿区納戸町32-3,35.6977486,139.7337915,森ふじ,日本料理,BRONZE,"2025/bronze, 2023/hyakumeiten",3.99,100,"￥30,000～￥39,999",-,https://tabelog.com/tokyo/A1309/A130905/13240181/
,港区,六本木７丁目,六本木,東京都港区六本木7-13-10,35.6637268,139.7302863,YAKITORI 燃 es,焼き鳥,BRONZE,"2025/bronze, 2024/hyakumeiten, 2023/hyakumeiten, 2022/hyakumeiten",3.98,555,"￥10,000～￥14,999",-,https://tabelog.com/tokyo/A1307/A130701/13259508/
,江東区,常盤２丁目,-,東京都江東区常盤2-14-11,35.6842687,139.7983122,焼肉 静龍苑,焼肉,BRONZE,"2025/bronze, 2024/bronze, 2023/bronze, 2022/bronze, 2021/bronze, 2024/hyakumeiten, 2023/hyakumeiten, 2022/hyakumeiten, 2021/hyakumeiten, 2020/hyakumeiten",4.30,1316,-,-,https://tabelog.com/tokyo/A1313/A131303/13237978/
,港区,西麻布１丁目,-,東京都港区西麻布1-15-3,35.6617996,139.7232725,山﨑,日本料理、海鮮,SILVER,"2025/silver, 2024/silver, 2023/silver, 2022/silver, 2021/silver, 2020/silver, 2023/hyakumeiten, 2021/hyakumeiten",4.47,406,"￥60,000～￥79,999",-,https://tabelog.com/tokyo/A1307/A130701/13225691/
,港区,虎ノ門１丁目,虎ノ門,東京都港区虎ノ門1-23-3,35.6666599,139.7486179,unis,フレンチ、イノベーティブ,BRONZE,"2025/bronze, 2023/hyakumeiten",4.08,211,"￥50,000～￥59,999","￥50,000～￥59,999",https://tabelog.com/tokyo/A1308/A130802/13253159/
,港区,南青山６丁目,-,東京都港区南青山6-6-22,35.6603816,139.7179753,よろにく,焼肉、ホルモン,BRONZE,"2025/bronze, 2024/bronze, 2023/bronze, 2022/silver, 2021/silver, 2020/silver, 2019/silver, 2018/-, 2024/hyakumeiten, 2023/hyakumeiten, 2022/hyakumeiten, 2021/hyakumeiten, 2020/hyakumeiten, 2019/hyakumeiten, 2018/hyakumeiten",4.24,2530,"￥10,000～￥14,999",-,https://tabelog.com/tokyo/A1306/A130602/13042979/
,港区,麻布台１丁目,虎ノ門,東京都港区麻布台1-3-1,35.6607581,139.7409436,YORONIKU TOKYO AZABUDAIHILLS,焼肉,BRONZE,"2025/bronze, 2024/hyakumeiten",4.08,125,"￥15,000～￥19,999",-,https://tabelog.com/tokyo/A1307/A130701/13291424/
,港区,南青山７丁目,-,東京都港区南青山7-10-10,35.6588354,139.7186628,4000 Chinese Restaurant,四川料理,BRONZE,"2025/bronze, 2024/bronze, 2023/bronze, 2022/bronze, 2021/bronze, 2020/bronze, 2024/hyakumeiten, 2023/hyakumeiten, 2021/hyakumeiten",4.14,369,"￥30,000～￥39,999","￥15,000～￥19,999",https://tabelog.com/tokyo/A1307/A130703/13229559/
,渋谷区,渋谷２丁目,-,東京都渋谷区渋谷2-2-2,35.6607645,139.7085533,ラチュレ,フレンチ,BRONZE,"2025/bronze, 2024/bronze, 2023/bronze, 2022/silver, 2021/silver, 2020/silver, 2019/silver, 2018/-, 2023/hyakumeiten, 2021/hyakumeiten",4.29,2158,"￥10,000～￥14,999","￥6,000～￥7,999",https://tabelog.com/tokyo/A1303/A130301/13198692/
,渋谷区,渋谷２丁目,-,東京都渋谷区渋谷2-3-1,35.6599442,139.7088359,ラ・ブランシュ,フレンチ,BRONZE,"2025/bronze, 2023/bronze, 2022/bronze, 2021/bronze, 2020/bronze, 2019/bronze, 2018/-, 2017/-, 2023/hyakumeiten, 2021/hyakumeiten",4.08,492,-,-,https://tabelog.com/tokyo/A1303/A130301/13002111/
,千代田区,有楽町１丁目,大丸有,東京都千代田区有楽町1-1-2,35.6742704,139.7592781,龍吟,日本料理,BRONZE,"2025/bronze, 2024/bronze, 2023/bronze, 2022/bronze, 2021/bronze, 2018/-, 2017/-, 2023/hyakumeiten, 2021/hyakumeiten",4.26,255,"￥50,000～￥59,999",-,https://tabelog.com/tokyo/A1301/A130102/13001457/
,新宿区,納戸町,-,東京都新宿区納戸町22,35.6981627,139.7325712,ル・マンジュ・トゥー,フレンチ,BRONZE,"2025/bronze, 2024/bronze, 2023/bronze, 2022/bronze, 2021/bronze, 2020/bronze, 2019/bronze, 2018/-, 2023/hyakumeiten, 2021/hyakumeiten",4.06,309,"￥30,000～￥39,999",-,https://tabelog.com/tokyo/A1309/A130905/13000469/
,中央区,銀座５丁目,-,東京都中央区銀座5-9-16,35.6701935,139.7650003,レストラン ラフィナージュ,フレンチ,BRONZE,"2025/bronze, 2023/hyakumeiten",4.14,230,"￥30,000～￥39,999","￥10,000～￥14,999",https://tabelog.com/tokyo/A1301/A130101/13227264/
,港区,新橋４丁目,虎ノ門広域,東京都港区新橋4-9-1,35.6643388,139.7563864,レストラン ラ フィネス,フレンチ,BRONZE,"2025/bronze, 2024/bronze, 2023/bronze, 2022/bronze, 2021/bronze, 2020/bronze, 2019/bronze, 2018/-, 2023/hyakumeiten, 2021/hyakumeiten",4.26,231,"￥60,000～￥79,999",-,https://tabelog.com/tokyo/A1301/A130103/13139171/
,港区,六本木４丁目,六本木,東京都港区六本木4-2-35,35.6647207,139.7335553,レストラン リューズ,フレンチ,BRONZE,"2025/bronze, 2024/bronze, 2023/bronze, 2022/bronze, 2021/bronze, 2020/bronze, 2019/bronze, 2018/-, 2023/hyakumeiten, 2021/hyakumeiten",4.13,776,"￥20,000～￥29,999","￥10,000～￥14,999",https://tabelog.com/tokyo/A1307/A130701/13122126/
,千代田区,内幸町１丁目,-,東京都千代田区内幸町1-1-1,35.6724056,139.7583398,レ セゾン,フレンチ,BRONZE,"2025/bronze, 2024/silver, 2023/bronze, 2022/bronze, 2021/silver, 2020/bronze, 2019/bronze, 2018/-, 2023/hyakumeiten, 2021/hyakumeiten",4.30,853,"￥20,000～￥29,999","￥10,000～￥14,999",https://tabelog.com/tokyo/A1301/A130102/13002294/
,港区,西麻布２丁目,-,東京都港区西麻布2-26-4,35.6602169,139.7194309,レフェルヴェソンス,フレンチ,SILVER,"2025/silver, 2024/silver, 2023/silver, 2022/silver, 2021/silver, 2020/gold, 2019/gold, 2018/-, 2023/hyakumeiten, 2021/hyakumeiten",4.49,1532,"￥50,000～￥59,999","￥50,000～￥59,999",https://tabelog.com/tokyo/A1306/A130602/13116356/
,中央区,銀座７丁目,-,東京都中央区銀座7-3-13,35.670056,139.7602259,蓮 三四七,日本料理,BRONZE,"2025/bronze, 2024/bronze, 2023/bronze, 2022/bronze, 2023/hyakumeiten, 2021/hyakumeiten",4.17,187,"￥30,000～￥39,999","￥30,000～￥39,999",https://tabelog.com/tokyo/A1301/A130101/13221959/
,中央区,銀座７丁目,-,東京都中央区銀座7-5-5,35.6698761,139.7613223,ロオジエ,フレンチ,SILVER,"2025/silver, 2024/silver, 2023/silver, 2022/gold, 2021/gold, 2020/silver, 2019/silver, 2018/-, 2023/hyakumeiten, 2021/hyakumeiten",4.46,1318,"￥40,000～￥49,999","￥20,000～￥29,999",https://tabelog.com/tokyo/A1301/A130101/13002607/
,中央区,,-,東京都中央区,-,-,六寛,日本料理,BRONZE,"2025/bronze, 2024/bronze, 2023/bronze, 2022/bronze, 2021/bronze, 2023/hyakumeiten, 2021/hyakumeiten",3.94,88,-,-,https://tabelog.com/tokyo/A1313/A131301/13178685/
,渋谷区,東３丁目,-,東京都渋谷区東3-16-1,35.6497997,139.7100875,わさ,中華料理,SILVER,"2025/silver, 2024/silver, 2023/bronze, 2022/bronze, 2024/hyakumeiten, 2023/hyakumeiten",4.34,307,-,-,https://tabelog.com/tokyo/A1303/A130302/13251804/
