指標名,コワーキング施設,,,,,,,,
出典,コワーキングスペース検索,,,,,,,,
年次,2023/12/12取得,,,,,,,,
URL,https://coworking-search.jp/zenkoku/,,,,,,,,
備考,2020：346件、2021：369件、2022：406件、2023：403件,,,,,,,,
,,,,,,,,,
区,町丁,エリア,住所,緯度,経度,施設名,座席数,法人登記,URL
中央区,日本橋３丁目,日八京,東京都中央区日本橋3丁目2番14号 新槇町ビル別館第1,35.680448,139.771378,東京アントレサロン,51席,可能,https://coworking-search.jp/space/2546/
中央区,銀座３丁目,-,東京都中央区銀座3-11-3,35.671195,139.769172,LEAGUE銀座,20席,可能,https://coworking-search.jp/space/2580/
中央区,日本橋茅場町２丁目,-,東京都中央区日本橋茅場町2-8-1 BRICK GATE 茅場町 B1F,35.679324,139.779128,BIZcomfort日本橋茅場町,33席,可能,https://coworking-search.jp/space/2544/
中央区,京橋３丁目,日八京,東京都中央区京橋3-3-13平和ビル3号館 3F,35.67562,139.768103,THE HUB 有楽町 EAST,19席,可能,https://coworking-search.jp/space/2613/
中央区,銀座７丁目,-,東京都中央区銀座7丁目13番5号 NREG銀座ビル1階,35.667965,139.764669,銀座アントレサロン,133席,可能,https://coworking-search.jp/space/2540/
中央区,銀座６丁目,-,東京都中央区銀座6丁目13-16 ヒューリック銀座ウォールビル7F,35.669056,139.764928,ベンチャーデスク銀座,フリーデスク：全24席,可能,https://coworking-search.jp/space/798/
中央区,築地４丁目,-,東京都中央区築地4丁目3-8　登喜和ビル 5F,35.666646,139.768545,MONZ SPACE,個室：6室、個人ブース：12席、フリー席：12席,可能,https://coworking-search.jp/space/2499/
中央区,銀座６丁目,-,東京都中央区銀座6-12-2,35.669293,139.764891,Addroom-Ginza-,-,可能,https://coworking-search.jp/space/349/
中央区,銀座１丁目,-,東京都中央区銀座1-8−19 キラリトギンザ11F,35.674336,139.768675,BINARYSTAR 銀座,176席,-,https://coworking-search.jp/space/1569/
中央区,日本橋箱崎町,-,東京都中央区日本橋箱崎町1-2　THE SHORE 日本橋茅場町 2F,35.679044,139.784153,箱崎インキュベーションセンター,-,可能,https://coworking-search.jp/space/1526/
中央区,京橋２丁目,日八京,東京都中央区京橋2-2-1　京橋エドグラン3・4F,35.677369,139.769491,SENQ 京橋,約60席,可能,https://coworking-search.jp/space/955/
中央区,銀座４丁目,-,東京都中央区銀座四丁目10-10 銀座山王ビル 8F,35.670032,139.767005,リロワークス 東銀座,12席,-,https://coworking-search.jp/space/1625/
中央区,日本橋室町１丁目,日八京,東京都中央区日本橋室町1丁目5-3  福島ビル5F,35.685793,139.774491,Cross Transit 日本橋,8席,-,https://coworking-search.jp/space/1846/
中央区,八丁堀１丁目,-,東京都中央区八丁堀1-9-8　八重洲通ハタビル 5・6階,35.677378,139.777065,アットビジネスセンター東京駅八重洲通り,3席～　当日の会議室運営状況に応じて変更あり,-,https://coworking-search.jp/space/2223/
中央区,新川１丁目,-,東京都中央区新川1-25-2　新川STビル2F,35.676744,139.784159,Future Tech Hub,52席,可能,https://coworking-search.jp/space/1529/
中央区,日本橋小網町,-,東京都中央区日本橋小網町11-5　リードシー日本橋小網町ビル8F,35.68277,139.781278,BIZcomfort 日本橋小網町,13席,可能,https://coworking-search.jp/space/1899/
中央区,新川１丁目,-,東京都中央区新川1-3-7　ストークマンション新川301,35.678479,139.782042,女性専用の会員制コワーキングスペース「Bright One」,-,-,https://coworking-search.jp/space/1782/
中央区,日本橋大伝馬町,-,東京都中央区日本橋大伝馬町13-1 Creative Hub 131  6階,35.690478,139.780532,コワーキングスペース「Community Dimension」,-,可能,https://coworking-search.jp/space/1609/
中央区,日本橋３丁目,日八京,東京都中央区日本橋3-2-14　日本橋KNビル 4F,35.680423,139.771451,ウィズスクエア日本橋店,-,可能,https://coworking-search.jp/space/396/
中央区,日本橋人形町１丁目,-,東京都中央区日本橋人形町1-2-12　WARMLIGHTビル3階,35.685049,139.780798,ShareOffice assets 日本橋,-,可能,https://coworking-search.jp/space/1171/
中央区,日本橋室町１丁目,日八京,東京都中央区日本橋室町1-2-6　日本橋大栄ビル7階,35.684573,139.773974,サーブコープ 日本橋大栄ビル,-,可能,https://coworking-search.jp/space/2629/
中央区,八重洲２丁目,日八京,東京都中央区八重洲2-4-10　第一幸田ビル 5F,35.678252,139.769301,ウィズスクエア八重洲店,70席,可能,https://coworking-search.jp/space/397/
中央区,八重洲１丁目,日八京,東京都中央区八重洲1-5-9 八重洲アメレックスビル 3階,35.681759,139.771338,HUB cafe,-,-,https://coworking-search.jp/space/1624/
中央区,日本橋本町１丁目,日八京,東京都中央区日本橋本町1-8-13　日本橋滄浪閣ビル 2階Rフロア,35.685185,139.778008,立志オフィス日本橋,最大37席,可能,https://coworking-search.jp/space/2587/
中央区,銀座６丁目,-,"東京都中央区銀座6-13-16　銀座ウォールビル パセラリゾーツ銀座店 B2,B3F",35.669258,139.765121,おしごとパセラ 銀座店,20席,-,https://coworking-search.jp/space/2204/
中央区,日本橋人形町３丁目,-,東京都中央区日本橋人形町3-6-8,35.6869,139.781479,グリーンオフィス人形町,-,可能,https://coworking-search.jp/space/665/
中央区,新川１丁目,-,東京都中央区新川1-3-4　PAビル5F,35.678638,139.782082,コワーキングスペース 茅場町 Co-Edo®,-,可能,https://coworking-search.jp/space/1852/
中央区,新川２丁目,-,東京都中央区新川2-21-10　リードシー八丁堀ビル2F/3F,35.67342,139.7822,BIZcomfort 日本橋新川,47席,可能,https://coworking-search.jp/space/1893/
中央区,日本橋小網町,-,東京都 中央区日本橋小網町11-9　ザ・パークレックス小網町第2ビル5階,35.682595,139.781124,flat5,全8席,可能,https://coworking-search.jp/space/1780/
中央区,新川１丁目,-,東京都中央区新川1-6-12　AIビル茅場町2〜5F,35.677174,139.781052,日本橋茅場町ビジネスセンター,-,可能,https://coworking-search.jp/space/179/
中央区,日本橋茅場町２丁目,-,東京都中央区日本橋茅場町2-17-9 日本橋イヅミビル5F,35.678513,139.780604,勉強カフェ　日本橋茅場町スタジオ,-,-,https://coworking-search.jp/space/1586/
中央区,日本橋蛎殻町１丁目,-,東京都中央区日本橋蛎殻町1-24-4 井川ビル2F,35.681575,139.784055,ソーシャルビジネスラボ,-,可能,https://coworking-search.jp/space/1098/
中央区,銀座３丁目,-,東京都中央区銀座3-14-13　第一厚生館ビル5F,35.669922,139.769179,銀座ビジネスセンター,-,可能,https://coworking-search.jp/space/178/
中央区,日本橋小網町,-,東京都中央区日本橋小網町8-2　BIZMARKS 日本橋茅場町,35.682106,139.780488,BIZMARKS 日本橋茅場町,-,可能,https://coworking-search.jp/space/818/
中央区,日本橋兜町,-,東京都中央区日本橋兜町7-1　KABUTO ONE3階,35.683497,139.778538,Book Lounge Kable,80席,-,https://coworking-search.jp/space/2735/
中央区,築地１丁目,-,"東京都中央区築地1-7-10　2F, 3F, 4F",35.669545,139.770585,TIMBER's DESK 銀座,-,可能,https://coworking-search.jp/space/814/
中央区,八丁堀４丁目,-,東京都中央区八丁堀4−9−4,35.674335,139.77743,FROM ONE SPORTS BASE,-,-,https://coworking-search.jp/space/1781/
中央区,銀座６丁目,-,東京都中央区銀座6丁目13-5 三愛・星名ビル2階,35.669055,139.765134,いいオフィス 銀座 by MeRISE,約20席,-,https://coworking-search.jp/space/1876/
中央区,日本橋蛎殻町１丁目,-,"東京都中央区日本橋蛎殻町1-28-4　 岩崎ビル2F,4F,5F",35.68285,139.782994,いいオフィス 日本橋 by FUKUMITOYA,50席,可能,https://coworking-search.jp/space/1878/
中央区,日本橋本町３丁目,日八京,東京中央区日本橋本町3-3-6　ワカ末ビル7F,35.688749,139.774234,サーブコープ 日本橋ワカ末ビル,-,可能,https://coworking-search.jp/space/2635/
中央区,日本橋大伝馬町,-,"東京都中央区日本橋大伝馬町13-7　日本橋大富ビル2,3F",35.690922,139.781044,日本橋BC　ノースポイント,-,可能,https://coworking-search.jp/space/176/
中央区,銀座５丁目,-,東京都中央区銀座6-4-8 曽根ビルB1F,35.67161,139.76299,コワーク大内,-,可能,https://coworking-search.jp/space/1626/
中央区,銀座３丁目,-,東京都中央区銀座3丁目7-6 Circles銀座2F,35.671996,139.767384,Think Lab銀座店,17席,-,https://coworking-search.jp/space/2313/
中央区,築地３丁目,-,東京都中央区築地3-7-1　TSUKIJI GRANDE 2F,35.667953,139.773635,DMZ WORK 築地,-,可能,https://coworking-search.jp/space/2100/
中央区,日本橋２丁目,日八京,東京都中央区日本橋2-1-3　アーバンネット日本橋二丁目ビル,35.682604,139.772596,EXPERT OFFICE 東京,-,可能,https://coworking-search.jp/space/590/
中央区,八重洲１丁目,日八京,東京都中央区八重洲1-8-17 新槇町ビル6F,35.680872,139.769722,ビジネストランスファー 八重洲,-,可能,https://coworking-search.jp/space/511/
中央区,八重洲１丁目,日八京,東京都中央区八重洲1-5-9　八重洲アメレックスビル 2F・3F,35.681763,139.771352,東京VIPラウンジ,-,-,https://coworking-search.jp/space/1816/
中央区,入船１丁目,-,東京都中央区入船一丁目1番24号 ドルフィンkoto入船ビル 6 / 7F,35.673445,139.777089,はぐみっく子連れコワーキングスペース,フリーデスク：55席,-,https://coworking-search.jp/space/1623/
中央区,日本橋１丁目,日八京,東京都中央区日本橋1-6-7 日本橋関谷ビル6F,35.68265,139.775374,シェアル,-,可能,https://coworking-search.jp/space/784/
中央区,日本橋兜町,-,東京都中央区日本橋兜町18-5　日本橋兜町ビル 2F,35.678912,139.775691,日本橋ビジネスセンター,-,可能,https://coworking-search.jp/space/180/
中央区,日本橋茅場町１丁目,-,東京都中央区日本橋茅場町1-5-8 東京証券会館1階,35.68061,139.779346,CAFE SALVADOR BUSINESS SALON,-,-,https://coworking-search.jp/space/1743/
中央区,日本橋富沢町,-,東京都中央区日本橋富沢町4-10　京成日本橋富沢町ビル3階,35.688017,139.783061,BIZcomfort 日本橋人形町,30席,可能,https://coworking-search.jp/space/1903/
中央区,八重洲１丁目,日八京,東京都中央区八重洲1-4-16　東京建物八重洲ビル3階,35.682367,139.771198,#NAME?,-,可能,https://coworking-search.jp/space/909/
中央区,日本橋２丁目,日八京,東京都中央区日本橋2-8-6　太陽生命ひまわり日本橋ビル 6F,35.681414,139.775132,NewWork 日本橋,60席,-,https://coworking-search.jp/space/2152/
中央区,日本橋蛎殻町１丁目,-,東京都中央区日本橋蛎殻町1-13-1　ユニゾ蛎殻町北島ビル B1F-A,35.683738,139.782002,THE HUB 日本橋人形町,-,可能,https://coworking-search.jp/space/182/
中央区,八重洲２丁目,日八京,東京都中央区八重洲2-1-1　ヤンマー東京ビル 12階,35.679817,139.769401,サーブコープ YANMAR TOKYO,-,可能,https://coworking-search.jp/space/2630/
中央区,銀座６丁目,-,東京都中央区銀座6-14-8　銀座石井ビル4～7F,35.668438,139.765266,THE OFFICE 銀座,-,可能,https://coworking-search.jp/space/175/
中央区,日本橋１丁目,日八京,東京都中央区日本橋1-4-1  日本橋一丁目三井ビルディング5階（COREDO日本橋）,35.682599,139.774566,WASEDA NEO,-,-,https://coworking-search.jp/space/1622/
中央区,銀座６丁目,-,"東京都中央区銀座六丁目13番9号 GIRAC GINZA 8,9F",35.66864,139.76463,bizcube 銀座,48席,可能,https://coworking-search.jp/space/341/
中央区,八重洲２丁目,日八京,東京都中央区八重洲2丁目8-7　福岡ビル4F,35.676586,139.767964,DIAGONAL RUN TOKYO,-,-,https://coworking-search.jp/space/1214/
千代田区,二番町,-,東京都千代田区二番町9-3THE BASE 麹町,35.686154,139.736463,THE HUB 麹町,14席,可能,https://coworking-search.jp/space/2615/
千代田区,神田岩本町,-,東京都千代田区神田岩本町15-1　CYK神田岩本町B1F,35.696661,139.774829,BIZcomfort 秋葉原,23席,可能,https://coworking-search.jp/space/2617/
千代田区,内幸町２丁目,-,東京都千代田区内幸町2-1-1　飯野ビルディング9階,35.670921,139.75267,クロスオフィス日比谷,約80席,可能,https://coworking-search.jp/space/2133/
千代田区,丸の内１丁目,大丸有,東京都千代田区丸の内1-9-2 グラントウキョウサウスタワー11階,35.678741,139.767355,JustCoグラントウキョウサウスタワー,ホットデスク約40席（変動する場合がございます。）,可能,https://coworking-search.jp/space/2571/
千代田区,内神田３丁目,-,東京都千代田区内神田3-12-4　第一岸ビル 4-5F,35.691251,139.770025,THE HUB 神田西口,10席,可能,https://coworking-search.jp/space/2312/
千代田区,神田小川町１丁目,-,東京都千代田区神田小川町1-6-1 宝ビル8F,35.69525,139.766308,イノバゼスト 神田,-,可能,https://coworking-search.jp/space/1630/
千代田区,九段南２丁目,-,東京都千代田区九段南2-4-11,35.693399,139.744249,HIVE TOKYO,8席,可能,https://coworking-search.jp/space/546/
千代田区,丸の内３丁目,大丸有,東京都千代田区丸の内3-1-1　国際ビル B1F,35.676715,139.761215,いいオフィス丸の内 by タニタ食堂,33席,-,https://coworking-search.jp/space/2616/
千代田区,丸の内１丁目,大丸有,東京都千代田区丸の内1-6-2 新丸の内センタービル 21階,35.684176,139.766406,エグゼクティブセンター 新丸の内センタービル,-,可能,https://coworking-search.jp/space/105/
千代田区,神田佐久間町１丁目,-,東京都千代田区神田佐久間町1-14　第2東ビル303,35.697792,139.774374,秋葉原コワーキングスペース「Rampart」,-,可能,https://coworking-search.jp/space/1400/
千代田区,岩本町３丁目,-,東京都千代田区岩本町3-6-5 木所ビル 3階,35.696128,139.778011,GARAGE AKIHABARA,-,可能,https://coworking-search.jp/space/1495/
千代田区,外神田４丁目,-,東京都千代田区外神田4-7-3　田中ビル 1階,35.702599,139.772057,Working Studio 秋葉原,Sルーム×2部屋、Mルーム×3部屋、マルチルーム×1部席,-,https://coworking-search.jp/space/2558/
千代田区,有楽町１丁目,大丸有,東京都千代田区有楽町1-6-3　日比谷頴川エイセンビル 6F〜11F,35.673898,139.760676,Vision Works 有楽町,-,可能,https://coworking-search.jp/space/1328/
千代田区,一番町,-,東京都千代田区一番町6　相模屋本社ビル7F,35.687589,139.741854,一番町インキュベーションセンター,-,可能,https://coworking-search.jp/space/1527/
千代田区,外神田２丁目,-,東京都千代田区外神田1丁目13-2　うすやビル 1F,35.699344,139.768019,カラオケパセラ 秋葉原電気街店,40席,-,https://coworking-search.jp/space/2238/
千代田区,飯田橋３丁目,-,東京都千代田区飯田橋3-11-13　飯田橋i-MARK ANNEX 9F,35.702747,139.748239,NewWork 飯田橋,28席,-,https://coworking-search.jp/space/2158/
新宿区,袋町,-,東京都新宿区袋町5番地1 FARO神楽坂,35.701264,139.738243,FARO神楽坂,フリーアドレス（共有席）：10席　プライベートデスク（,可能,https://coworking-search.jp/space/1863/
千代田区,東神田１丁目,-,"東京都千代田区東神田1-15-9　2F,3F",35.694935,139.782685,クロックカフェ,-,-,https://coworking-search.jp/space/1773/
千代田区,鍛冶町２丁目,-,東京都千代田区鍛冶町２－２－２,35.691342,139.77154,ビジョンオフィス神田,-,可能,https://coworking-search.jp/space/331/
千代田区,神田神保町１丁目,-,東京都千代田区神田神保町1-41,35.694719,139.761043,サービスオフィス神保町,55席,可能,https://coworking-search.jp/space/2710/
千代田区,丸の内２丁目,大丸有,東京都千代田区丸の内2-5-1　丸の内二丁目ビル 4F,35.680003,139.763182,point 0 marunouchi,260席,可能,https://coworking-search.jp/space/2360/
千代田区,内神田１丁目,-,東京都千代田区内神田1-15-10,35.692179,139.765629,the C,50席,可能,https://coworking-search.jp/space/711/
千代田区,麹町２丁目,-,東京都千代田区麹町2丁目10-3　エキスパートオフィス麹町,35.68507,139.740443,EXPERT OFFICE 麹町,-,可能,https://coworking-search.jp/space/591/
千代田区,神田錦町１丁目,-,東京都千代田区神田錦町1-17-1 神田髙木ビル7階,35.691102,139.763787,BIRTH 神田,フリーワーキングスペース：16席　個室：4部屋,可能,https://coworking-search.jp/space/1946/
千代田区,鍛冶町２丁目,-,東京都千代田区鍛冶町2-7-1,35.692274,139.771765,ビジョンオフィス神田ＡＮＮＥＸ,-,可能,https://coworking-search.jp/space/332/
千代田区,神田多町２丁目,-,東京都千代田区神田多町2-11 カツミビル601,35.694524,139.768822,ソフトオフィス神田,-,可能,https://coworking-search.jp/space/404/
千代田区,外神田１丁目,-,東京都千代田区外神田1-16-10　ニュー秋葉原センター32号,35.697443,139.772667,プログラマー自習室&コワーキングスペース『ギークライブラリー』,外部モニター2枚席：4席　外部モニター1枚席：13席,-,https://coworking-search.jp/space/2251/
千代田区,平河町１丁目,-,"東京都千代田区平河町一丁目3番6号　BIZMARKS 麹町 2,3,5,6F",35.682862,139.739746,BIZMARKS 麹町,-,可能,https://coworking-search.jp/space/1864/
千代田区,岩本町１丁目,-,東京都千代田区岩本町1-3-1　神田ビジネスセンター,35.691604,139.775199,神田ビジネスセンター,2席（WEB予約制）,可能,https://coworking-search.jp/space/173/
千代田区,永田町２丁目,赤坂,東京都千代田区永田町2-4-11　フレンドビル3F,35.672126,139.742171,KIC,43席,可能,https://coworking-search.jp/space/2583/
千代田区,神田練塀町,-,東京都千代田区神田練塀町3　富士ソフト秋葉原ビル 12F,35.700306,139.774074,DMM.make AKIBA,110席,可能,https://coworking-search.jp/space/2497/
千代田区,神田須田町１丁目,-,東京都千代田区神田須田町1-16-5　ヒューリック神田ビル 1F,35.695202,139.770524,アクセア 神田店,ソファ：20席　コックピット：8席,-,https://coworking-search.jp/space/1952/
千代田区,神田三崎町３丁目,-,東京都千代田区神田三崎町3-1-3　一輝ビル 3F,35.699121,139.753009,シェアオフィスMIXER 神保町・水道橋,24席,可能,https://coworking-search.jp/space/639/
千代田区,紀尾井町,赤坂,東京都千代田区紀尾井町1-3　東京ガーデンテラス17F,35.679993,139.737936,オープンコラボレーションスペース「LODGE」永田町,-,-,https://coworking-search.jp/space/1332/
千代田区,丸の内１丁目,大丸有,東京千代田区丸の内1-8-3　丸の内トラストタワー本館20F,35.68238,139.769441,サーブコープ 丸の内トラストタワー,-,可能,https://coworking-search.jp/space/2631/
千代田区,飯田橋４丁目,-,東京都千代田区飯田橋4-4-6 SJビル2F,35.70066,139.746389,勉強カフェ　飯田橋スタジオ,-,-,https://coworking-search.jp/space/1579/
千代田区,神田小川町１丁目,-,東京都千代田区神田小川町1-8-3　小川町北ビルB1F、3F〜5F、7F,35.695049,139.765747,THE OFFICE 神田,-,可能,https://coworking-search.jp/space/172/
千代田区,平河町２丁目,-,東京都千代田区平河町2-5-3 Nagatacho GRID 5F,35.679827,139.739605,みどり荘　永田町,-,-,https://coworking-search.jp/space/1169/
千代田区,外神田５丁目,-,東京都千代田区外神田5-1-10 千住ビル1F/2F,35.703445,139.772377,1/3rd Life（ワンサードライフ）,50席,可能,https://coworking-search.jp/space/2148/
千代田区,神田小川町２丁目,-,東京都千代田区神田小川町2-1　檜ビル3F,35.694015,139.764869,シェアオフィスKOTO-BA,-,可能,https://coworking-search.jp/space/707/
千代田区,神田神保町１丁目,-,東京都千代田区神田神保町1-4-6　クロサワビル6F,35.696194,139.759837,コワーキングスペース『BasisPoint 神保町』,-,-,https://coworking-search.jp/space/1420/
千代田区,神田須田町２丁目,-,東京都千代田区神田須田町2-19-23　野村第3ビル4階,35.69655,139.771821,コワーキングスペース 秋葉原 Weeyble,-,-,https://coworking-search.jp/space/1631/
千代田区,飯田橋４丁目,-,東京都千代田区飯田橋4-8-13　山商ビル5F,35.701124,139.746382,ジェネラボ 飯田橋,-,-,https://coworking-search.jp/space/1302/
千代田区,神田神保町２丁目,-,東京都千代田区神田神保町2-12-3　安富ビル,35.696576,139.756899,EDITORY 神保町,-,可能,https://coworking-search.jp/space/1129/
千代田区,神田多町２丁目,-,東京都千代田区神田多町2-1　神田東山ビル7F/8F,35.692978,139.769547,BIZcomfort Connect-Lounge神田,78席,可能,https://coworking-search.jp/space/1894/
千代田区,東神田３丁目,-,東京都千代田区東神田3-4-12　Green&Archビル,35.697387,139.781603,Funshareシェアオフィス・コワーキングスペース,20席,-,https://coworking-search.jp/space/2361/
千代田区,九段南１丁目,-,東京都千代田区九段南1-5-6　りそな九段ビル5F KSフロア,35.695082,139.751761,ナレッジソサエティ,-,可能,https://coworking-search.jp/space/344/
千代田区,霞が関１丁目,虎ノ門広域,東京都千代田区霞が関1-4-1　日土地ビル2階,35.670806,139.750594,SENQ 霞が関,-,可能,https://coworking-search.jp/space/957/
千代田区,神田佐久間河岸,-,東京都千代田区神田佐久間河岸78-3 柴田ビル3階,35.697074,139.778048,アイラボ・シェアオフィス 秋葉原,6席,-,https://coworking-search.jp/space/1535/
千代田区,永田町２丁目,赤坂,東京都千代田区永田町2-11-1　山王パークタワー 3階,35.673148,139.740694,エグゼクティブセンター 山王パークタワー,-,可能,https://coworking-search.jp/space/158/
千代田区,丸の内２丁目,大丸有,東京千代田区丸の内2-3-2　郵船ビルディング1F,35.681556,139.762732,サーブコープ 丸の内郵船ビルディング,-,可能,https://coworking-search.jp/space/2632/
千代田区,有楽町２丁目,大丸有,東京都千代田区有楽町2-10-1,35.67489,139.764331,goodoffice 東京有楽町,-,可能,https://coworking-search.jp/space/1845/
千代田区,神田三崎町２丁目,-,"東京都千代田区神田三崎町2-12-9　B1,2F,3F,4F,5F",35.70101,139.753702,東京レンタル自習室 水道橋,-,-,https://coworking-search.jp/space/1613/
千代田区,外神田６丁目,-,東京都千代田区外神田6-14-1 日興ビル2F,35.703189,139.771268,勉強カフェ　秋葉原スタジオ,-,-,https://coworking-search.jp/space/1578/
千代田区,岩本町１丁目,-,東京都千代田区岩本町1-2-13 渡東ビルディング3F,35.691713,139.776351,シェアル岩本町,-,可能,https://coworking-search.jp/space/2000/
千代田区,丸の内１丁目,大丸有,東京都千代田区丸の内1-8-1　丸の内トラストタワーN館 11F,35.929536,139.612434,NewWork 東京,95席,-,https://coworking-search.jp/space/2676/
千代田区,神田神保町３丁目,-,東京都千代田区神田神保町3-11-1 安田神保町マンション,35.695375,139.754487,BIZcomfort 神保町,29席,可能,https://coworking-search.jp/space/1882/
千代田区,丸の内１丁目,大丸有,東京都千代田区丸の内1-6-4　丸の内オアゾ 3階,35.683602,139.766406,Personal Lounge 丸善の三階,48席,-,https://coworking-search.jp/space/2752/
千代田区,丸の内３丁目,大丸有,東京千代田区丸の内3-2-3　丸の内二重橋ビルディング2F、3F,35.677699,139.761735,サーブコープ 丸の内二重橋ビルディング,-,可能,https://coworking-search.jp/space/2633/
新宿区,神楽坂２丁目,-,東京都新宿区神楽坂2-12,35.701233,139.741548,TOKI CAFE,104席,-,https://coworking-search.jp/space/2137/
千代田区,有楽町１丁目,大丸有,東京都千代田区有楽町1-12-1　新有楽町ビル11階,35.67556,139.762093,PORTAL POINT YURAKUCHO,-,可能,https://coworking-search.jp/space/1977/
千代田区,大手町１丁目,大丸有,東京千代田区大手町 1-7-2　東京サンケイビル27F,35.687098,139.764569,サーブコープ 大手町東京サンケイビル,-,可能,https://coworking-search.jp/space/2634/
千代田区,神田須田町１丁目,-,東京都千代田区神田須田町1-2-7　淡路町駅前ビル3階,35.695245,139.76775,プレミアムオフィス神田,コワーキングスペース：6席　個室：22部屋,可能,https://coworking-search.jp/space/389/
千代田区,神田神保町２丁目,-,東京都千代田区神田神保町2-20-6　恒倉ビル B1,35.697373,139.756243,いいオフィス神保町 by TUNEKURA,35席,可能,https://coworking-search.jp/space/2470/
千代田区,外神田１丁目,-,東京都千代田区外神田1-1-10,35.697757,139.770374,パセラリゾーツAKIBAマルチエンターテインメント,完全個室40部屋席,-,https://coworking-search.jp/space/2262/
新宿区,神楽坂６丁目,-,東京都新宿区神楽坂6−８ 文悠ビルB1,35.702897,139.737331,BOOK&OFFICE 文悠,4席,可能,https://coworking-search.jp/space/1989/
千代田区,神田佐久間町３丁目,-,東京都千代田区神田佐久間町3-28　星野ビル 5F,35.698574,139.778567,STEPレンタルオフィス,フリースペース：4席,可能,https://coworking-search.jp/space/2685/
千代田区,有楽町２丁目,大丸有,東京都千代田区有楽町2-10-1　東京交通会館ビル6階,35.67489,139.764331,LEAGUE有楽町,-,可能,https://coworking-search.jp/space/717/
千代田区,神田松永町,-,東京都千代田区神田松永町13,35.699742,139.775198,NUWORKS TOKYO,30席～,可能,https://coworking-search.jp/space/2331/
千代田区,永田町２丁目,赤坂,東京都千代田区永田町2-13-1　オカムラ赤坂ビル 9F,35.674799,139.738719,NewWork 赤坂見附,57席,-,https://coworking-search.jp/space/2157/
千代田区,麹町２丁目,-,東京都千代田区麹町2-2-4 麹町セントラルビル4F,35.684511,139.740939,CーWORK 半蔵門,-,-,https://coworking-search.jp/space/1451/
千代田区,神田神保町２丁目,-,"東京都千代田区神田神保町2丁目3-1　神保町ブックセンター 1F,3F",35.695749,139.757555,LEAGUE神保町,-,可能,https://coworking-search.jp/space/1522/
千代田区,神田神保町２丁目,-,"東京都千代田区神田神保町2-2　B1,3F",35.69625,139.757242,東京レンタル自習室 神保町,-,-,https://coworking-search.jp/space/1612/
千代田区,岩本町３丁目,-,東京都千代田区岩本町3-8-8　中和秋葉原ビル,35.696402,139.777302,BIZcomfort 秋葉原岩本町,33席,可能,https://coworking-search.jp/space/1900/
千代田区,神田司町２丁目,-,東京都千代田区神田司町2-13,35.694099,139.767266,ワイムビジネスプラザ神田,-,可能,https://coworking-search.jp/space/446/
千代田区,一番町,-,東京都千代田区一番町10-8　一番町ウェストビル5階,35.686839,139.740021,パズル一番町,-,可能,https://coworking-search.jp/space/452/
千代田区,神田錦町２丁目,-,東京都千代田区神田錦町2-4 ダヴィンチ小川町 3F,35.693847,139.763655,FUSION_N,-,可能,https://coworking-search.jp/space/1531/
千代田区,内幸町１丁目,-,東京都千代田区内幸町1丁目3-1　幸ビルディング,35.669827,139.756024,EXPERT OFFICE GRAND新橋／内幸町,-,可能,https://coworking-search.jp/space/592/
千代田区,鍛冶町２丁目,-,東京都千代田区鍛治町2-12-12　2階,35.692905,139.77156,KANDA LOUNGE,-,-,https://coworking-search.jp/space/1084/
新宿区,新宿２丁目,-,東京都新宿区新宿2丁目12番13号 新宿アントレサロンビル,35.69063,139.707991,新宿アントレサロン,50席,可能,https://coworking-search.jp/space/2548/
新宿区,新宿４丁目,-,東京都新宿区新宿4-1-6 JR新宿ミライナタワー18F,35.688582,139.702645,JustCo新宿ミライナタワー,ホットデスク約40席（変動する場合がございます。）,可能,https://coworking-search.jp/space/2532/
新宿区,西新宿７丁目,-,東京都新宿区西新宿7-1-12,35.694721,139.698993,クロスオフィス新宿,約30席,可能,https://coworking-search.jp/space/2279/
新宿区,西新宿３丁目,-,東京都新宿区西新宿3-2-9新宿ワシントンホテルビル本館 2F,35.687085,139.692875,THE HUB 新宿ワシントン,33席,可能,https://coworking-search.jp/space/2604/
新宿区,新宿３丁目,-,東京都新宿区新宿3丁目1-24　京王新宿三丁目ビル 1F,35.6902,139.705378,HAKADORU 新宿三丁目店,コワーキングスペース：35席　半個室：4席　個室：2席,-,https://coworking-search.jp/space/2237/
新宿区,四谷１丁目,-,東京都新宿区四谷1-9 天龍ビル 6階,35.68601,139.728264,フレンドリンクメンバーズオフィス,-,-,https://coworking-search.jp/space/1611/
新宿区,西新宿６丁目,-,東京都新宿区西新宿6-5-1　新宿アイランドタワー20F,35.693132,139.693142,モバフ新宿アイランド,-,可能,https://coworking-search.jp/space/1574/
新宿区,西新宿７丁目,-,東京都新宿区西新宿7-2-5　TH西新宿ビル 5階／6階,35.695287,139.698715,知恵の場オフィス 本館,52席,可能,https://coworking-search.jp/space/1856/
新宿区,早稲田町,-,東京都新宿区早稲田町12-5　ニュー早稲田ビル 5F,35.705501,139.722634,BIZcomfort 早稲田,21席,可能,https://coworking-search.jp/space/2123/
新宿区,新宿６丁目,-,東京都新宿区新宿6丁目29番11号　新宿イーストクロスタワー10F,35.697723,139.707724,BIZcomfort 東新宿,フリー席：21席　固定席：4席,可能,https://coworking-search.jp/space/2344/
新宿区,西新宿１丁目,-,東京都新宿区西新宿1-25-1 新宿センタービル49階,35.69175,139.695419,#NAME?,-,可能,https://coworking-search.jp/space/1534/
新宿区,矢来町,-,東京都新宿区矢来町16,35.702106,139.730695,神楽坂クロススタジオ,-,可能,https://coworking-search.jp/space/1607/
新宿区,新宿５丁目,-,東京都新宿区新宿5-15-14,35.693697,139.707347,INBOUND LEAGUE,全25席,可能,https://coworking-search.jp/space/995/
新宿区,市谷八幡町,-,東京都新宿区市谷八幡町2-1 大手町建物市ヶ谷ビル3階,35.69233,139.734889,海外ビジネス特化型コワーキングスペース「Digima 〜出島〜BASE」市ヶ谷,108席,可能,https://coworking-search.jp/space/1605/
新宿区,新宿３丁目,-,東京都新宿区新宿3-26-14 新宿ミニムビルⅠ 4階,35.691786,139.702345,TSUTAYA BOOK APARTMENT,-,-,https://coworking-search.jp/space/1608/
新宿区,西新宿１丁目,-,東京都新宿区西新宿1-12-11　山銀ビル4F,35.68999,139.69714,新宿VIPラウンジ,-,-,https://coworking-search.jp/space/1817/
新宿区,西新宿７丁目,-,東京都新宿区西新宿7-22-3　BPビル,35.695027,139.695231,BASE POINT,1F 18席／2F 会議室5部屋／3F 11席,可能,https://coworking-search.jp/space/2211/
渋谷区,代々木２丁目,-,東京都渋谷区代々木2-14-1 新宿松本ビル6F,35.686855,139.696741,勉強カフェ　新宿スタジオ,20席,-,https://coworking-search.jp/space/1584/
新宿区,新宿４丁目,-,東京都新宿区新宿4-3-15　レイフラット新宿B棟 3F,35.688542,139.703634,THE HUB 新宿,-,可能,https://coworking-search.jp/space/1135/
新宿区,西新宿８丁目,-,東京都新宿区西新宿8-3-1　西新宿GFビル1～4F,35.695158,139.693916,西新宿ビジネスセンター,-,可能,https://coworking-search.jp/space/194/
新宿区,高田馬場１丁目,-,東京都新宿区高田馬場一丁目29-1,35.710247,139.704091,Colony#15 高田馬場,1Fフリーデスク：16席　B1F個室：1名部屋×11部,可能,https://coworking-search.jp/space/2529/
新宿区,西新宿７丁目,-,東京都新宿区西新宿7-4-4 武蔵ビル5F,35.696006,139.698596,HAPON新宿,31席,可能,https://coworking-search.jp/space/638/
新宿区,西新宿１丁目,-,東京新宿区西新宿1-26-2　新宿野村ビル32F,35.692951,139.695365,サーブコープ 新宿野村ビル,-,可能,https://coworking-search.jp/space/2643/
千代田区,麹町４丁目,-,東京都千代田区麹町4-8　高善ビル5F,35.684264,139.736398,未来ファクトリー,-,可能,https://coworking-search.jp/space/494/
新宿区,新宿１丁目,-,東京都新宿区新宿1-36-12　サンカテリーナビル 6F,35.690833,139.710567,新宿ビジネスセンター,-,可能,https://coworking-search.jp/space/195/
新宿区,西新宿７丁目,-,東京都新宿区西新宿7-18-18　新宿税理士ビル1F,35.695894,139.696902,勉強カフェ　新宿ベースポイントスタジオ,-,-,https://coworking-search.jp/space/1958/
千代田区,二番町,-,東京都千代田区二番町2番　平田ビル1階,35.686923,139.737466,社会起業家コワーキングスペース,-,可能,https://coworking-search.jp/space/1610/
新宿区,高田馬場１丁目,-,東京都新宿区高田馬場１丁目３２−１０　新宿消費生活センター分館 併設,35.710858,139.703742,新宿区立高田馬場創業支援センター,［シェアオフィス］10席,可能,https://coworking-search.jp/space/1172/
新宿区,西新宿６丁目,-,東京新宿区西新宿6-10-1　日土地西新宿ビル8F,35.694553,139.69092,サーブコープ 新宿オークシティ,-,可能,https://coworking-search.jp/space/2644/
新宿区,四谷１丁目,-,東京都新宿区四谷1-13-15　URBANE BUILDING SAKAS8 C棟,35.684977,139.728023,lifework space KANPAI Hütte,65席,可能,https://coworking-search.jp/space/2040/
新宿区,西新宿１丁目,-,東京都新宿区西新宿1-17-1　日本生命新宿西口ビル 9F,35.689295,139.698397,NewWork 新宿,41席,-,https://coworking-search.jp/space/1360/
新宿区,高田馬場２丁目,-,東京都新宿区高田馬場1-26-12　高田馬場ビル802号室,35.713023,139.706199,おとな自習室 高田馬場,-,-,https://coworking-search.jp/space/1965/
千代田区,六番町,-,東京都千代田区六番町6-4　LH番町スクエア4～6階（総合受付は5階）,35.688085,139.732543,四ツ谷ビジネスラウンジ,24席,可能,https://coworking-search.jp/space/1303/
新宿区,高田馬場１丁目,-,東京都新宿区高田馬場1-28-10　三慶ビル4F,35.7121,139.704719,シェアオフィス＆コワーキングスペース「CASE Shinjuku」,-,可能,https://coworking-search.jp/space/899/
新宿区,舟町,-,"東京都新宿区舟町7　舟町ビル1F,3F",35.689156,139.720341,ワイムポート新宿舟町,-,可能,https://coworking-search.jp/space/1881/
新宿区,西新宿１丁目,-,東京都新宿区西新宿1-1-6,35.688572,139.699697,12 SHINJUKU,16席,可能,https://coworking-search.jp/space/1981/
新宿区,歌舞伎町１丁目,-,東京都新宿区歌舞伎町1-1-15　東信同和ビル9階,35.693079,139.70456,東信ビジネスセンター,-,可能,https://coworking-search.jp/space/1744/
新宿区,西新宿１丁目,-,東京都新宿区西新宿1-18-2晴花ビル６F,35.688809,139.69859,ビジョンオフィス新宿,-,可能,https://coworking-search.jp/space/1551/
新宿区,新宿３丁目,-,東京都新宿区新宿3丁目4-1　東新宿ビル5階,35.690798,139.705617,Suup 新宿三丁目 by 京王不動産,7席,-,https://coworking-search.jp/space/2678/
新宿区,西新宿１丁目,-,東京都新宿区西新宿1-5-12　ニューセントラルビル 8-9F,35.692971,139.698198,THE HUB 新宿西口,16席,可能,https://coworking-search.jp/space/2308/
新宿区,新宿２丁目,-,東京都新宿区新宿2-11-7-5F,35.690419,139.707327,CO-Work&...新宿,30～35席,可能,https://coworking-search.jp/space/2059/
新宿区,西新宿７丁目,-,東京都新宿区西新宿7-4-7　イマス浜田ビル 5階,35.696143,139.698536,知恵の場オフィス 別館,10席,可能,https://coworking-search.jp/space/1857/
千代田区,六番町,-,東京都千代田区六番町5-5 飯田ビル,35.68659,139.733709,シェアオフィス六番町,-,可能,https://coworking-search.jp/space/1239/
新宿区,天神町,-,東京都新宿区天神町7-11,35.70481,139.731424,BIZcomfort 神楽坂天神,24席,可能,https://coworking-search.jp/space/1907/
新宿区,四谷三栄町,-,東京都新宿区本塩町７　新井ビル１階,35.688539,139.726543,Froh Coworking 四ツ谷,-,可能,https://coworking-search.jp/space/1096/
新宿区,早稲田鶴巻町,-,東京都新宿区早稲田鶴巻町518 早稲田玉井ビル 3階,35.708189,139.722452,GARAGE WASEDA,30席,可能,https://coworking-search.jp/space/1496/
渋谷区,神泉町,-,東京都渋谷区神泉町20−21 クロスシー渋谷神泉ビル,35.65688,139.691556,MID POINT渋谷神泉,22席,可能,https://coworking-search.jp/space/2702/
渋谷区,宇田川町,-,東京都渋谷区宇田川町3‐7ヒューリック渋谷公園通りビル,35.662573,139.698893,la billage SHIBUYAヒューリック渋谷公園通りビル,65席,可能,https://coworking-search.jp/space/2268/
渋谷区,渋谷２丁目,-,東京都渋谷区渋谷2-21-1 渋谷ヒカリエ33F,35.659055,139.703529,JustCo渋谷ヒカリエ,ホットデスク約40席（変動する場合がございます。）,可能,https://coworking-search.jp/space/2530/
渋谷区,渋谷１丁目,-,東京都渋谷区渋谷1-12-2,35.660247,139.703463,クロスオフィス渋谷,-,可能,https://coworking-search.jp/space/2280/
渋谷区,幡ケ谷１丁目,-,東京都渋谷区幡ヶ谷1-2-2 京王幡ヶ谷ビル4階,35.677019,139.676971,MID POINT幡ヶ谷,33席,可能,https://coworking-search.jp/space/2620/
渋谷区,恵比寿南３丁目,-,東京都渋谷区恵比寿南3丁目1-1　恵比寿グリーングラス 6-9F,35.646059,139.706682,コンパスオフィス 恵比寿グリーングラス,-,可能,https://coworking-search.jp/space/2234/
渋谷区,渋谷３丁目,-,"東京都渋谷区渋谷3-6-2エクラート渋谷4-5F,8F",35.657925,139.704976,THE HUB 渋谷,37席,可能,https://coworking-search.jp/space/2606/
渋谷区,円山町,-,東京都渋谷区円山町5番5号 Navi渋谷Ⅴ3階,35.656729,139.695291,渋谷アントレサロン,55席,可能,https://coworking-search.jp/space/2551/
渋谷区,恵比寿南３丁目,-,東京都渋谷区恵比寿南3-5-7 デジタルゲートビル 2F,35.646174,139.703782,Open Network Space 代官山,フリースペース：40席　固定席：5席,-,https://coworking-search.jp/space/1616/
渋谷区,恵比寿２丁目,-,東京都渋谷区恵比寿2-28-7,35.645077,139.721193,ベンチャーシティ恵比寿,24席,可能,https://coworking-search.jp/space/401/
渋谷区,神宮前６丁目,-,東京都渋谷区神宮前6-19-15　高野第1ビル5階,35.663403,139.702416,ShareOffice BIGness 渋谷,-,可能,https://coworking-search.jp/space/1870/
渋谷区,宇田川町,-,東京都渋谷区宇田川町36-6　 ワールド宇田川ビル 6F,35.661788,139.697479,Agora Tokyo コワーキング スペース,-,-,https://coworking-search.jp/space/831/
渋谷区,渋谷３丁目,-,東京都渋谷区渋谷3-6-1　イースト渋谷ビル 9F,35.657913,139.704839,NewWork 渋谷イースト9F,39席,-,https://coworking-search.jp/space/564/
渋谷区,渋谷３丁目,-,東京都渋谷区渋谷3-6-1　イースト渋谷ビル 3F,35.657913,139.704839,NewWork 渋谷イースト3F,39席,-,https://coworking-search.jp/space/2151/
渋谷区,上原１丁目,-,東京都渋谷区上原1-3-9,35.668053,139.686251,GOOD WORK 代々木八幡,-,可能,https://coworking-search.jp/space/1618/
渋谷区,神宮前６丁目,-,東京都渋谷区神宮前6丁目4-1　原宿八角館ビル 6階,35.668194,139.705537,Biz Platto,17席,-,https://coworking-search.jp/space/2136/
渋谷区,道玄坂１丁目,-,東京都渋谷区道玄坂一丁目12番5号　渋谷マークシティ4階 クリエーションスクエアしぶや内,35.657738,139.697339,Coin Space 渋谷マークシティ店 by 渋谷区観光協会,44席,-,https://coworking-search.jp/space/1333/
渋谷区,神宮前６丁目,-,東京都渋谷区神宮前6-33-14　神宮ハイツ408号,35.668105,139.704101,ファッション系コワーキングスペース『coromoza』神宮前,-,-,https://coworking-search.jp/space/1257/
渋谷区,桜丘町,-,東京都渋谷区桜丘町30-4 渋谷アジアマンション202号室,35.655604,139.698377,「StartUp４４田寮」渋谷,-,可能,https://coworking-search.jp/space/1615/
渋谷区,代々木３丁目,-,東京都渋谷区代々木3-1-11　パシフィックスクエア代々木 2F,35.68226,139.695744,Creators Mall 代々木,-,可能,https://coworking-search.jp/space/198/
渋谷区,千駄ケ谷１丁目,-,東京都渋谷区千駄ヶ谷1-13-11,35.677198,139.711892,THE FORUM 千駄ヶ谷,-,可能,https://coworking-search.jp/space/1575/
渋谷区,道玄坂２丁目,-,東京都渋谷区道玄坂2丁目17-2　トップ美奄 2F,35.658662,139.696589,KOBUSHI BEER LOUNGE & BAR,16席,可能,https://coworking-search.jp/space/2201/
渋谷区,渋谷２丁目,-,東京都渋谷区渋谷2丁目10-15,35.660325,139.706689,EXPERT OFFICE 渋谷,-,可能,https://coworking-search.jp/space/165/
渋谷区,渋谷１丁目,-,東京都渋谷区渋谷1-7-5　青山セブンハイツ 2階,35.660683,139.706335,LiFEREE WORK 渋谷,9席,可能,https://coworking-search.jp/space/1975/
渋谷区,東１丁目,-,東京都渋谷区東1-3-1,35.657528,139.708148,タマリバ,-,-,https://coworking-search.jp/space/1777/
港区,南麻布４丁目,-,東京都港区南麻布4-5-48 フォーサイト南麻布 4F,35.649251,139.724849,GLAMOROUS H 麻布広尾,-,可能,https://coworking-search.jp/space/447/
渋谷区,代々木１丁目,-,東京都渋谷区代々木1-43-11,35.682534,139.699125,BIZcomfort 代々木,28席,可能,https://coworking-search.jp/space/2203/
渋谷区,神宮前３丁目,-,東京都渋谷区神宮前3-25-18,35.67177,139.708415,THE SHARE 神宮前,［フリーデスク］8席　［固定デスク］14席,可能,https://coworking-search.jp/space/1093/
渋谷区,道玄坂１丁目,-,東京都渋谷区道玄坂一丁目12番5号　渋谷マークシティ,35.658046,139.698056,Coin Space 渋谷マークシティ2号店,-,-,https://coworking-search.jp/space/1334/
渋谷区,道玄坂１丁目,-,東京都渋谷区道玄坂1-3-11　一番ビル 5F,35.658281,139.699634,BasisPoint 渋谷店,-,-,https://coworking-search.jp/space/2670/
渋谷区,神南１丁目,-,"東京都渋谷区神南1-20-2　第一清水ビル 2階, 3階",35.661912,139.700117,co-ba 神南,-,可能,https://coworking-search.jp/space/2095/
渋谷区,桜丘町,-,東京都渋谷区渋谷3-10-13　東急REIT渋谷Rビル B1,35.656832,139.700117,LULL TECH BEACH,120席,-,https://coworking-search.jp/space/2489/
渋谷区,広尾１丁目,-,東京都渋谷区広尾1-3-18　広尾オフィスビル 11F,35.648897,139.712373,恵比寿ビジネスセンター,-,可能,https://coworking-search.jp/space/199/
渋谷区,桜丘町,-,東京都渋谷区桜丘町12-10,35.654377,139.701439,ブロックチェーンに特化したコワーキングスペース『Neutrino』,-,-,https://coworking-search.jp/space/1383/
渋谷区,渋谷３丁目,-,"東京都渋谷区渋谷3-2-4　帝都青山第2ビル 4F,5F",35.657187,139.707452,KEISEI×BIZcomfort 渋谷南,19席,可能,https://coworking-search.jp/space/2570/
渋谷区,千駄ケ谷３丁目,-,東京都渋谷区千駄ヶ谷3-15-3,35.676455,139.706973,マフィス北参道,フリーデスク：20席　スモールオフィス：6室,可能,https://coworking-search.jp/space/1344/
渋谷区,神南１丁目,-,東京都渋谷区神南1丁目13-4 IDOビル,35.663179,139.700451,Creative House,-,可能,https://coworking-search.jp/space/837/
渋谷区,渋谷２丁目,-,東京都渋谷区渋谷2-22-6 幸和ビル10F,35.658481,139.703842,POINT EDGE ShibuyaBASE,-,-,https://coworking-search.jp/space/1543/
渋谷区,神泉町,-,東京都渋谷区神泉町8-1　鈴屋ビルB1F,35.655129,139.694045,basement cafe 神泉,-,可能,https://coworking-search.jp/space/1415/
渋谷区,富ケ谷１丁目,-,東京都渋谷区富ヶ谷1-6-8 モリービル3F,35.668973,139.689546,MAKERS COFFEE,-,-,https://coworking-search.jp/space/1620/
渋谷区,代々木２丁目,-,東京都渋谷区代々木2-5-1　羽田ビル905号室,35.687136,139.697619,おとな自習室 新宿,-,-,https://coworking-search.jp/space/1964/
渋谷区,道玄坂１丁目,-,東京都渋谷区道玄坂1-15-3　プリメーラ道玄坂1F,35.657294,139.697719,Printworks Studio Shibuya,26席,-,https://coworking-search.jp/space/1783/
渋谷区,千駄ケ谷３丁目,-,東京都渋谷区千駄ヶ谷3-28-8  鳩森ビル303,35.677661,139.70839,ジーエルベース・コワーキングスペース 千駄ヶ谷,-,可能,https://coworking-search.jp/space/1156/
渋谷区,桜丘町,-,東京都渋谷区桜丘町26-1　セルリアンタワー15階,35.656409,139.699354,エグゼクティブセンター 渋谷セルリアンタワー,-,可能,https://coworking-search.jp/space/159/
渋谷区,代官山町,-,東京都渋谷区代官山町14-9　ヴァイシャーリー B1F/1F/3F,35.650206,139.7044,いいオフィス 代官山 by N'sLounge,約20席,-,https://coworking-search.jp/space/2073/
渋谷区,渋谷１丁目,-,東京都渋谷区渋谷1-17-1　TOC第2ビル 2F,35.661448,139.703109,シェアオフィス『HOLSTAR』渋谷,-,可能,https://coworking-search.jp/space/1256/
渋谷区,恵比寿西１丁目,-,東京都渋谷区恵比寿西1-7-4　エビスファーストビル 4階,35.647765,139.708948,E-コワーキング,約30席,-,https://coworking-search.jp/space/2227/
渋谷区,渋谷１丁目,-,東京都渋谷区渋谷1-17-1　TOC第2ビル3F,35.661449,139.703064,PORTAL 渋谷,-,可能,https://coworking-search.jp/space/1394/
渋谷区,恵比寿西１丁目,-,"東京都渋谷区恵比寿西一丁目33番6号　JP noie 恵比寿西 1F,2F",35.647,139.704043,co-ba 恵比寿,-,可能,https://coworking-search.jp/space/2096/
港区,南麻布４丁目,-,東京都港区南麻布4-12-25　南麻布セントレ 2F,35.647156,139.72423,PLAZA M's 南麻布,6席,可能,https://coworking-search.jp/space/1159/
渋谷区,渋谷２丁目,-,東京都渋谷区渋谷2-21-1 渋谷ヒカリエ8階 8 ⁄（ハチ）,35.659075,139.703739,Creative Lounge MOV,-,可能,https://coworking-search.jp/space/1850/
渋谷区,渋谷１丁目,-,東京都渋谷区渋谷1-24-7 渋谷宮下パークビルB102,35.660525,139.701967,konochikara 渋谷店,28席,-,https://coworking-search.jp/space/1617/
渋谷区,神宮前１丁目,-,東京都渋谷区神宮前1-20-2 FOUND HARAJUKU 3階,35.671725,139.704864,W CAFE,-,-,https://coworking-search.jp/space/1577/
渋谷区,代官山町,-,東京都渋谷区代官山町9-10　SodaCCo 4-6F,35.651681,139.704698,クリエイター専用シェアオフィス『co-lab 代官山』,デスク：9席,可能,https://coworking-search.jp/space/1937/
渋谷区,渋谷１丁目,-,"東京都渋谷区渋谷1-1-3　アミーホール 3,4F",35.661498,139.707362,THE HUB 青山 WEST,25席,可能,https://coworking-search.jp/space/2207/
渋谷区,代々木３丁目,-,東京都渋谷区代々木3-1-11　パシフィックスクエア代々木 4F,35.68226,139.695744,Business Mall 代々木,-,可能,https://coworking-search.jp/space/196/
渋谷区,代々木２丁目,-,東京都渋谷区代々木2-30-4,35.683702,139.69855,YCS 代々木,-,可能,https://coworking-search.jp/space/833/
渋谷区,渋谷２丁目,-,東京都渋谷区渋谷2-22-8　名取ビル 3～5階,35.658483,139.703506,アットビジネスセンター渋谷東口駅前,3席～　当日の会議室運営状況に応じて変更あり,-,https://coworking-search.jp/space/2222/
渋谷区,渋谷２丁目,-,東京都渋谷区渋谷2丁目2-17　TranceWORKS青山ビル,35.660753,139.708313,トランスワークス青山,-,可能,https://coworking-search.jp/space/1542/
渋谷区,恵比寿４丁目,-,東京渋谷区恵比寿4-20-3　恵比寿ガーデンプレイスタワー18F,35.642211,139.713446,サーブコープ 恵比寿ガーデンプレイスタワー,-,可能,https://coworking-search.jp/space/2642/
渋谷区,神宮前６丁目,-,東京都渋谷区神宮前6-17-10　原宿アールビル2F,35.665275,139.703303,モバフ原宿,50席,可能,https://coworking-search.jp/space/1573/
渋谷区,宇田川町,-,東京都渋谷区宇田川町3-1 渋谷東武ホテル内 地下1階,35.66304,139.698694,勉強カフェ　渋谷スタジオ,-,-,https://coworking-search.jp/space/1583/
渋谷区,恵比寿南１丁目,-,東京都渋谷区恵比寿南1-8-8 リアルミホビル3F,35.64601,139.708799,SHARE BA UNION 恵比寿,20席,可能,https://coworking-search.jp/space/1619/
渋谷区,代々木１丁目,-,東京都渋谷区代々木1-25-5,35.681543,139.700418,BIZSMART代々木,コワーキングスペース：30席　コワーキングプラススペー,可能,https://coworking-search.jp/space/2550/
渋谷区,神宮前１丁目,-,"東京都渋谷区神宮前1-5-8　神宮前タワービルディング 13階,14階",35.670688,139.706694,エグゼクティブセンター 神宮前タワービル,-,可能,https://coworking-search.jp/space/1860/
渋谷区,神南１丁目,-,東京都渋谷区神南1-21-3 渋谷モディ4F,35.661587,139.700478,Coin Space 渋谷モディ店,41席,-,https://coworking-search.jp/space/1546/
渋谷区,渋谷３丁目,-,東京都渋谷区渋谷3-27-15　坂上ビル7階,35.656072,139.704669,Lightning spot 渋谷,-,可能,https://coworking-search.jp/space/1395/
渋谷区,神南１丁目,-,東京都渋谷区神南1-20-13　​​ザ・ミレニアルズ渋谷内,35.662194,139.699746,.andwork 渋谷,-,可能,https://coworking-search.jp/space/1342/
渋谷区,神宮前６丁目,-,東京都渋谷区神宮前6-33-14　神宮ハイツ1F-201,35.668105,139.704101,TURN harajuku,-,-,https://coworking-search.jp/space/902/
渋谷区,渋谷４丁目,-,東京都渋谷区渋谷4-5-5,35.658621,139.70878,COHSA SHIBUYA,フリーアドレス：12席　固定席：9席,可能,https://coworking-search.jp/space/2017/
渋谷区,神宮前３丁目,-,東京都渋谷区神宮前3-18-16,35.670035,139.708912,MARIA HOUSE,12席,可能,https://coworking-search.jp/space/1603/
渋谷区,道玄坂１丁目,-,東京都渋谷区道玄坂1丁目22−7　道玄坂ピア2F,35.656038,139.695485,FabCafe MTRL 渋谷,約50席,-,https://coworking-search.jp/space/1253/
渋谷区,渋谷３丁目,-,東京都渋谷区渋谷3-5-16 渋谷3丁目スクエアビル2F,35.658007,139.706814,katanaオフィス渋谷,［クラウドオフィス］13席,可能,https://coworking-search.jp/space/1554/
渋谷区,代々木３丁目,-,東京都渋谷区代々木3-1-11　パシフィックスクエア代々木 3F,35.68226,139.695744,Business Lounge 代々木,-,可能,https://coworking-search.jp/space/197/
渋谷区,神宮前６丁目,-,東京都渋谷区神宮前6-10-9 原宿董友ビル4階,35.66736,139.704879,サクラサク（女性専用）,-,可能,https://coworking-search.jp/space/1570/
渋谷区,神南１丁目,-,東京都渋谷区神南1-12-16 和光ビル5F,35.662578,139.700541,RESONANCE POINT 渋谷,-,可能,https://coworking-search.jp/space/640/
渋谷区,千駄ケ谷４丁目,-,東京都渋谷区千駄ケ谷4-23-5　JPR千駄ヶ谷ビル 2F,35.680935,139.706863,AURORA GARDEN,120席,-,https://coworking-search.jp/space/2141/
渋谷区,渋谷３丁目,-,東京都渋谷区渋谷3-28-8 第三久我屋ビル8F,35.656049,139.704261,STUDY LOUNGE,-,-,https://coworking-search.jp/space/1756/
渋谷区,渋谷２丁目,-,東京都渋谷区渋谷2-24-12　渋谷スクランブルスクエア 11F,35.658336,139.702254,SHARE LOUNGE,カウンター席：44席　テーブル席：40席　ソファ席：3,-,https://coworking-search.jp/space/2195/
渋谷区,神南１丁目,-,東京都渋谷区神南1-19-8　渋谷区勤労福祉会館2階,35.662524,139.699627,Coin Space 渋谷神南店,32席,-,https://coworking-search.jp/space/1335/
渋谷区,代官山町,-,東京都渋谷区代官山町20-23 TENOHA代官山,35.648428,139.702986,TENOHA 代官山,12席,-,https://coworking-search.jp/space/1614/
渋谷区,神宮前４丁目,-,東京都渋谷区神宮前4-26-28,35.669193,139.707907,ドロップイン原宿,15席,可能,https://coworking-search.jp/space/977/
渋谷区,渋谷３丁目,-,東京都渋谷区渋谷3-26-16　第五叶ビル 5F,35.654165,139.705581,co-ba 渋谷,-,可能,https://coworking-search.jp/space/2094/
渋谷区,渋谷１丁目,-,東京都渋谷区渋谷1-23-21　渋谷キャスト 1-2F,35.662526,139.702881,クリエイター専用シェアオフィス『co-lab 渋谷キャスト』,デスク会員：5席,可能,https://coworking-search.jp/space/1936/
港区,芝５丁目,-,東京都港区芝5-29-20,35.646151,139.744672,クロスオフィス三田,約30席,可能,https://coworking-search.jp/space/2132/
港区,赤坂４丁目,赤坂,東京都港区赤坂4丁目8番19号 赤坂フロントタウン3階,35.676193,139.733848,赤坂アントレサロン,32席,可能,https://coworking-search.jp/space/2547/
港区,六本木７丁目,六本木,東京都港区六本木7-14-23　ラウンドクロス六本木4，5階,35.663779,139.730837,クロスオフィス六本木,約68席,可能,https://coworking-search.jp/space/2049/
港区,南青山３丁目,-,東京都港区南青山3-8-40青山センタービル 2F,35.667425,139.715132,THE HUB 南青山,33席,可能,https://coworking-search.jp/space/2602/
港区,北青山２丁目,-,東京都港区北青山二丁目12番8号,35.670986,139.716409,BIZ SMART青山,22席,可能,https://coworking-search.jp/space/2569/
港区,西新橋１丁目,虎ノ門,東京都港区西新橋1-18-6,35.66772,139.753409,クロスオフィス内幸町,約50席,可能,https://coworking-search.jp/space/2131/
港区,虎ノ門５丁目,虎ノ門,東京都港区虎ノ門5-13-1　虎ノ門40MTビル 7階,35.663381,139.745764,コンパスオフィス 虎ノ門40MTビル,-,可能,https://coworking-search.jp/space/2233/
港区,港南２丁目,-,東京都港区港南2-17-1　京王品川ビル2F,35.624707,139.739417,BIZcomfort品川Skyway,40席,可能,https://coworking-search.jp/space/2673/
港区,虎ノ門４丁目,虎ノ門,東京都港区虎ノ門4-1-28 虎ノ門タワーズオフィス19F,35.66604,139.743731,.BASE managed by JustCo,ホットデスク約40席（変動する場合がございます。）,可能,https://coworking-search.jp/space/2533/
港区,南青山３丁目,-,東京都港区南青山3-3-3　リビエラ南青山ビル1-4階,35.668124,139.716755,WORKING PARK EN,約120席,可能,https://coworking-search.jp/space/2448/
港区,海岸１丁目,-,東京港区海岸1-2-3　汐留芝離宮ビルディング21F,35.656996,139.758739,サーブコープ 汐留芝離宮ビルディング,-,可能,https://coworking-search.jp/space/2637/
港区,高輪１丁目,-,東京都港区高輪1-26-22,35.637156,139.732729,つなぐラボ高輪,-,可能,https://coworking-search.jp/space/1940/
港区,海岸１丁目,-,東京都港区海岸1丁目4-22 SNビル 6.8.9.10階,35.654597,139.75984,WEIN挑戦者STUDIO,121席,可能,https://coworking-search.jp/space/2384/
港区,三田３丁目,-,東京都港区芝5-32-12　シャーメゾンステージ田町 3〜7F,35.646448,139.742973,THE HUB 田町,-,可能,https://coworking-search.jp/space/2307/
港区,東麻布１丁目,-,東京都港区東麻布1丁目7-3 第二渡邊ビル7F,35.657684,139.74359,01 Garage,-,可能,https://coworking-search.jp/space/1776/
港区,六本木６丁目,六本木,東京都港区六本木6-2-31 六本木ヒルズノースタワー17階,35.661799,139.730197,エグゼクティブセンター 六本木ヒルズノースタワー,-,可能,https://coworking-search.jp/space/160/
港区,新橋１丁目,虎ノ門広域,東京都港区新橋1-18-21　第一日比谷ビル4〜7F,35.668688,139.755285,THE HUB 新橋,-,可能,https://coworking-search.jp/space/185/
港区,南青山５丁目,-,東京都港区南青山5丁目4-41　グラッセリア青山内,35.662229,139.713756,Connect291,20席,-,https://coworking-search.jp/space/2705/
港区,虎ノ門４丁目,虎ノ門,東京港区虎ノ門4-3-1　城山トラストタワー27F,35.664708,139.743381,サーブコープ 城山トラストタワー,-,可能,https://coworking-search.jp/space/2638/
港区,西新橋１丁目,虎ノ門,東京都港区西新橋1-6-13　柏屋ビル 1F,35.669548,139.75269,HAKADORU 虎ノ門店,コワーキングスペース：38席　複数名用商談ブース：2席,-,https://coworking-search.jp/space/2176/
港区,新橋２丁目,虎ノ門広域,東京都港区新橋2-20-15　新橋駅前ビル1号館 6階,35.666213,139.759538,ビステーション新橋,34席,可能,https://coworking-search.jp/space/706/
港区,西新橋２丁目,虎ノ門,東京都港区西新橋2-4-3　プロス西新橋ビル 6･7F,35.667384,139.752496,THE HUB 新橋 west,-,可能,https://coworking-search.jp/space/187/
港区,南青山５丁目,-,東京都港区南青山5丁目11-24 グレイセス2F,35.662197,139.711665,クリエイター向けコワーキングスペース「PROP」,-,可能,https://coworking-search.jp/space/1571/
港区,北青山３丁目,-,"東京都港区北青山3-5-6　青朋ビル本館2F,3F",35.667336,139.713851,PORTAL POINT AOYAMA,-,可能,https://coworking-search.jp/space/1978/
港区,芝浦３丁目,-,東京都港区芝浦3-15-6 島倉田町ビル6F,35.642121,139.748259,勉強カフェ　田町スタジオ,-,-,https://coworking-search.jp/space/1585/
港区,芝５丁目,-,"東京都港区芝5-16-14　三田ノックスビル3F,4F",35.648559,139.745704,BIZcomfort 田町,46席,可能,https://coworking-search.jp/space/1891/
港区,元麻布３丁目,-,東京都港区元麻布 3-1-6,35.658197,139.728495,BLINK 六本木,-,可能,https://coworking-search.jp/space/1561/
港区,高輪２丁目,-,東京都港区高輪2-16-4,35.64004,139.739331,STOCK 品川,-,可能,https://coworking-search.jp/space/1500/
港区,東新橋２丁目,虎ノ門広域,東京都港区東新橋2-10-10 東新橋ビル2Ｆ,35.66119,139.756224,katanaオフィス汐留,［クラウドオフィス］16席,可能,https://coworking-search.jp/space/1555/
港区,赤坂４丁目,赤坂,東京都港区赤坂4-9-25　新東洋赤坂ビル5階,35.67561,139.73293,キッズルーム併設のコワーキングスペース「Hatch Cowork+KIDs」,-,可能,https://coworking-search.jp/space/1393/
港区,六本木３丁目,六本木,東京都港区六本木3-4-33　マルマン六本木ビル 3F,35.66484,139.736123,六本木ビジネスセンター,-,可能,https://coworking-search.jp/space/191/
港区,高輪２丁目,-,東京都港区高輪2丁目21-36　プロスパラス高輪501,35.635599,139.738908,ivyCafe  NEIGHBOR&WORK 高輪,フリーデスク：4席　固定デスク：4席　L字型デスク：2,可能,https://coworking-search.jp/space/2285/
港区,南青山２丁目,-,東京都港区南青山二丁目11-17　第一法規本社ビル 3F,35.671701,139.721608,SENQ 青山並木通り,54席,可能,https://coworking-search.jp/space/2687/
港区,麻布十番１丁目,-,東京都港区麻布十番1-5-10　アトラスビル4〜6F,35.656873,139.733684,AZABU HILLSIDE,-,可能,https://coworking-search.jp/space/183/
港区,三田３丁目,-,東京都港区三田3-4-3　RIPL9（リップルナイン） 1F＋3～7F,35.646473,139.743098,THE OFFICE 田町三田,-,可能,https://coworking-search.jp/space/990/
港区,港南１丁目,-,東京都港区港南1-9-36　NTT DATA品川ビル（アレア品川）,35.630036,139.741242,EXPERT OFFICE 品川,-,可能,https://coworking-search.jp/space/103/
港区,南青山３丁目,-,東京都港区南青山3-13 Commune 2nd,35.665671,139.713334,みどり荘　表参道,-,-,https://coworking-search.jp/space/1170/
港区,高輪２丁目,-,東京都港区高輪2-14-17　グレイス高輪ビル 8･9F,35.635474,139.738259,品川ビジネスセンター,-,可能,https://coworking-search.jp/space/189/
港区,南青山３丁目,-,東京都港区南青山3-1-5 ラ･クラースビル5F,35.668484,139.716536,スタイル南青山,-,可能,https://coworking-search.jp/space/1197/
港区,芝５丁目,-,東京都港区芝5-31-10　サンシャインビル1F/2F,35.64695,139.74689,TSUTAYA田町駅前店,70席,-,https://coworking-search.jp/space/2248/
港区,南青山１丁目,-,東京都港区南青山一丁目2-6　ラティス青山スクエア2F,35.672132,139.725407,SENQ 青山,ラウンジ：12席　ワークプレイス：20席　オープンエア,可能,https://coworking-search.jp/space/956/
港区,新橋３丁目,虎ノ門広域,東京都港区新橋3-21-6,35.664984,139.758069,おしごとお宿 新橋店,30席,-,https://coworking-search.jp/space/2296/
港区,赤坂４丁目,赤坂,東京都港区赤阪4丁目2番3号　ディライトビル2階～5階,35.676034,139.735694,赤坂コークス,-,可能,https://coworking-search.jp/space/1564/
港区,六本木７丁目,六本木,東京港区六本木7-7-7　Tri-Seven Roppongi 8F,35.665144,139.729239,サーブコープ トライセブン ロッポンギ,-,可能,https://coworking-search.jp/space/2639/
港区,赤坂２丁目,赤坂,東京都港区赤坂2-16-6　BIZMARKS赤坂,35.670977,139.738279,THE HUB 赤坂,-,可能,https://coworking-search.jp/space/184/
港区,南青山２丁目,-,東京都港区南青山二丁目15番5号 FARO青山,35.669812,139.721078,FARO青山,-,可能,https://coworking-search.jp/space/1862/
港区,赤坂３丁目,赤坂,東京都港区赤坂3-1-16　BIビル,35.677446,139.736523,THE HUB 赤坂見附,-,可能,https://coworking-search.jp/space/2057/
港区,赤坂２丁目,赤坂,東京都港区赤坂2-10-2　吉川ビル2階,35.670829,139.741647,co-ba 赤坂,-,可能,https://coworking-search.jp/space/1423/
港区,六本木６丁目,六本木,東京都港区六本木6丁目10番1号 六本木ヒルズ森タワー49Ｆ,35.660486,139.728847,六本木ヒルズライブラリー,［ワークスペース］202席　［ライブラリーカフェ］11,-,https://coworking-search.jp/space/1553/
港区,新橋２丁目,虎ノ門広域,東京都港区新橋2丁目20番15号　新橋駅前ビル1号館4階（402B区画）,35.666213,139.759538,フィルポート,-,可能,https://coworking-search.jp/space/797/
港区,西新橋１丁目,虎ノ門,東京都港区西新橋1-17-6　高嶋ビル4階,35.667557,139.753808,TeaTree Studio 新橋,-,可能,https://coworking-search.jp/space/1125/
港区,芝浦１丁目,-,東京都港区芝浦1-9-7　おもだかビル 4F,35.648128,139.753489,田町ビジネスセンター,-,可能,https://coworking-search.jp/space/190/
港区,高輪３丁目,-,東京都港区高輪3丁目23-17　品川センタービルディング4F,35.630636,139.737021,ジュークシナガワ,-,可能,https://coworking-search.jp/space/1627/
港区,新橋２丁目,虎ノ門広域,東京都港区新橋2-16-1 ニュー新橋ビル305Ｃ,35.666282,139.757382,ニュー新橋コワーキング,-,可能,https://coworking-search.jp/space/1934/
港区,赤坂９丁目,六本木,東京都港区赤坂9-2-13,35.668048,139.732122,ninetytwo13,-,可能,https://coworking-search.jp/space/1530/
港区,芝浦１丁目,-,東京都港区芝浦1-13-16　森永芝浦ビル 2階,35.646654,139.75299,コワーキングスペース MORINAGA Village,84席,可能,https://coworking-search.jp/space/1384/
港区,虎ノ門４丁目,虎ノ門,東京都港区虎ノ門4-3-1　城山トラストタワー 4階,35.664708,139.743381,Cozy Works 神谷町,100席,可能,https://coworking-search.jp/space/2647/
港区,芝５丁目,-,東京都港区芝5-36-4　札の辻スクエア 9階,35.645142,139.744807,港区立産業振興センター,100席,可能,https://coworking-search.jp/space/2527/
港区,南青山４丁目,-,東京都港区南青山4-17-33　グランカーサ南青山2F,35.664178,139.718233,NAGAYA AOYAMA,-,可能,https://coworking-search.jp/space/781/
港区,港南２丁目,-,東京港区港南2-15-1　品川インターシティA棟28F,35.627489,139.74203,サーブコープ 品川インターシティA棟,-,可能,https://coworking-search.jp/space/2641/
港区,虎ノ門４丁目,虎ノ門,東京都港区虎ノ門4-3-1 城山トラストタワー4F,35.66464,139.743089,コワーキングスペース「docks」 虎ノ門,-,可能,https://coworking-search.jp/space/1567/
港区,東新橋１丁目,虎ノ門広域,東京都港区東新橋1-6-3　ザ ロイヤルパークホテル アイコニック 東京汐留24F,35.664241,139.760536,BIZcomfort ザ ロイヤルパークホテル アイコニック 東京汐留,80席,可能,https://coworking-search.jp/space/2694/
港区,浜松町２丁目,-,東京都港区浜松町2-5-3,35.654355,139.756458,リブポート 浜松町,15席,可能,https://coworking-search.jp/space/1945/
港区,芝浦１丁目,-,東京都港区芝浦1-13-10　第3東運ビル8階,35.646259,139.753241,co-ba Re-SOHKO 田町,-,可能,https://coworking-search.jp/space/1428/
港区,赤坂３丁目,赤坂,東京都港区赤坂3-19-1 東京農村4F.Root office,35.676046,139.736359,Root Office 赤坂,-,可能,https://coworking-search.jp/space/1517/
港区,新橋１丁目,虎ノ門広域,東京都港区新橋1-15-7　新橋NFビル 7F,35.668089,139.757282,NewWork 新橋,38席,-,https://coworking-search.jp/space/2192/
港区,北青山２丁目,-,東京都港区北青山2-7-13　プラセオ青山ビル 3階,35.671035,139.717826,青山アラマンダワークコート,フリースペース：95席,可能,https://coworking-search.jp/space/1544/
港区,西麻布３丁目,-,東京都港区西麻布3-3-1 長井ビル3F,35.658228,139.727257,KAKUREGA,-,-,https://coworking-search.jp/space/1562/
港区,浜松町１丁目,-,東京都港区浜松町1丁目27-17　三和ビル 4階,35.657667,139.75521,プレミアムオフィス浜松町,-,可能,https://coworking-search.jp/space/817/
港区,虎ノ門５丁目,虎ノ門,東京都港区虎ノ門5丁目11-15 虎ノ門KTビル,35.662273,139.744745,シェアル虎ノ門,-,可能,https://coworking-search.jp/space/1999/
港区,西麻布１丁目,-,東京都港区西麻布1-8-3,35.660877,139.725631,VXL 六本木,-,-,https://coworking-search.jp/space/1563/
港区,南青山２丁目,-,東京都港区南青山2-2-15,35.671346,139.723878,女性専用シェアオフィス 『ショコラ』,-,可能,https://coworking-search.jp/space/1545/
港区,南青山３丁目,-,東京都港区南青山3-7-21,35.666292,139.715979,女性のためのコワーキングスペース「SHEworks」,-,-,https://coworking-search.jp/space/1576/
港区,北青山３丁目,-,東京港区北青山3-6-7　青山パラシオタワー11F,35.665376,139.711322,サーブコープ 青山パラシオタワー,-,可能,https://coworking-search.jp/space/2640/
港区,港南２丁目,-,東京都港区港南2-16-1　品川イーストワンタワー3F,35.627763,139.740774,NewWork 品川,34席,-,https://coworking-search.jp/space/1367/
港区,六本木６丁目,六本木,東京都港区六本木6-10-1　六本木ヒルズ森タワー ウェストウォーク6F,35.660655,139.729002,PARK6 powered by bondolfi boncaffē 六本木,-,-,https://coworking-search.jp/space/1251/
港区,六本木２丁目,六本木,東京都港区六本木2-2-6 福吉町ビル6F,35.667448,139.738957,katanaオフィス六本木,［クラウドオフィス］16席,可能,https://coworking-search.jp/space/1556/
港区,港南１丁目,-,東京都港区港南1-8-15　Wビル2階,35.630377,139.744183,リブポート 品川,112席,可能,https://coworking-search.jp/space/2055/
港区,赤坂３丁目,赤坂,東京都港区赤坂3丁目21-3 牧野ビル2F,35.677056,139.735864,匠ソホラ赤坂,-,-,https://coworking-search.jp/space/1572/
港区,新橋６丁目,虎ノ門広域,東京都港区新橋6-16-8　レックスビル,35.662027,139.752451,KIZASU@Office 新橋,-,可能,https://coworking-search.jp/space/1494/
港区,西新橋１丁目,虎ノ門,東京都港区西新橋1-6-13　吉荒ビル 2F,35.669564,139.752681,MY BASIC OFFICE 虎ノ門,全28席,-,https://coworking-search.jp/space/1785/
港区,芝大門１丁目,-,東京都港区芝大門1-6-6　 芝大門ヤマトビル 3F,35.65773,139.754169,いいオフィス浜松町 by wedo,30席,可能,https://coworking-search.jp/space/2071/
港区,新橋２丁目,虎ノ門広域,東京都港区新橋2-19-3　カシケイビル2F,35.666738,139.759637,コワーキングスペース『BasisPoint 新橋』,-,-,https://coworking-search.jp/space/1418/
港区,東新橋２丁目,虎ノ門広域,東京都港区東新橋2-7-3　昭和アステック 1号館,35.661599,139.756843,BIZMARKS 新橋汐留,-,可能,https://coworking-search.jp/space/820/
港区,西新橋１丁目,虎ノ門,東京都港区西新橋1-7-5,35.669096,139.751976,BIRTH 虎ノ門,10席,可能,https://coworking-search.jp/space/2102/
港区,麻布十番２丁目,-,東京都港区麻布十番2-20-7　麻布十番髙木ビル 8F/9F,35.654751,139.736729,BIRTH 麻布十番,-,可能,https://coworking-search.jp/space/2103/
港区,六本木７丁目,六本木,東京都港区六本木7-15-7　新六本木ビル5〜9F（受付9F）,35.663085,139.731078,SENQ 六本木,全70席,可能,https://coworking-search.jp/space/2026/
港区,六本木４丁目,六本木,東京都港区六本木4−8−5　和幸ビル 2F,35.664112,139.733337,Kant. WORK LOUNGE,約60席,可能,https://coworking-search.jp/space/2482/
港区,南青山５丁目,-,東京都南青山5-12-5 第一和田ビル8階,35.661409,139.713457,Dols dessin 表参道,10席,可能,https://coworking-search.jp/space/1565/
港区,西新橋１丁目,虎ノ門,東京港区西新橋1-2-9　日比谷セントラルビル14F,35.66963,139.754547,サーブコープ 日比谷セントラルビル,-,可能,https://coworking-search.jp/space/2636/
港区,南青山３丁目,-,東京都港区南青山三丁目1番30号 エイベックスビル 2F,35.66774,139.715798,CREATIVE BASE avex EYE,約100席,可能,https://coworking-search.jp/space/1861/
港区,虎ノ門１丁目,虎ノ門,東京都港区虎ノ門1-1-21　新虎ノ門実業会館 5F,35.670333,139.75046,新虎ノ門実業会館,-,可能,https://coworking-search.jp/space/192/
港区,新橋２丁目,虎ノ門広域,東京都港区新橋2-16-1　​ニュー新橋ビル 9F,35.666282,139.757382,LiFEREE WORK 新橋,28席,可能,https://coworking-search.jp/space/1974/
品川区,上大崎３丁目,-,東京都品川区上⼤崎3丁目5-2 リードシー目黒イーストビル5・6階,35.629601,139.694129,BIZcomfort目黒,43席,可能,https://coworking-search.jp/space/2453/
品川区,北品川５丁目,-,東京都品川区北品川5-5-15　大崎ブライトコア4階,35.622175,139.730955,品川区立品川産業支援交流施設　ＳＨＩＰ,130席,可能,https://coworking-search.jp/space/2130/
品川区,西五反田３丁目,-,東京都品川区西五反田３丁目１５−６ リードシー目黒不動前ビル,35.628083,139.71313,MID POINT目黒不動前,-,可能,https://coworking-search.jp/space/2703/
品川区,西五反田２丁目,-,東京都品川区西五反田2-14-13　ニックハイム五反田2階,35.626441,139.719721,BIZcomfort五反田,39席,可能,https://coworking-search.jp/space/2534/
品川区,上大崎３丁目,-,東京都品川区上大崎三丁目2-1　目黒センタービル 8F,35.633668,139.71739,SENQ 目黒,80席,可能,https://coworking-search.jp/space/2688/
品川区,南大井６丁目,-,東京都品川区南大井6-25-3　いちご大森ビル 6F,35.589182,139.730923,NewWork 大森,30席,-,https://coworking-search.jp/space/2727/
品川区,大崎４丁目,-,東京都品川区大崎4-1-7,35.622176,139.722705,VACANCY OFFICE GOTANDA,-,可能,https://coworking-search.jp/space/1263/
品川区,東五反田５丁目,-,東京都品川区東五反田5-22-37,35.628341,139.721771,オフィスサークルN五反田,-,可能,https://coworking-search.jp/space/786/
品川区,上大崎３丁目,-,東京都品川区上大崎 3-1-1　目黒セントラルスクエア 17F（アマゾン新目黒オフィス）,35.633345,139.716589,AWS Loft Tokyo,-,-,https://coworking-search.jp/space/1847/
品川区,東五反田２丁目,-,東京都品川区東五反田2-3-5　五反田中央ビル 7階,35.625497,139.726445,LiFEREE WORK 五反田,28席,可能,https://coworking-search.jp/space/1976/
品川区,東五反田２丁目,-,東京都品川区東五反田2-8-5　KNビル 5F,35.624752,139.725348,コワーキングスペース Pao,ワーキングスペース22席／オープンスペース20席,可能,https://coworking-search.jp/space/972/
品川区,旗の台５丁目,-,東京都品川区旗の台5-3-6 リブ・イン102,35.604823,139.70081,サードプレイス旗の台,-,-,https://coworking-search.jp/space/1621/
品川区,南品川２丁目,-,東京都品川区南品川2-2-5　リードシー南品川ビル 2F,35.611965,139.742094,BIZcomfort 品川大井町,30席,可能,https://coworking-search.jp/space/1917/
品川区,東品川１丁目,-,東京都品川区東品川1-3-15　TENNOZ Rim 2階,35.622269,139.746032,The ParkRex TENNOZ [the DOCK],97席,可能,https://coworking-search.jp/space/2419/
港区,白金台３丁目,-,東京都港区白金台3-18-1 3F,35.635128,139.720721,クリエイターズパイプライン,-,-,https://coworking-search.jp/space/1566/
品川区,小山４丁目,-,東京都品川区小山4-7-15　石神ビル2F,35.61778,139.704041,STUDIO4,-,-,https://coworking-search.jp/space/1774/
品川区,東五反田２丁目,-,東京都品川区東五反田2-3-5　五反田中央ビル8階,35.625497,139.726445,DoorS AIR 五反田店,28席,-,https://coworking-search.jp/space/2436/
品川区,大崎２丁目,-,東京都品川区大崎2-7-11 小澤ビル1F,35.616544,139.726266,大崎ブックカフェ,23席,-,https://coworking-search.jp/space/2452/
品川区,東五反田１丁目,-,東京都品川区東五反田1-22-6　五反田さくらビル3F,35.625835,139.727062,コワーキングスペース『BasisPoint 五反田』,-,-,https://coworking-search.jp/space/1419/
品川区,西品川１丁目,-,東京都品川区西品川一丁目1-1 住友不動産大崎ガーデンタワー 9階,35.614938,139.731068,TUNNEL TOKYO,［オープンラウンジ］約80席　［メンバーラウンジ］約1,可能,https://coworking-search.jp/space/1849/
品川区,大崎２丁目,-,東京都品川区大崎2-9-3　大崎ウエストシティビル2階,35.617238,139.727323,ロッカールーム大崎,-,可能,https://coworking-search.jp/space/510/
品川区,西五反田１丁目,-,東京都品川区西五反田1-13-7 マルキビル503,35.623994,139.724131,コワーキングスペース「CONTENTZ」五反田,-,可能,https://coworking-search.jp/space/545/
品川区,東中延１丁目,-,東京都品川区東中延1-9-13　ザ・パークハビオ荏原中延駅前 1F,35.609922,139.71204,BIZcomfort 荏原中延,28席,可能,https://coworking-search.jp/space/2664/
品川区,西五反田８丁目,-,東京都品川区西五反田8-2-12 アール五反田7A,35.622927,139.720798,Office Plata 五反田,-,可能,https://coworking-search.jp/space/2031/
品川区,西五反田１丁目,-,東京都品川区西五反田1-3-8　五反田PLACE 9F,35.625514,139.722375,NewWork 五反田,54席,-,https://coworking-search.jp/space/2150/
品川区,小山４丁目,-,東京都品川区小山4-4-7 コスモ武蔵小山ビル8F,35.618538,139.70432,nagaya 8f,［フリーアドレス］6席程度　［固定デスク］5席,-,https://coworking-search.jp/space/1524/
江東区,門前仲町１丁目,-,東京都江東区門前仲町1-9-13 ウィズビル1階,35.6734,139.793907,room EXPLACE 門前仲町,6人掛けテーブル×2 ／4人掛けテーブル×2席,-,https://coworking-search.jp/space/1953/
江東区,亀戸５丁目,-,東京都江東区亀戸5-6-21 UIW9BLDG 2F,35.698315,139.827656,BIZcomfort 亀戸,34席,可能,https://coworking-search.jp/space/1888/
江東区,三好１丁目,-,東京都江東区三好1-8-3　越前屋ビル2F,35.680369,139.799217,NAGAYA 清澄白河駅前,フリーアドレス席：6席,可能,https://coworking-search.jp/space/2444/
江東区,青海２丁目,-,東京都江東区青海二丁目5番10号　テレコムセンター東棟 14階,35.617089,139.780065,アジアスタートアップオフィスMONO,40席,可能,https://coworking-search.jp/space/2699/
江東区,三好２丁目,-,東京都江東区三好2-6-10 The Fleming House 2F,35.679489,139.803409,NAGAYA 清澄白河,フリーアドレス席：14席,可能,https://coworking-search.jp/space/2446/
江東区,有明３丁目,-,東京都江東区有明3-7-11　有明パークビル 20F,35.632682,139.793047,THE HUB 東京ベイ有明ワシントン,-,可能,https://coworking-search.jp/space/2126/
江東区,富岡２丁目,-,東京都江東区富岡2-11-18　リードシー門前仲町 4階,35.669974,139.801439,BIZcomfort 門前仲町,23席,可能,https://coworking-search.jp/space/1905/
江東区,有明３丁目,-,東京江東区有明3-7-26　有明フロンティアビルB棟9F,35.631467,139.79179,サーブコープ 有明フロンティアビルB棟,-,可能,https://coworking-search.jp/space/2646/
江東区,亀戸７丁目,-,東京都江東区亀戸7ｰ44ｰ2,35.696072,139.834306,BIZcomfort 亀戸南,12席,可能,https://coworking-search.jp/space/2065/
江東区,大島５丁目,-,東京都江東区大島5丁目12-3,35.688517,139.834193,ivyCafe  NEIGHBOR&WORK 大島,-,可能,https://coworking-search.jp/space/2252/
江東区,北砂２丁目,-,東京都江東区北砂2-17-1 アリオ北砂3F,35.682529,139.825614,COTOLIBA 北砂店,57席,-,https://coworking-search.jp/space/2454/
江東区,東陽３丁目,-,東京都江東区東陽3-27-17　長谷川ビル5階,35.670691,139.816145,room EXPLACE 東陽町,6人掛けテーブル×2 ／個人ブース席×24,-,https://coworking-search.jp/space/1954/
江東区,亀戸１丁目,-,東京都江東区亀戸1-7-3 パークノヴァ亀戸 201号室,35.696001,139.821101,ソフトオフィス錦糸町,-,可能,https://coworking-search.jp/space/403/
江東区,青海２丁目,-,東京都江東区青海2丁目7-4,35.618684,139.773695,the SOHO,16席,可能,https://coworking-search.jp/space/498/
江東区,門前仲町１丁目,-,東京都江東区門前仲町1-13-12　HYPERMIX B1,35.6734,139.795152,HYPERMIX「COFFICE 門前仲町」,-,可能,https://coworking-search.jp/space/1983/
