指標名,薬局,,,,,,,
出典,病院なび,,,,,,,
年次,2024/2/5取得,,,,,,,
URL,https://byoinnavi.jp/,,,,,,,
備考,"（2020年度：1,315件、2021年度：1,321件、2022年度：1,323件、2023年度：1,310件）",,,,,,,
,,,,,,,,
区,町丁,エリア,住所,緯度,経度,施設名,カテゴリ,URL
中央区,日本橋人形町１丁目,-,東京都中央区日本橋人形町一丁目6番9号人形町大内ビル1階,35.68467,139.78236,健ナビ薬樹薬局 人形町,薬局,https://www.yakuju.co.jp/pharmacy/view/164
中央区,築地４丁目,-,東京都中央区築地4-3-11うねめビル1F,35.66689,139.76839,株式会社ファーマみらい 共創未来 築地4丁目薬局,薬局,http://www.phmirai.co.jp/shops/detail.php?id=71
中央区,築地６丁目,-,東京都中央区築地6-26-3DO築地ビル1F,35.66501,139.77171,株式会社ファーマみらい 共創未来 築地場外市場薬局,薬局,http://www.phmirai.co.jp/shops/detail.php?id=17
中央区,日本橋大伝馬町,-,東京都中央区日本橋大伝馬町13-8メディカルプライム日本橋小伝馬町1F,35.69103,139.78109,株式会社なの花 メトロファーマシー日本橋小伝馬町店,薬局,https://www.metropharmacy.tokyo/
中央区,月島１丁目,-,東京都中央区月島1-11-9,35.66506,139.78188,フレンド薬局,薬局,https://www.monet-ph.com/
中央区,明石町,-,東京都中央区明石町11-15,35.66710,139.77482,望星築地薬局,薬局,https://www.bohseipharmacy.co.jp/
中央区,銀座５丁目,-,東京都中央区銀座5-7-7,35.67109,139.76425,銀座清水薬局,薬局,http://ginzashimzpha.jp/
中央区,日本橋室町２丁目,日八京,東京都中央区日本橋室町2-4-3日本橋室町野村ビル7階,35.68742,139.77393,アイセイ薬局 日本橋室町店,薬局,https://www.aisei.co.jp/
中央区,入船１丁目,-,東京都中央区入船1-5-11弘報ビル1階,35.67271,139.77735,桜川薬局,薬局,https://www.tmy.or.jp
中央区,勝どき３丁目,-,東京都中央区勝どき3-5-5AIP勝どき駅前ビル3階,35.65868,139.77589,アイセイ薬局 勝どき店,薬局,https://www.aisei.co.jp/
中央区,日本橋１丁目,日八京,東京都中央区日本橋茅場町1-13-15新居ビル6階,35.68219,139.77559,ウイング薬局 茅場町店,薬局,https://wing-pharmacy.com
中央区,日本橋堀留町２丁目,-,東京都中央区日本橋堀留町2-6-6,35.68937,139.78089,みらくる薬局 日本橋店,薬局,-
中央区,日本橋堀留町１丁目,-,東京都中央区日本橋堀留町1-10-19,35.68818,139.78000,れんげ薬局 日本橋店,薬局,-
中央区,日本橋茅場町２丁目,-,東京都中央区日本橋茅場町2-10-5住友生命茅場町ビル1階,35.67856,139.77867,トモズ 茅場町店,薬局,-
中央区,日本橋人形町１丁目,-,東京都中央区日本橋人形町1-14-81階,35.68404,139.78388,トモズ 水天宮前店,薬局,-
中央区,日本橋１丁目,日八京,東京都中央区日本橋1-4-1日本橋一丁目ビルディング1階,35.68263,139.77448,トモズ コレド日本橋店,薬局,-
中央区,日本橋浜町３丁目,-,東京都中央区日本橋浜町3-3-1,35.68482,139.78787,トモズ トルナーレ浜町店,薬局,-
中央区,晴海１丁目,-,東京都中央区晴海1-8-16晴海トリトン2-8,35.65747,139.78238,トモズ 晴海トリトン店,薬局,-
中央区,銀座３丁目,-,東京都中央区銀座3-10-1銀座3丁目Dビルディング,35.67159,139.76846,トモズ 銀座三丁目店,薬局,-
中央区,月島１丁目,-,東京都中央区月島1-9-15区立月島西仲住宅102,35.66506,139.78295,福むら薬局,薬局,-
中央区,月島１丁目,-,東京都中央区月島1-8-1アイマークタワー104,35.66441,139.78321,きらり月島薬局,薬局,-
中央区,佃１丁目,-,東京都中央区佃1-11-8ピアウエストスクエア1階,35.66948,139.78467,ウィルファーマ,薬局,-
中央区,明石町,-,東京都中央区明石町11-3築地アサカワビル1F,35.66702,139.77521,つくだ調剤薬局,薬局,-
中央区,八丁堀３丁目,-,東京都中央区八丁堀3-2-5八丁堀医療ビル1F,35.67504,139.77329,おだいじに薬局 八丁堀店,薬局,-
中央区,新富２丁目,-,東京都中央区新富2-14-5VESTAビル1階,35.67056,139.77493,ヘルス薬局 新富店,薬局,-
中央区,勝どき１丁目,-,東京都中央区勝どき1-3-1BrilliaistTower勝どき,35.66066,139.77678,勝どき一丁目薬局,薬局,-
中央区,築地４丁目,-,東京都中央区築地4-4-12OS築地ビル1F,35.66655,139.76907,田辺薬局築地市場店,薬局,-
中央区,新富１丁目,-,東京都中央区新富1-19-5三船ビル1F,35.67316,139.77598,阪神薬局,薬局,-
中央区,明石町,-,東京都中央区明石町8-1聖路加タワー2F,35.66701,139.77866,薬局エスエルファーマシー,薬局,-
中央区,京橋２丁目,日八京,東京都中央区京橋2-12-4光和ビル1F,35.67586,139.77176,ニックハート薬局,薬局,-
中央区,月島３丁目,-,東京都中央区月島3-13-4,35.66210,139.78113,みのり薬局,薬局,-
中央区,日本橋蛎殻町１丁目,-,東京都中央区日本橋蠣殻町1-19-9,35.68185,139.78332,チトセ薬局,薬局,-
中央区,日本橋蛎殻町２丁目,-,東京都中央区日本橋蛎殻町2丁目5番3号,35.68392,139.78519,有限会社ホリベ商会 水天宮ファーマシィ,薬局,-
中央区,日本橋堀留町２丁目,-,東京都中央区日本橋堀留町2-8-5デンヨービル1F,35.68873,139.78153,ヘルス薬局日本橋店,薬局,-
中央区,明石町,-,東京都中央区明石町11-6加健築地ビル1F,35.66695,139.77572,加健調剤薬局,薬局,-
中央区,日本橋茅場町２丁目,-,東京都中央区日本橋茅場町2-6-8大湯ビル1F,35.67935,139.77869,ひまわり薬局茅場町店,薬局,-
中央区,月島２丁目,-,東京都中央区月島2-17-9,35.66190,139.78374,アポロ薬局,薬局,-
中央区,新川２丁目,-,東京都中央区新川2-17-12Eビル1F,35.67487,139.78193,越前堀薬局,薬局,-
中央区,日本橋人形町１丁目,-,東京都中央区日本橋人形町1-4-10人形町センタービル1F,35.68582,139.78175,清心丹薬局,薬局,-
中央区,築地２丁目,-,東京都中央区築地2-11-26築地MKビル1F,35.66902,139.77209,近藤薬局,薬局,-
中央区,新川２丁目,-,東京都中央区新川2-22-6,35.67388,139.78242,越前堀薬局プッシュ,薬局,-
中央区,築地２丁目,-,東京都中央区築地2-9-6,35.66904,139.77268,(有)トラヤ薬局(東京都中央区 | 築地駅),薬局,-
中央区,日本橋蛎殻町２丁目,-,東京都中央区日本橋蛎殻町2-2-4,35.68282,139.78573,イシダ薬局,薬局,-
中央区,日本橋蛎殻町１丁目,-,東京都中央区日本橋蛎殻町1-9-1,35.68303,139.78152,オバタ薬局,薬局,-
中央区,日本橋蛎殻町１丁目,-,東京都中央区日本橋蛎殻町1-39-7,35.68344,139.78457,かねまん薬局総本店水天宮前支店,薬局,-
中央区,日本橋蛎殻町１丁目,-,東京都中央区日本橋蛎殻町1-10-4,35.68353,139.78138,くま薬局,薬局,-
中央区,日本橋蛎殻町１丁目,-,東京都中央区日本橋蛎殻町1-29-6,35.68331,139.78388,ホリベ薬局 人形町店,薬局,-
中央区,日本橋人形町２丁目,-,東京都中央区日本橋人形町2-1-2,35.68420,139.78445,マツモトキヨシ 水天宮駅前店,薬局,-
中央区,日本橋人形町３丁目,-,東京都中央区日本橋人形町3-8-2,35.68669,139.78221,ドラッグ・オゾン人形町店,薬局,-
中央区,日本橋富沢町,-,東京都中央区日本橋富沢町12-7,35.69028,139.78149,理研新薬,薬局,-
中央区,日本橋馬喰町２丁目,-,東京都中央区日本橋馬喰町2-4-15,35.69593,139.78249,アポファーマシー,薬局,-
中央区,日本橋馬喰町２丁目,-,東京都中央区日本橋馬喰町2-2-5,35.69537,139.78305,セントラル薬局 馬喰町店,薬局,-
中央区,日本橋馬喰町１丁目,-,東京都中央区日本橋馬喰町1-6-5,35.69300,139.78229,(株)紺野薬局(東京都中央区 | 馬喰町駅),薬局,-
中央区,日本橋人形町１丁目,-,東京都中央区日本橋人形町1-4-14,35.68552,139.78154,(株)テトラメディカルサプライ(東京都中央区 | 人形町駅),薬局,-
中央区,日本橋人形町１丁目,-,東京都中央区日本橋人形町1-18-7,35.68577,139.78252,福住薬局,薬局,-
中央区,日本橋室町１丁目,日八京,東京都中央区日本橋室町1-5-2,35.68571,139.77441,スギ薬局日本橋三越前店,薬局,-
中央区,日本橋浜町２丁目,-,東京都中央区日本橋浜町2-35-7,35.68885,139.78623,島鶴ファーマシー,薬局,-
中央区,日本橋室町１丁目,日八京,東京都中央区日本橋室町1-7-2,35.68491,139.77479,日本橋薬局,薬局,-
中央区,日本橋室町４丁目,日八京,東京都中央区日本橋室町4-6-2,35.68978,139.77278,スギ薬局日本橋室町店,薬局,-
中央区,日本橋浜町２丁目,-,東京都中央区日本橋浜町2-28-6,35.68676,139.78801,桃花満天堂,薬局,-
中央区,日本橋室町２丁目,日八京,東京都中央区日本橋室町2-1-1,35.68682,139.77249,日本調剤 日本橋室町薬局,薬局,-
中央区,日本橋浜町１丁目,-,東京都中央区日本橋浜町1-2-1,35.68953,139.78561,どらっぐぱぱす 日本橋浜町店,薬局,-
中央区,日本橋浜町２丁目,-,東京都中央区日本橋浜町2-29-1,35.68681,139.78753,漢方研究有識者会有限責任事業組合,薬局,-
中央区,日本橋浜町２丁目,-,東京都中央区日本橋浜町2-31-1,35.68802,139.78683,しまづる浜町薬局,薬局,-
中央区,日本橋３丁目,日八京,東京都中央区日本橋3-3-14,35.68009,139.77119,こだま薬局,薬局,-
中央区,日本橋２丁目,日八京,東京都中央区日本橋2-2-20,35.68210,139.77197,トーシン薬局仲通り店,薬局,-
中央区,日本橋兜町,-,東京都中央区日本橋兜町8-4,35.68156,139.77790,兜町薬局,薬局,-
中央区,日本橋兜町,-,東京都中央区日本橋兜町15-6,35.67924,139.77706,くすりの福太郎 茅場町店,薬局,-
中央区,日本橋２丁目,日八京,東京都中央区日本橋2-15-3,35.68131,139.77614,イスクラ薬局日本橋店,薬局,-
中央区,日本橋２丁目,日八京,東京都中央区日本橋2-1-10,35.68243,139.77313,柳屋ビル薬局,薬局,-
中央区,日本橋２丁目,日八京,東京都中央区日本橋2-1-16,35.68230,139.77261,二丁目調剤薬局,薬局,-
中央区,日本橋１丁目,日八京,東京都中央区日本橋1-7-11,35.68326,139.77540,スリーアイ薬局日本橋店,薬局,-
中央区,日本橋本町４丁目,日八京,東京都中央区日本橋本町4-4-2,35.69009,139.77280,ファーマスクエア,薬局,-
中央区,日本橋本町４丁目,日八京,東京都中央区日本橋本町4-2-8,35.68972,139.77388,(株)ウチダ和漢薬(東京都中央区 | 新日本橋駅),薬局,-
中央区,日本橋本町４丁目,日八京,東京都中央区日本橋本町4-7-13,35.68980,139.77478,(有)成川薬品(東京都中央区 | 新日本橋駅),薬局,-
中央区,日本橋本石町３丁目,日八京,東京都中央区日本橋本石町3-2-12,35.68744,139.77088,スター薬局,薬局,-
中央区,日本橋本町１丁目,日八京,東京都中央区日本橋本町1-6-1,35.68650,139.77714,小太郎漢方製薬,薬局,-
中央区,日本橋大伝馬町,-,東京都中央区日本橋大伝馬町11-8,35.68999,139.78066,テトラ薬局大伝馬町店,薬局,-
中央区,日本橋本町３丁目,日八京,東京都中央区日本橋本町3-8-5,35.68954,139.77642,(株)ジャパンファーマシー(東京都中央区 | 小伝馬町駅),薬局,-
中央区,日本橋本町３丁目,日八京,東京都中央区日本橋本町3-4-3,35.68881,139.77464,(有)志平商店(東京都中央区 | 新日本橋駅),薬局,-
中央区,日本橋大伝馬町,-,東京都中央区日本橋大伝馬町1-7,35.68930,139.77846,(株)メディカルサポート(東京都中央区 | 小伝馬町駅),薬局,-
中央区,日本橋小網町,-,東京都中央区日本橋小網町16-14,35.68513,139.78032,堺屋薬局,薬局,-
中央区,日本橋小伝馬町,-,東京都中央区日本橋小伝馬町1-3,35.68992,139.77747,信和薬品,薬局,-
中央区,日本橋小舟町,-,東京都中央区日本橋小舟町8-6,35.68582,139.77854,フタバ薬局,薬局,-
中央区,日本橋小網町,-,東京都中央区日本橋小網町12-7,35.68298,139.78092,(株)ツルハ 関東オフィス(東京都中央区 | 茅場町駅),薬局,-
中央区,築地６丁目,-,東京都中央区築地6-19-23,35.66410,139.77479,アオバドラッグ,薬局,-
中央区,築地５丁目,-,東京都中央区築地5-2-1,35.66266,139.76920,(株)新橋薬品商会 中央市場薬舗(東京都中央区 | 築地市場駅),薬局,-
中央区,築地４丁目,-,東京都中央区築地4-6-6,35.66609,139.76953,日本調剤築地薬局,薬局,-
中央区,築地４丁目,-,東京都中央区築地4-3-8,35.66665,139.76855,(有)アンディ(東京都中央区 | 築地市場駅),薬局,-
中央区,築地１丁目,-,東京都中央区築地1-12-6,35.66840,139.77050,どらっぐぱぱす 築地店,薬局,-
中央区,新川２丁目,-,東京都中央区新川2-16-11,35.67525,139.78281,新川調剤薬局,薬局,-
中央区,新川１丁目,-,東京都中央区新川1-8-15,35.67773,139.78276,石倉商店,薬局,-
中央区,日本橋堀留町２丁目,-,東京都中央区日本橋堀留町2-1-4,35.68775,139.78127,オキナ薬局,薬局,-
中央区,日本橋茅場町２丁目,-,東京都中央区日本橋茅場町2-6-8,35.67935,139.77869,(株)ニック(東京都中央区 | 茅場町駅),薬局,-
中央区,京橋２丁目,日八京,東京都中央区京橋2-8-18,35.67737,139.77078,スギ薬局京橋店,薬局,-
中央区,銀座８丁目,-,東京都中央区銀座8-8-11,35.66790,139.76105,銀座ペンギン薬局,薬局,-
中央区,銀座８丁目,-,東京都中央区銀座8-7,35.66824,139.76086,銀座ビューティーライフ,薬局,-
中央区,銀座８丁目,-,東京都中央区銀座8-6-5,35.66888,139.76104,井上薬局,薬局,-
中央区,銀座８丁目,-,東京都中央区銀座8-5-1,35.66941,139.76066,宝仙堂ドラッグ銀座店,薬局,-
中央区,銀座７丁目,-,東京都中央区銀座7-6-15,35.66956,139.76152,鳥居ドラツグ,薬局,-
中央区,銀座７丁目,-,東京都中央区銀座7-2-4,35.67097,139.76069,阪神調剤薬局銀座店,薬局,-
中央区,新富１丁目,-,東京都中央区新富1-17-8,35.67174,139.77531,ハコネ薬局,薬局,-
中央区,銀座６丁目,-,東京都中央区銀座6-4-11,35.67089,139.76117,西銀座ドラツク,薬局,-
中央区,銀座６丁目,-,東京都中央区銀座6-2-3,35.67184,139.76107,あさがお薬局,薬局,-
中央区,銀座５丁目,-,東京都中央区銀座5-5-1,35.67182,139.76385,マツモトキヨシ銀座5th店,薬局,-
中央区,銀座５丁目,-,東京都中央区銀座5-15-1,35.66857,139.76774,銀座薬局,薬局,-
中央区,銀座５丁目,-,東京都中央区銀座5-14-6,35.66856,139.76710,くすりの福太郎 銀座5丁目店,薬局,-
中央区,銀座５丁目,-,東京都中央区銀座5-1-15,35.67225,139.76170,日本調剤 銀座泰明薬局,薬局,-
中央区,銀座４丁目,-,東京都中央区銀座4-8-7,35.67036,139.76649,(株)三原薬品 銀座四丁目店(東京都中央区 | 東銀座駅),薬局,-
中央区,銀座７丁目,-,東京都中央区銀座7-10-5,35.66863,139.76332,かちどき薬局銀座店,薬局,-
中央区,京橋２丁目,日八京,東京都中央区京橋2-8-21,35.67749,139.77092,中央薬局,薬局,-
中央区,銀座４丁目,-,東京都中央区銀座4-11-3,35.67018,139.76833,大塚薬局,薬局,-
中央区,銀座３丁目,-,東京都中央区銀座3-4-5,35.67301,139.76600,薬局アポック銀座ガス灯通り店,薬局,-
中央区,銀座３丁目,-,東京都中央区銀座3-14-4,35.67050,139.76996,銀座漢方天風堂薬局,薬局,-
中央区,銀座３丁目,-,東京都中央区銀座3-14-13,35.66996,139.76918,銀座・楽天堂薬局,薬局,-
中央区,銀座３丁目,-,東京都中央区銀座3-11-16,35.67083,139.76860,(株)フォーバ(東京都中央区 | 東銀座駅),薬局,-
中央区,銀座２丁目,-,東京都中央区銀座2-6-5,35.67368,139.76727,漢方カウンセリングルームKaon,薬局,-
中央区,銀座２丁目,-,東京都中央区銀座2-4-1,35.67445,139.76670,薬局アポック銀座柳通り支店,薬局,-
中央区,銀座２丁目,-,東京都中央区銀座2-1,35.67126,139.76975,(株)大成堂 西銀座支店(東京都中央区 | 東銀座駅),薬局,-
中央区,銀座１丁目,-,東京都中央区銀座1-16-5,35.67400,139.77067,くすりの福太郎 銀座1丁目店,薬局,-
中央区,銀座１丁目,-,東京都中央区銀座1-1-1,35.67235,139.77053,シェトワ,薬局,-
中央区,銀座１丁目,-,東京都中央区銀座1-13-9,35.67326,139.76926,クオール薬局銀座店,薬局,-
中央区,東日本橋２丁目,-,東京都中央区東日本橋2-11-5,35.69292,139.78703,薬局秀ハーブラウンジ,薬局,-
中央区,八重洲２丁目,日八京,東京都中央区八重洲2-1-5,35.67967,139.76988,ハートフル薬局八重洲店,薬局,-
中央区,八重洲２丁目,日八京,東京都中央区八重洲2-1,35.67987,139.76961,マルゼン八重洲北口店,薬局,-
中央区,八重洲１丁目,日八京,東京都中央区八重洲1-6-18,35.68144,139.77004,トーシン薬局,薬局,-
中央区,八丁堀３丁目,-,東京都中央区八丁堀3-8-1,35.67581,139.77461,八丁堀薬局,薬局,-
中央区,東日本橋３丁目,-,東京都中央区東日本橋3-7-3,35.69111,139.78414,(有)川名薬局(東京都中央区 | 東日本橋駅),薬局,-
中央区,八丁堀２丁目,-,東京都中央区八丁堀2-22-11,35.67634,139.77711,野沢天祐堂漢方薬局,薬局,-
中央区,八丁堀２丁目,-,東京都中央区八丁堀2-19-7,35.67589,139.77636,佐藤薬局,薬局,-
中央区,豊海町,-,東京都中央区豊海町2-2,35.65417,139.77125,さくら薬局豊海店,薬局,-
中央区,八丁堀３丁目,-,東京都中央区八丁堀3-16-7,35.67526,139.77599,すずらん薬局,薬局,-
中央区,佃２丁目,-,東京都中央区佃2-5-11,35.66692,139.78483,さくら薬局中央佃店,薬局,-
中央区,晴海１丁目,-,東京都中央区晴海1-6-5,35.65892,139.78345,日野薬局晴海店,薬局,-
中央区,佃２丁目,-,東京都中央区佃2-5-13,35.66705,139.78467,佃調剤薬局,薬局,-
中央区,佃２丁目,-,東京都中央区佃2-2-7,35.66847,139.78563,アンソニーズ,薬局,-
中央区,佃２丁目,-,東京都中央区佃2-14-3,35.66601,139.78552,(有)後藤田中商店(東京都中央区 | 月島駅),薬局,-
中央区,明石町,-,東京都中央区明石町8-1,35.66704,139.77867,(株)エヌ・エス・ライフコーポレーション(東京都中央区 | 月島駅),薬局,-
中央区,明石町,-,東京都中央区明石町11-3,35.66700,139.77521,かちどき薬局築地店,薬局,-
中央区,月島４丁目,-,東京都中央区月島4-5-12,35.66065,139.78299,公仁薬局月島,薬局,-
中央区,月島４丁目,-,東京都中央区月島4-3-3,35.66132,139.78362,恵愛堂薬局,薬局,-
中央区,月島３丁目,-,東京都中央区月島3-14-8,35.66161,139.78024,恵愛堂三丁目薬局,薬局,-
中央区,月島２丁目,-,東京都中央区月島2-10-2,35.66344,139.78421,どらっぐぱぱす 月島店,薬局,-
中央区,月島１丁目,-,東京都中央区月島1-26-5,35.66326,139.78272,どらっぐぱぱす 月島1丁目店,薬局,-
中央区,月島１丁目,-,東京都中央区月島1-21-9,35.66396,139.78119,エスアイエム薬局月島店,薬局,-
中央区,月島１丁目,-,東京都中央区月島1-20-5,35.66407,139.78186,(株)信成堂薬局(東京都中央区 | 月島駅),薬局,-
中央区,月島１丁目,-,東京都中央区月島1-19-4,35.66429,139.78225,(株)高地薬局(東京都中央区 | 月島駅),薬局,-
千代田区,九段南２丁目,-,東京都千代田区九段南2-4-11,35.69332,139.74417,オギムラ薬局,薬局,https://www.ogimurapharmacy.jp/
千代田区,鍛冶町１丁目,-,東京都千代田区鍛冶町1丁目8-3神田91ビルディング 1階,35.69087,139.77256,みらくる薬局 神田店,薬局,https://www.hhd-mp.com/store/kanda
千代田区,神田駿河台４丁目,-,東京都千代田区神田駿河台4-3新お茶の水ビル地下1階,35.69877,139.76502,新お茶の水薬局,薬局,https://www.shinocha-p.com/
千代田区,神田駿河台４丁目,-,東京都千代田区神田駿河台4-1-2ステラお茶の水ビル1階,35.69769,139.76552,南山堂薬局 御茶ノ水店,薬局,https://www.nanzando.co.jp
千代田区,九段南１丁目,-,東京都千代田区九段南1丁目6番17号千代田会館ビル1F,35.69356,139.75280,アイセイ薬局 九段南店,薬局,https://www.aisei.co.jp/
千代田区,神田小川町３丁目,-,東京都千代田区神田小川町3-8中北ビル1階,35.69614,139.76175,アイセイ薬局 駿河台店,薬局,https://www.aisei.co.jp/
千代田区,神田錦町１丁目,-,東京都千代田区神田錦町1-5カワベビル1F,35.69174,139.76367,田辺薬局 神田錦町店,薬局,http://www.tnb.co.jp
千代田区,神田和泉町,-,東京都千代田区神田和泉町1-13-1,35.69894,139.77806,雄飛堂薬局 秋葉原店,薬局,https://www.yuhido.com/
千代田区,飯田橋４丁目,-,東京都千代田区飯田橋4-3-2,35.69946,139.74738,雄飛堂薬局 飯田橋店,薬局,https://www.yuhido.com/
千代田区,鍛冶町２丁目,-,東京都千代田区鍛冶町2-2-9第2登栄ビル5階,35.69154,139.77142,神田登栄薬局,薬局,-
千代田区,神田三崎町２丁目,-,東京都千代田区三崎町2-17-5,35.70129,139.75318,水道橋薬局,薬局,-
千代田区,大手町１丁目,大丸有,東京都千代田区大手町1-3-2大手町カンファレンスセンターB1F,35.68876,139.76351,トモズ 大手町カンファレンスセンター店,薬局,-
千代田区,神田和泉町,-,東京都千代田区神田和泉町1番地住友商事神田和泉町ビル1階,35.69984,139.77855,トモズ 神田和泉町店,薬局,-
千代田区,神田佐久間町１丁目,-,東京都千代田区神田佐久間1-25秋葉原鴻池ビル1階,35.69852,139.77516,トモズ 秋葉原店,薬局,-
千代田区,大手町１丁目,大丸有,東京都千代田区大手町1-5-1大手町ファーストスクエアウエスト1F,35.68595,139.76426,大手町調剤薬局,薬局,-
千代田区,丸の内２丁目,大丸有,東京都千代田区丸の内2-4-1,35.68110,139.76363,アメリカンファーマシー 丸の内店,薬局,-
千代田区,永田町２丁目,赤坂,東京都千代田区永田町2-11-1山王パークタワー地下1階,35.67357,139.74039,有限会社 フジモト薬局,薬局,-
千代田区,麹町３丁目,-,東京都千代田区麹町3-7グラフィオ麹町,35.68333,139.73991,麹町調剤薬局,薬局,-
千代田区,五番町,-,東京都千代田区五番町3-1五番町グランドビル1F,35.69043,139.73594,いけだ薬局 駅前店,薬局,-
千代田区,飯田橋４丁目,-,東京都千代田区飯田橋4-4-6SJビル,35.70059,139.74666,タンシ薬局,薬局,-
千代田区,神田和泉町,-,東京都千代田区神田和泉町1-11ファベルハウス1F,35.69966,139.77812,二六堂調剤薬局,薬局,-
千代田区,岩本町３丁目,-,東京都千代田区岩本町3-4-1,35.69496,139.77697,龍閑堂薬局,薬局,-
千代田区,神田神保町１丁目,-,東京都千代田区神田神保町1-21-2,35.69529,139.76086,有限会社 東京薬局,薬局,-
千代田区,神田駿河台２丁目,-,東京都千代田区神田駿河台2-3-10-1F,35.70016,139.76270,和同会薬局駿河台店,薬局,-
千代田区,神田神保町１丁目,-,東京都千代田区神田神保町1-35-1達磨ビル1F,35.69478,139.75927,いちご薬局神保町,薬局,-
千代田区,麹町５丁目,-,東京都千代田区麹町五丁目2-1,35.68428,139.73507,いずみ薬局 麹町店,薬局,-
千代田区,一番町,-,東京都千代田区一番町7-1一番町弘和ビル1F,35.68730,139.74264,いけだ薬局番町店,薬局,-
千代田区,神田紺屋町,-,東京都千代田区神田紺屋町5T・Mビル1F,35.69165,139.77345,神田いちご薬局,薬局,-
千代田区,六番町,-,東京都千代田区六番町7金澤ビル1F,35.68753,139.73394,アップル薬局六番町店,薬局,-
千代田区,九段南４丁目,-,東京都千代田区九段南4-6-1九段シルバーパレス103,35.69191,139.74000,池田薬局,薬局,-
千代田区,飯田橋３丁目,-,東京都千代田区飯田橋3-10-9,35.70104,139.75016,ヘルスケアセイジョー薬局飯田橋店,薬局,-
千代田区,飯田橋４丁目,-,東京都千代田区飯田橋4-6-9,35.70092,139.74693,薬ヒグチ 新飯田橋店,薬局,-
千代田区,飯田橋２丁目,-,東京都千代田区飯田橋2-11-1,35.69969,139.74962,自然美薬店,薬局,-
千代田区,富士見２丁目,-,東京都千代田区富士見2-9-10,35.69945,139.74342,日本調剤飯田橋西口薬局,薬局,-
千代田区,飯田橋３丁目,-,東京都千代田区飯田橋3-3-12,35.70113,139.74814,石原薬品,薬局,-
千代田区,飯田橋４丁目,-,東京都千代田区飯田橋4-3-2,35.69946,139.74738,雄飛堂薬局飯田橋店,薬局,-
千代田区,富士見２丁目,-,東京都千代田区富士見2-3-13,35.69998,139.74471,日本調剤飯田橋薬局,薬局,-
千代田区,富士見２丁目,-,東京都千代田区富士見2-11-12,35.69898,139.74518,小池薬局,薬局,-
千代田区,富士見２丁目,-,東京都千代田区富士見2-10-21,35.69802,139.74256,日生薬局飯田橋店,薬局,-
千代田区,麹町２丁目,-,東京都千代田区麹町2-4,35.68434,139.73965,三誠堂ビル,薬局,-
千代田区,麹町３丁目,-,東京都千代田区麹町3-4,35.68477,139.73777,(株)一本堂 麹町店(東京都千代田区 | 麹町駅),薬局,-
千代田区,麹町３丁目,-,東京都千代田区麹町3-2,35.68432,139.73859,くすりの福太郎麹町店,薬局,-
千代田区,麹町１丁目,-,東京都千代田区麹町1-8-7,35.68509,139.74207,ツイン薬局半蔵門店,薬局,-
千代田区,麹町１丁目,-,東京都千代田区麹町1-8-6,35.68524,139.74174,(有)バンビー薬局 一番町店(東京都千代田区 | 半蔵門駅),薬局,-
千代田区,麹町１丁目,-,東京都千代田区麹町1-3-5,35.68395,139.74217,いまくま薬局,薬局,-
千代田区,二番町,-,東京都千代田区二番町14,35.68707,139.73662,ニュードラッグ二番町日テレ通り店,薬局,-
千代田区,内幸町１丁目,-,東京都千代田区内幸町1-1-6,35.67091,139.75774,(有)はるみ大平商店(東京都千代田区 | 内幸町駅),薬局,-
千代田区,内幸町１丁目,-,東京都千代田区内幸町1-1-1,35.67213,139.75891,子安ドラッグストアー帝国ホテル店,薬局,-
千代田区,内神田３丁目,-,東京都千代田区内神田3-9-5,35.69107,139.76918,昭和薬品,薬局,-
千代田区,内神田３丁目,-,東京都千代田区内神田3-23-5,35.69248,139.76952,(有)ドラッグセンターマツイ(東京都千代田区 | 神田駅),薬局,-
千代田区,内神田２丁目,-,東京都千代田区内神田2-4-1,35.68991,139.76870,セントラルメデイカル,薬局,-
千代田区,内神田２丁目,-,東京都千代田区内神田2-12-11,35.69154,139.76796,大数堂薬局,薬局,-
千代田区,内神田３丁目,-,東京都千代田区内神田3-21-7,35.69267,139.77069,有美薬局,薬局,-
千代田区,内神田３丁目,-,東京都千代田区内神田3-14-8,35.69171,139.76993,(株)ニシザワ(東京都千代田区 | 神田駅),薬局,-
千代田区,内神田２丁目,-,東京都千代田区内神田2-11-8,35.69120,139.76757,くすりのセボン,薬局,-
千代田区,平河町２丁目,-,東京都千代田区平河町2-6-1,35.67902,139.73986,サンリツメディカル,薬局,-
千代田区,内神田２丁目,-,東京都千代田区内神田2-10-7,35.69110,139.76789,スギ薬局神田西口通り店,薬局,-
千代田区,平河町２丁目,-,東京都千代田区平河町2-7-9,35.68035,139.74030,日本調剤永田町薬局,薬局,-
千代田区,平河町１丁目,-,東京都千代田区平河町1-8-8,35.68253,139.74154,茅沼順子薬局,薬局,-
千代田区,平河町１丁目,-,東京都千代田区平河町1-7-17,35.68273,139.74047,東優企業組合,薬局,-
千代田区,神田駿河台２丁目,-,東京都千代田区神田駿河台2-5-7,35.70015,139.76171,日本調剤駿河台薬局,薬局,-
千代田区,神田駿河台２丁目,-,東京都千代田区神田駿河台2-4-1,35.69951,139.76341,さくら薬局 御茶ノ水駅前店,薬局,-
千代田区,神田駿河台２丁目,-,東京都千代田区神田駿河台2-4,35.69955,139.76346,二六堂薬局お茶の水店,薬局,-
千代田区,神田駿河台２丁目,-,東京都千代田区神田駿河台2-3,35.70065,139.76181,お茶の水駅前薬局,薬局,-
千代田区,神田駿河台２丁目,-,東京都千代田区神田駿河台2-2,35.69906,139.76327,(有)三崎薬局(東京都千代田区 | 御茶ノ水駅),薬局,-
千代田区,神田駿河台２丁目,-,東京都千代田区神田駿河台2-10-6,35.69882,139.76427,(株)イプシロンケア(東京都千代田区 | 御茶ノ水駅),薬局,-
千代田区,神田駿河台２丁目,-,東京都千代田区神田駿河台2-10,35.69875,139.76431,コトブキ調剤薬局お茶の水店,薬局,-
千代田区,神田駿河台２丁目,-,東京都千代田区神田駿河台2-2-29,35.69880,139.76307,キク調剤薬局,薬局,-
千代田区,神田練塀町,-,東京都千代田区神田練塀町68,35.70088,139.77488,(株)ファーコス(東京都千代田区 | 秋葉原駅),薬局,-
千代田区,神田駿河台２丁目,-,東京都千代田区神田駿河台2-1-15,35.69939,139.76223,日本調剤お茶の水中央薬局,薬局,-
千代田区,神田駿河台２丁目,-,東京都千代田区神田駿河台2-1-10,35.69939,139.76223,スーパードラッグお茶の水店,薬局,-
千代田区,神田淡路町２丁目,-,東京都千代田区神田淡路町2-6,35.69673,139.76795,ロイヤル薬局神田淡路町店,薬局,-
千代田区,神田松永町,-,東京都千代田区神田松永町11,35.69962,139.77453,ファーコスアキバ薬局,薬局,-
千代田区,神田平河町,-,東京都千代田区神田平河町1,35.69765,139.77579,あつみ調剤薬局,薬局,-
千代田区,神田神保町２丁目,-,東京都千代田区神田神保町2-9,35.69533,139.75601,セガミ薬局神保町店,薬局,-
千代田区,神田神保町２丁目,-,東京都千代田区神田神保町2-24-1,35.69771,139.75698,マツモトキヨシ 神保町店,薬局,-
千代田区,神田神保町２丁目,-,東京都千代田区神田神保町2-26,35.69789,139.75687,裕堂,薬局,-
千代田区,神田神保町２丁目,-,東京都千代田区神田神保町2-21-9,35.69501,139.75673,(株)イムノ・ジャパン(東京都千代田区 | 神保町駅),薬局,-
千代田区,神田神保町２丁目,-,東京都千代田区神田神保町2-1,35.69563,139.75777,マツモトキヨシMediプラスマツキヨ都営神保町店,薬局,-
千代田区,神田神保町１丁目,-,東京都千代田区神田神保町1-48,35.69816,139.75877,(有)興生堂薬局(東京都千代田区 | 神保町駅),薬局,-
千代田区,神田神保町１丁目,-,東京都千代田区神田神保町1-3,35.69570,139.75988,コスメティック&ドラッグサクラ神保町店,薬局,-
千代田区,神田神保町１丁目,-,東京都千代田区神田神保町1-10-1,35.69616,139.75846,(株)キムラヤ 薬・化粧品専門店SD神保町店(東京都千代田区 | 神保町駅),薬局,-
千代田区,神田佐久間町１丁目,-,東京都千代田区神田佐久間町1-21,35.69785,139.77518,あつみ薬品,薬局,-
千代田区,神田佐久間町３丁目,-,東京都千代田区神田佐久間町3-27-3,35.69859,139.77874,日生薬局秋葉原店,薬局,-
千代田区,神田紺屋町,-,東京都千代田区神田紺屋町34,35.69279,139.77341,トータルサポート,薬局,-
千代田区,神田錦町３丁目,-,東京都千代田区神田錦町3-9,35.69209,139.75958,(有)後藤薬局(東京都千代田区 | 竹橋駅),薬局,-
千代田区,神田佐久間町１丁目,-,東京都千代田区神田佐久間町1-23,35.69833,139.77512,シティドラック,薬局,-
千代田区,神田紺屋町,-,東京都千代田区神田紺屋町47,35.69291,139.77295,コーエイドラッグ神田店,薬局,-
千代田区,神田錦町１丁目,-,東京都千代田区神田錦町1-6-2,35.69307,139.76440,神田薬局,薬局,-
千代田区,神田錦町１丁目,-,東京都千代田区神田錦町1-4,35.69270,139.76399,東京中薬針灸研究所,薬局,-
千代田区,神田錦町１丁目,-,東京都千代田区神田錦町1-1,35.69233,139.76443,(株)ファーマシー企画(東京都千代田区 | 小川町駅),薬局,-
千代田区,神田小川町３丁目,-,東京都千代田区神田小川町3-2-1,35.69478,139.76270,小川町薬局,薬局,-
千代田区,神田北乗物町,-,東京都千代田区神田北乗物町16,35.69248,139.77349,(有)エースメディカル(東京都千代田区 | 神田駅),薬局,-
千代田区,神田小川町２丁目,-,東京都千代田区神田小川町2-1,35.69414,139.76497,くすりの福太郎 神田小川町店,薬局,-
千代田区,神田須田町２丁目,-,東京都千代田区神田須田町2-15,35.69628,139.77388,若草漢方薬局,薬局,-
千代田区,神田小川町１丁目,-,東京都千代田区神田小川町1-5-1,35.69435,139.76569,十字堂薬局,薬局,-
千代田区,神田須田町１丁目,-,東京都千代田区神田須田町1-12,35.69546,139.76946,神田宝仙堂,薬局,-
千代田区,九段北４丁目,-,東京都千代田区九段北4-1-3,35.69268,139.74046,ドラッグアーバン市ヶ谷店,薬局,-
千代田区,神田須田町１丁目,-,東京都千代田区神田須田町1-16,35.69524,139.77067,のぞみ薬局須田町店,薬局,-
千代田区,神田小川町１丁目,-,東京都千代田区神田小川町1-1,35.69473,139.76681,薬ヒグチ淡路町店,薬局,-
千代田区,鍛冶町２丁目,-,東京都千代田区鍛冶町2-6-1,35.69183,139.77196,スギメディカル,薬局,-
千代田区,九段北１丁目,-,東京都千代田区九段北1-9-7,35.69788,139.75055,エール薬局九段店,薬局,-
千代田区,鍛冶町２丁目,-,東京都千代田区鍛冶町2-7-15,35.69219,139.77187,壮快薬局本店,薬局,-
千代田区,鍛冶町２丁目,-,東京都千代田区鍛冶町2-4-5,35.69144,139.77309,(株)ビーエヌファルマ(東京都千代田区 | 神田駅),薬局,-
千代田区,鍛冶町２丁目,-,東京都千代田区鍛冶町2-2-2,35.69131,139.77151,スギ薬局神田駅東口店,薬局,-
千代田区,鍛冶町１丁目,-,東京都千代田区鍛冶町1-9-11,35.69087,139.77356,(株)金井藤吉商店(東京都千代田区 | 新日本橋駅),薬局,-
千代田区,鍛冶町１丁目,-,東京都千代田区鍛冶町1-8-8,35.69111,139.77326,松蔭堂薬品,薬局,-
千代田区,鍛冶町１丁目,-,東京都千代田区鍛冶町1-8-1,35.69070,139.77236,クオール薬局神田店,薬局,-
千代田区,鍛冶町１丁目,-,東京都千代田区鍛冶町1-7-3,35.69041,139.77081,昭和薬品神田南口店,薬局,-
千代田区,鍛冶町１丁目,-,東京都千代田区鍛冶町1-7-1,35.69035,139.77124,かねまん薬局総本店神田駅前支店,薬局,-
千代田区,鍛冶町１丁目,-,東京都千代田区鍛冶町1-5-3,35.68980,139.77134,三興薬品商会,薬局,-
千代田区,丸の内１丁目,大丸有,東京都千代田区丸の内1-9-1,35.68302,139.76842,コクミン薬店東京駅名店街店,薬局,-
千代田区,永田町２丁目,赤坂,東京都千代田区永田町2-14-2,35.67645,139.73828,エフエル薬局,薬局,-
千代田区,丸の内２丁目,大丸有,東京都千代田区丸の内2-2-3,35.68012,139.76267,(株)ソレイユ(東京都千代田区 | 二重橋前駅),薬局,-
千代田区,丸の内１丁目,大丸有,東京都千代田区丸の内1-6-2,35.68418,139.76643,丸の内ファーマシー,薬局,-
千代田区,霞が関３丁目,虎ノ門広域,東京都千代田区霞が関3-2-5,35.67120,139.74718,かちどき薬局霞が関店,薬局,-
千代田区,永田町２丁目,赤坂,東京都千代田区永田町2-11-1,35.67357,139.74039,(株)多羅薬品 山王パークタワー店(東京都千代田区 | 溜池山王駅),薬局,-
千代田区,霞が関１丁目,虎ノ門広域,東京都千代田区霞が関1-4-1,35.67091,139.75037,霞が関ファーマシー,薬局,-
千代田区,霞が関１丁目,虎ノ門広域,東京都千代田区霞が関1-2-2,35.67334,139.75317,くすりアロー厚生労働省内店,薬局,-
千代田区,外神田６丁目,-,東京都千代田区外神田6-16-7,35.70501,139.77172,伊藤黒焼総本舗,薬局,-
千代田区,外神田６丁目,-,東京都千代田区外神田6-13-14,35.70313,139.77041,江川薬局,薬局,-
千代田区,外神田４丁目,-,東京都千代田区外神田4-14-1,35.70053,139.77251,ファルマルシェ薬局秋葉原店,薬局,-
千代田区,外神田２丁目,-,東京都千代田区外神田2-5-14,35.69998,139.76891,沢田宝仙堂,薬局,-
千代田区,外神田１丁目,-,東京都千代田区外神田1-4-13,35.69851,139.77094,マツモトキヨシ秋葉原店,薬局,-
千代田区,有楽町２丁目,大丸有,東京都千代田区有楽町2-7-1,35.67426,139.76376,ビーケアセイジョー 有楽町店,薬局,-
千代田区,外神田１丁目,-,東京都千代田区外神田1-2-14,35.69810,139.77058,(株)紀伊国屋漢薬局(東京都千代田区 | 秋葉原駅),薬局,-
千代田区,有楽町１丁目,大丸有,東京都千代田区有楽町1-7-1,35.67433,139.76130,エール薬局日比谷店,薬局,-
千代田区,有楽町２丁目,大丸有,東京都千代田区有楽町2-8-5,35.67429,139.76287,マツモトキヨシ 有楽町二丁目店,薬局,-
千代田区,有楽町２丁目,大丸有,東京都千代田区有楽町2-10-1,35.67499,139.76436,千代田薬局,薬局,-
千代田区,有楽町１丁目,大丸有,東京都千代田区有楽町1-6-10,35.67369,139.76070,日比谷プラザ薬局,薬局,-
千代田区,三番町,-,東京都千代田区三番町9-1,35.68991,139.74261,あい薬品,薬局,-
千代田区,神田三崎町３丁目,-,東京都千代田区三崎町3-4-8,35.70119,139.75224,(株)山田真薬局(東京都千代田区 | 水道橋駅),薬局,-
千代田区,神田三崎町２丁目,-,東京都千代田区三崎町2-9-1,35.70093,139.75521,薬ヒグチ 水道橋駅前店,薬局,-
千代田区,神田三崎町３丁目,-,東京都千代田区三崎町3-1-8,35.69927,139.75288,(株)クリエイティブサービス(東京都千代田区 | 水道橋駅),薬局,-
千代田区,神田三崎町２丁目,-,東京都千代田区三崎町2-11-10,35.70120,139.75386,フクダ薬品,薬局,-
千代田区,神田三崎町１丁目,-,東京都千代田区三崎町1-4-8,35.70121,139.75572,第一薬局,薬局,-
千代田区,紀尾井町,赤坂,東京都千代田区紀尾井町4-1,35.68019,139.73496,薬ヒグチ調剤薬局ニューオータニ店,薬局,-
千代田区,紀尾井町,赤坂,東京都千代田区紀尾井町3-29,35.68152,139.73768,クローバー薬局,薬局,-
新宿区,中落合２丁目,-,東京都新宿区中落合2-4-28中西屋ビル1F,35.72090,139.69436,株式会社ファーマみらい 共創未来 中落合薬局,薬局,http://www.phmirai.co.jp/shops/detail.php?id=21
新宿区,左門町,-,東京都新宿区左門町20四谷メディカルビル1F,35.68467,139.72049,株式会社ファーマみらい 共創未来 左門町薬局,薬局,http://www.phmirai.co.jp/shops/detail.php?id=13
新宿区,上落合２丁目,-,東京都新宿区上落合2-18-9,35.71452,139.68718,株式会社ファーマみらい 共創未来 中井駅前薬局,薬局,http://www.phmirai.co.jp/shops/detail.php?id=48
新宿区,西新宿１丁目,-,東京都新宿区西新宿1-18-7,35.68858,139.69815,(有)博愛堂薬局(東京都新宿区 | 新線新宿駅),薬局,-
新宿区,西新宿１丁目,-,東京都新宿区西新宿1-5-1ビックカメラ新宿西口店3階,35.69259,139.69869,共創未来 新宿西口薬局,薬局,-
新宿区,信濃町,-,東京都新宿区信濃町11鹿島ビル1F,35.68404,139.71946,シナノ薬局,薬局,https://www.shiraneyuri.jp/
新宿区,西五軒町,-,東京都新宿区西五軒町13-3,35.70830,139.73719,たから薬局 江戸川橋店,薬局,https://www.trust-ph.jp/store/edogawabashi/
新宿区,北新宿１丁目,-,東京都新宿区北新宿1-1-20新宿三信ビル1F,35.69842,139.69703,GOOD AID株式会社 セルフケア薬局北新宿店,薬局,https://selfcare-sdc.com/search/tokyo/odaijini-okubo
新宿区,百人町２丁目,-,東京都新宿区百人町2-9-14ミズホアルファビル1階,35.70245,139.69967,ケアマーク百人町薬局,薬局,https://ideaqol.com/
新宿区,新宿３丁目,-,東京都新宿区新宿3-25-1ヒューリック新宿ビル3階,35.69266,139.70184,セルフケア薬局 au style SHINJUKU店,薬局,https://selfcare-sdc.com
新宿区,新宿２丁目,-,東京都新宿区新宿2-9-1第31宮廷マンション102号室,35.68960,139.70976,セルフケア薬局新宿店,薬局,https://www.selfcare-sdc.com
新宿区,大久保２丁目,-,東京都新宿区大久保2-7-12吉住ビル1F,35.70199,139.70725,つくし薬局,薬局,https://www.gaiki.net/drugstore/tsukushi
新宿区,水道町,-,東京都新宿区水道町2-1ブライズ神楽坂DUE102号室,35.70776,139.73536,地蔵通り薬局,薬局,https://www.tmy.or.jp
新宿区,西新宿２丁目,-,東京都新宿区西新宿2-7-1小田急第一生命ビル1階,35.69165,139.69104,田辺薬局 新宿西口店,薬局,https://www.tnb.co.jp
新宿区,大久保３丁目,-,東京都新宿区大久保3-10-1-7ニュータウンオオクボ内,35.70862,139.70487,コスガ薬局,薬局,https://kosuga-ph.studio.site/
新宿区,若松町,-,東京都新宿区若松町24-10,35.70086,139.71707,ワカマツ薬局,薬局,http://www.toyama-pharmacy.co.jp/
新宿区,若松町,-,東京都新宿区若松町20-3,35.70111,139.71584,戸山薬局,薬局,http://www.toyama-pharmacy.co.jp/
新宿区,下落合３丁目,-,東京都新宿区下落合3-21-1,35.72267,139.70179,富士薬局,薬局,http://www.scgroup.jp
新宿区,富久町,-,東京都新宿区富久町17-2,35.69260,139.71325,アイセイ薬局 富久店,薬局,https://www.aisei.co.jp/
新宿区,新宿２丁目,-,東京都新宿区新宿2-4-1第22宮廷マンション108,35.68877,139.70824,アーク薬局 新宿御苑店,薬局,-
新宿区,上落合２丁目,-,東京都新宿区上落合2-25-3伊藤ビル 1階,35.71102,139.68690,株式会社日本メディケートプラン 上落合2丁目薬局,薬局,-
新宿区,西新宿５丁目,-,東京都新宿区西新宿5-9-3ライオネスコーポ1F,35.69155,139.68645,西新宿5丁目薬局,薬局,-
新宿区,新宿３丁目,-,東京都新宿区新宿三丁目32番8号新宿中央口ビル2階,35.69035,139.70411,新宿3丁目薬局,薬局,-
新宿区,新宿２丁目,-,東京都新宿区新宿2-5-10成信ビル1F,35.68958,139.70704,トモズ 新宿二丁目店,薬局,-
新宿区,西新宿５丁目,-,東京都新宿区西新宿5-25-11和光堂西新宿ビル1階,35.68998,139.68434,トモズ 西新宿五丁目店,薬局,-
新宿区,若松町,-,東京都新宿区若松町3-3井関ビル,35.69871,139.71895,トモズ 女子医大前2号店,薬局,-
新宿区,若松町,-,東京都新宿区若松町3-2,35.69863,139.71898,トモズ 女子医大前1号店,薬局,-
新宿区,新宿２丁目,-,東京都新宿区新宿2-12-4アコード新宿ビル8階,35.69064,139.70731,みらくる薬局 新宿三丁目店,薬局,-
新宿区,上落合１丁目,-,東京都新宿区上落合1-1-4鈴木ビル1階,35.71462,139.69323,ケイワ薬局 落合店,薬局,-
新宿区,水道町,-,東京都新宿区水道町4番13号三晃ビル3F,35.70874,139.73624,アイセイ薬局 江戸川橋店,薬局,-
新宿区,西新宿５丁目,-,東京都新宿区西新宿5-10-8リージア西新宿1F,35.69091,139.68649,ハラダ薬局 西新宿店,薬局,-
新宿区,新宿２丁目,-,東京都新宿区新宿2-15-1秋場ビル1階,35.69066,139.70992,つばさ薬局 新宿店,薬局,-
新宿区,市谷田町２丁目,-,東京都新宿区市ヶ谷田町2-31-2オトナリASUKURAビル1F,35.69497,139.73705,(株)エスシーグループ 鈴薬局市ヶ谷店(東京都新宿区 | 市ケ谷駅),薬局,-
新宿区,上落合１丁目,-,東京都新宿区上落合1丁目13-5フリーデンスハイム1F,35.71478,139.69206,エムエム株式会社 こぐま薬局,薬局,-
新宿区,高田馬場４丁目,-,東京都新宿区高田馬場4-4-18工藤ビル1F,35.71266,139.70129,ケイワ薬局 高田馬場店,薬局,-
新宿区,南元町,-,東京都新宿区南元町19シナノビル南口館B1F,35.67946,139.72094,ヒカリ薬局信濃町店,薬局,-
新宿区,矢来町,-,東京都新宿区矢来町108,35.70384,139.73405,矢来町薬局,薬局,-
新宿区,馬場下町,-,東京都新宿区馬場下町61吉村ビル1F,35.70617,139.72043,吉村薬局,薬局,-
新宿区,納戸町,-,東京都新宿区納戸町13,35.69832,139.73412,薬局ラクトファーマシー,薬局,-
新宿区,北新宿１丁目,-,東京都新宿区北新宿1-8-17,35.70173,139.69492,土方薬局,薬局,-
新宿区,四谷３丁目,-,東京都新宿区四谷3-5,35.68763,139.72136,快生堂小林薬局,薬局,-
新宿区,須賀町,-,東京都新宿区須賀町1サンコート四谷1F,35.68746,139.72203,サン薬局,薬局,-
新宿区,大久保２丁目,-,東京都新宿区大久保2-6-17-101,35.70129,139.70778,ひかり薬局 ,薬局,-
新宿区,矢来町,-,東京都新宿区矢来町75-1ライオンズマンション第2-101,35.70244,139.73286,千代田薬局,薬局,-
新宿区,住吉町,-,東京都新宿区住吉町2-18ウィン四谷106,35.69208,139.72155,あけぼの薬局,薬局,-
新宿区,北新宿２丁目,-,東京都新宿区北新宿2-21-1-3F,35.69633,139.68718,アガペ新宿薬局,薬局,-
新宿区,早稲田町,-,東京都新宿区早稲田町67,35.70602,139.72110,(株)サクラドラッグ(東京都新宿区 | 早稲田駅),薬局,-
新宿区,早稲田鶴巻町,-,東京都新宿区早稲田鶴巻町518,35.70805,139.72251,けやき薬局,薬局,-
新宿区,早稲田町,-,東京都新宿区早稲田町66,35.70609,139.72171,フクロ薬局早稲田店,薬局,-
新宿区,早稲田鶴巻町,-,東京都新宿区早稲田鶴巻町545,35.70721,139.72738,ウラノ薬局,薬局,-
新宿区,早稲田町,-,東京都新宿区早稲田町12,35.70550,139.72275,(有)花梨堂薬局(東京都新宿区 | 早稲田駅),薬局,-
新宿区,若松町,-,東京都新宿区若松町9-7,35.69886,139.71886,プラザ薬局女子医大通り店,薬局,-
新宿区,若松町,-,東京都新宿区若松町9-6,35.69882,139.71893,ミキ薬局女子医大通り店,薬局,-
新宿区,若松町,-,東京都新宿区若松町6-11,35.69965,139.72152,ノーブル薬局,薬局,-
新宿区,若松町,-,東京都新宿区若松町6-16,35.69947,139.72188,日生薬局牛込店,薬局,-
新宿区,若松町,-,東京都新宿区若松町9-12,35.69923,139.71880,ミキ薬局若松町店,薬局,-
新宿区,若松町,-,東京都新宿区若松町31-4,35.69992,139.71991,コスモス薬局,薬局,-
新宿区,若松町,-,東京都新宿区若松町24-10,35.70085,139.71695,第二新宿調剤薬局,薬局,-
新宿区,若松町,-,東京都新宿区若松町23-10,35.70104,139.71654,紫山堂薬局若松町店,薬局,-
新宿区,若松町,-,東京都新宿区若松町22-23,35.70111,139.71631,コクミン調剤薬局,薬局,-
新宿区,矢来町,-,東京都新宿区矢来町57,35.70387,139.73257,中川薬局神楽坂店,薬局,-
新宿区,四谷３丁目,-,東京都新宿区四谷3-9,35.68771,139.71994,サンドラッグ四谷三丁目店,薬局,-
新宿区,四谷２丁目,-,東京都新宿区四谷2-1,35.68623,139.72690,くすりセイジョー四谷店,薬局,-
新宿区,四谷１丁目,-,東京都新宿区四谷1-9,35.68600,139.72829,(有)ナカ薬局(東京都新宿区 | 四ツ谷駅),薬局,-
新宿区,四谷１丁目,-,東京都新宿区四谷1-2-5,35.68578,139.72893,薬ヒグチ四谷駅前店,薬局,-
新宿区,四谷１丁目,-,東京都新宿区四谷1-4-6,35.68658,139.72932,HAIFUKIYA・DRUG・STORE,薬局,-
新宿区,高田馬場４丁目,-,東京都新宿区高田馬場4-4-2,35.71200,139.70309,スミダ薬局高田馬場店,薬局,-
新宿区,高田馬場４丁目,-,東京都新宿区高田馬場4-20-11,35.71118,139.69996,(有)小木仁寿堂(東京都新宿区 | 高田馬場駅),薬局,-
新宿区,高田馬場３丁目,-,東京都新宿区高田馬場3-3-3,35.71390,139.70265,コスメティック&ドラッグサクラ高田馬場店,薬局,-
新宿区,高田馬場３丁目,-,東京都新宿区高田馬場3-22-1,35.71239,139.69930,薬ヒグチ新戸塚店,薬局,-
新宿区,四谷１丁目,-,東京都新宿区四谷1-20-2,35.68696,139.72789,希望堂薬局四谷店,薬局,-
新宿区,高田馬場３丁目,-,東京都新宿区高田馬場3-2-5,35.71390,139.70304,中西薬局,薬局,-
新宿区,高田馬場２丁目,-,東京都新宿区高田馬場2-15-6,35.71358,139.70682,はしむら薬局,薬局,-
新宿区,高田馬場２丁目,-,東京都新宿区高田馬場2-14-2,35.71254,139.70725,マツモトキヨシ高田馬場2丁目店,薬局,-
新宿区,高田馬場１丁目,-,東京都新宿区高田馬場1-6-22,35.71104,139.70784,薬局高田馬場,薬局,-
新宿区,高田馬場１丁目,-,東京都新宿区高田馬場1-6-16,35.71161,139.70790,龍生堂薬局ワセダ東店,薬局,-
新宿区,高田馬場１丁目,-,東京都新宿区高田馬場1-28-19,35.71146,139.70479,わたなべファーマシー,薬局,-
新宿区,高田馬場１丁目,-,東京都新宿区高田馬場1-26-12,35.71296,139.70540,モグサヤ高橋保寿堂,薬局,-
新宿区,高田馬場１丁目,-,東京都新宿区高田馬場1-4-15,35.71145,139.70919,スギ薬局高田馬場店,薬局,-
新宿区,河田町,-,東京都新宿区河田町3-10,35.69603,139.71971,日生薬局河田町店,薬局,-
新宿区,高田馬場１丁目,-,東京都新宿区高田馬場1-31-8,35.70999,139.70326,天竜堂漢方薬局,薬局,-
新宿区,富久町,-,東京都新宿区富久町13-1,35.69234,139.71463,フラワー薬局,薬局,-
新宿区,河田町,-,東京都新宿区河田町11-8,35.69913,139.71825,日生薬局若松河田駅前店,薬局,-
新宿区,河田町,-,東京都新宿区河田町11-7,35.69907,139.71815,カワダ薬局,薬局,-
新宿区,河田町,-,東京都新宿区河田町11-11,35.69903,139.71852,ミキ薬局河田町店,薬局,-
新宿区,西新宿７丁目,-,東京都新宿区新宿7-11-1,35.69380,139.69729,(有)ナガノ薬局(東京都新宿区 | 新宿西口駅),薬局,-
新宿区,新宿５丁目,-,東京都新宿区新宿5-3-4,35.69181,139.71083,ナチュニックライフ,薬局,-
新宿区,新宿５丁目,-,東京都新宿区新宿5-18-8,35.69466,139.70564,みすず薬局,薬局,-
新宿区,新宿５丁目,-,東京都新宿区新宿5-11-4,35.69223,139.70760,龍生堂薬局東新宿店,薬局,-
新宿区,新宿４丁目,-,東京都新宿区新宿4-4-1,35.68795,139.70309,一心堂薬局新宿店,薬局,-
新宿区,新宿３丁目,-,東京都新宿区新宿3-32-10,35.69018,139.70417,新宿鈴井薬局,薬局,-
新宿区,新宿３丁目,-,東京都新宿区新宿3-3-9,35.69057,139.70615,いまくま薬局,薬局,-
新宿区,新宿３丁目,-,東京都新宿区新宿3-28-1,35.69079,139.70314,蓬莱薬品,薬局,-
新宿区,新宿３丁目,-,東京都新宿区新宿3-26-14,35.69172,139.70230,サンドラッグ新宿東口店,薬局,-
新宿区,新宿３丁目,-,東京都新宿区新宿3-29-13,35.69152,139.70292,OSドラッグ新宿店,薬局,-
新宿区,新宿３丁目,-,東京都新宿区新宿3-23-4,35.69302,139.70064,あかひげ薬局新宿店,薬局,-
新宿区,新宿３丁目,-,東京都新宿区新宿3-23-12,35.69339,139.70116,ミネ薬品新宿東口店,薬局,-
新宿区,新宿３丁目,-,東京都新宿区新宿3-21-6,35.69309,139.70234,龍生堂薬局新宿店,薬局,-
新宿区,新宿３丁目,-,東京都新宿区新宿3-22-11,35.69310,139.70170,龍生堂薬局新宿中央店,薬局,-
新宿区,新宿３丁目,-,東京都新宿区新宿3-17-3,35.69170,139.70344,マツモトキヨシ新宿三丁目店,薬局,-
新宿区,新宿３丁目,-,東京都新宿区新宿3-22-6,35.69312,139.70128,マツモトキヨシ 新宿東口店,薬局,-
新宿区,新宿３丁目,-,東京都新宿区新宿3-12-7,35.69207,139.70628,漢方の氣生,薬局,-
新宿区,新宿３丁目,-,東京都新宿区新宿3-14-22,35.69228,139.70548,ミネ薬品新宿明治通店,薬局,-
新宿区,新宿３丁目,-,東京都新宿区新宿3-17-7,35.69242,139.70310,セイセイドー紀伊國屋店,薬局,-
新宿区,新宿３丁目,-,東京都新宿区新宿3-11-6,35.69197,139.70649,アポロ薬局 新宿店,薬局,-
新宿区,新宿３丁目,-,東京都新宿区新宿3-11-10,35.69181,139.70659,メディカル・アート・ハウス,薬局,-
新宿区,新宿２丁目,-,東京都新宿区新宿2-15-27,35.69082,139.70984,新宿ヒカリ薬局,薬局,-
新宿区,新宿２丁目,-,東京都新宿区新宿2-12-17,35.69031,139.70797,一番薬店,薬局,-
新宿区,新宿２丁目,-,東京都新宿区新宿2-11-2,35.69019,139.70754,エアロ調剤薬局,薬局,-
新宿区,原町１丁目,-,東京都新宿区原町1-55,35.70088,139.72464,ひかり薬局・薬膳新宿原町,薬局,-
新宿区,新宿１丁目,-,東京都新宿区新宿1-19-6,35.68963,139.71243,薬ヒグチ新宿御苑前店,薬局,-
新宿区,原町１丁目,-,東京都新宿区原町1-21,35.70000,139.72620,ニュードラッグ 柳町店,薬局,-
新宿区,新宿１丁目,-,東京都新宿区新宿1-8-1,35.68864,139.71177,マミー薬局新宿御苑店,薬局,-
新宿区,新小川町,-,東京都新宿区新小川町6-38,35.70705,139.74302,アイ薬局,薬局,-
新宿区,喜久井町,-,東京都新宿区喜久井町46-4,35.70458,139.72021,(株)松翔(東京都新宿区 | 早稲田駅),薬局,-
新宿区,西新宿８丁目,-,東京都新宿区西新宿8-5-1,35.69468,139.69304,スギ薬局西新宿医大前店,薬局,-
新宿区,西早稲田１丁目,-,東京都新宿区西早稲田1-18-7,35.71129,139.71932,和泉薬局,薬局,-
新宿区,西早稲田３丁目,-,東京都新宿区西早稲田3-12-1,35.70977,139.71533,新星堂薬局,薬局,-
新宿区,西新宿８丁目,-,東京都新宿区西新宿8-4-1,35.69443,139.69347,COS-MEDI・Station西新宿メトロピア店,薬局,-
新宿区,西新宿７丁目,-,東京都新宿区西新宿7-20-3,35.69398,139.69515,ナチュラルローソンクオール薬局西新宿七丁目店,薬局,-
新宿区,西新宿７丁目,-,東京都新宿区西新宿7-2-7,35.69552,139.69858,薬日本堂,薬局,-
新宿区,西新宿７丁目,-,東京都新宿区西新宿7-2-4,35.69508,139.69892,セイジョー西新宿7丁目店,薬局,-
新宿区,西新宿７丁目,-,東京都新宿区西新宿7-10-5,35.69392,139.69831,龍生堂薬局西新宿店,薬局,-
新宿区,西新宿６丁目,-,東京都新宿区西新宿6-6-2,35.69255,139.69107,子安ドラッグストアー東京ヒルトンホテル店,薬局,-
新宿区,西新宿６丁目,-,東京都新宿区西新宿6-5-1,35.69313,139.69314,アイン薬局西新宿店,薬局,-
新宿区,西新宿６丁目,-,東京都新宿区西新宿6-4-1,35.69394,139.69331,龍生堂薬局アイランド店,薬局,-
新宿区,西新宿５丁目,-,東京都新宿区西新宿5-5-2,35.69362,139.68692,鶴薬局,薬局,-
新宿区,西新宿５丁目,-,東京都新宿区西新宿5-16-3,35.69323,139.68562,(株)やまわ長生堂(東京都新宿区 | 西新宿五丁目駅),薬局,-
新宿区,西新宿５丁目,-,東京都新宿区西新宿5-5-3,35.69345,139.68687,伊賀薬局,薬局,-
新宿区,西新宿４丁目,-,東京都新宿区西新宿4-1-10,35.69073,139.68715,どらっぐぱぱす 西新宿店,薬局,-
新宿区,西新宿６丁目,-,東京都新宿区西新宿6-16-6,35.69169,139.68776,ドラッグセイムス西新宿6丁目薬局,薬局,-
新宿区,西新宿４丁目,-,東京都新宿区西新宿4-18-6,35.68856,139.68734,(株)サエキ薬品(東京都新宿区 | 西新宿五丁目駅),薬局,-
新宿区,西新宿３丁目,-,東京都新宿区西新宿3-7-1,35.68537,139.69097,薬ヒグチパークタワー店,薬局,-
新宿区,西新宿３丁目,-,東京都新宿区西新宿3-20-2,35.68295,139.68685,トモズエクスプレス東京オペラシティ店,薬局,-
新宿区,西新宿３丁目,-,東京都新宿区西新宿3-11-16,35.68546,139.68857,西新宿調剤薬局,薬局,-
新宿区,西新宿２丁目,-,東京都新宿区西新宿2-8-2,35.68955,139.69181,ウエルシア薬局都庁第二庁舎店,薬局,-
新宿区,西新宿２丁目,-,東京都新宿区西新宿2-8-1,35.68919,139.69165,ウエルシア薬局都庁第一庁舎店,薬局,-
新宿区,西新宿１丁目,-,東京都新宿区西新宿1-8-1,35.69092,139.69674,オーエス薬局,薬局,-
新宿区,西新宿２丁目,-,東京都新宿区西新宿2-1-1,35.69190,139.69391,かちどき薬局三井店,薬局,-
新宿区,西新宿２丁目,-,東京都新宿区西新宿2-4-1,35.68819,139.69376,ミキ調剤薬局,薬局,-
新宿区,西新宿１丁目,-,東京都新宿区西新宿1-7-2,35.69154,139.69734,龍生堂薬局新宿西口店,薬局,-
新宿区,西新宿１丁目,-,東京都新宿区西新宿1-4-2,35.69286,139.69891,雨宮商事,薬局,-
新宿区,西新宿１丁目,-,東京都新宿区西新宿1-26-2,35.69300,139.69534,ナチュール調剤薬局,薬局,-
新宿区,西新宿１丁目,-,東京都新宿区西新宿1-3-15,35.69336,139.69844,レジーナ薬局新宿西口店,薬局,-
新宿区,西新宿１丁目,-,東京都新宿区西新宿1-25-1,35.69184,139.69554,かちどき薬局センター店,薬局,-
新宿区,西新宿１丁目,-,東京都新宿区西新宿1-24-1,35.69039,139.69583,ユーアイ薬局,薬局,-
新宿区,西新宿１丁目,-,東京都新宿区西新宿1-12-11,35.68999,139.69712,ダイコクドラッグ西新宿薬店,薬局,-
新宿区,西新宿１丁目,-,東京都新宿区西新宿1-11-12,35.69000,139.69764,プラザ薬局,薬局,-
新宿区,西新宿１丁目,-,東京都新宿区西新宿1-15-13,35.68930,139.69735,新井薬師の漢方薬新宿西口店,薬局,-
新宿区,西新宿１丁目,-,東京都新宿区西新宿1-1-6,35.68852,139.69968,ダイコクドラッグ新宿南口薬店,薬局,-
新宿区,西新宿１丁目,-,東京都新宿区西新宿1-1-4,35.69013,139.69914,ニホンドウ漢方ブティック京王新宿店,薬局,-
新宿区,西新宿１丁目,-,東京都新宿区西新宿1-1-5,35.68921,139.69930,トモズプラスルミネ新宿店,薬局,-
新宿区,西新宿１丁目,-,東京都新宿区西新宿1-1,35.69037,139.69938,エース薬局,薬局,-
新宿区,西落合３丁目,-,東京都新宿区西落合3-1-2,35.72285,139.68337,クスリの保健堂西落合店,薬局,-
新宿区,西落合２丁目,-,東京都新宿区西落合2-24-16,35.72018,139.67519,ヤマグチ薬局哲学堂店,薬局,-
新宿区,西落合１丁目,-,東京都新宿区西落合1-28-13,35.72331,139.67873,(有)西落合薬局(東京都新宿区 | 落合南長崎駅),薬局,-
新宿区,西落合１丁目,-,東京都新宿区西落合1-11-26,35.72133,139.68290,プラス薬局,薬局,-
新宿区,百人町３丁目,-,東京都新宿区百人町3-6-17,35.70750,139.69749,サノ薬局,薬局,-
新宿区,百人町２丁目,-,東京都新宿区百人町2-8-15,35.70305,139.69969,ひろ薬局,薬局,-
新宿区,百人町２丁目,-,東京都新宿区百人町2-7-9,35.70416,139.69950,ワタキュー薬局新大久保店,薬局,-
新宿区,百人町２丁目,-,東京都新宿区百人町2-5-8,35.70303,139.70018,ブロードウェイ薬局大久保店,薬局,-
新宿区,百人町２丁目,-,東京都新宿区百人町2-4-2,35.70173,139.69992,マツモトキヨシ 新大久保駅前店,薬局,-
新宿区,百人町２丁目,-,東京都新宿区百人町2-5-4,35.70306,139.70003,龍生堂薬局新大久保店,薬局,-
新宿区,百人町２丁目,-,東京都新宿区百人町2-6-7,35.70393,139.70016,ひな薬局,薬局,-
新宿区,百人町２丁目,-,東京都新宿区百人町2-27-2,35.70315,139.69535,セイジョー 大久保駅前店,薬局,-
新宿区,百人町１丁目,-,東京都新宿区百人町1-15-18,35.70135,139.69875,(株)龍生堂 本店(東京都新宿区 | 大久保駅),薬局,-
新宿区,山吹町,-,東京都新宿区山吹町348,35.70848,139.73067,(株)ハスミ薬品(東京都新宿区 | 江戸川橋駅),薬局,-
新宿区,百人町２丁目,-,東京都新宿区百人町2-12-10,35.70419,139.69917,ユーアイ薬局新大久保店,薬局,-
新宿区,山吹町,-,東京都新宿区山吹町335,35.70770,139.72907,やまぶき薬局,薬局,-
新宿区,赤城元町,-,東京都新宿区赤城元町2-4,35.70454,139.73580,神楽坂漢方有恒薬局,薬局,-
新宿区,神楽坂６丁目,-,東京都新宿区神楽坂6-24,35.70352,139.73647,ミキファーマシー神楽坂店,薬局,-
新宿区,神楽坂５丁目,-,東京都新宿区神楽坂5-12-8,35.70219,139.73855,くすりセイジョー神楽坂店,薬局,-
新宿区,赤城下町,-,東京都新宿区赤城下町14,35.70487,139.73417,あかぎ薬局,薬局,-
新宿区,神楽坂５丁目,-,東京都新宿区神楽坂5-24,35.70222,139.73790,くすりセイジョー神楽坂上店,薬局,-
新宿区,神楽坂５丁目,-,東京都新宿区神楽坂5-28,35.70198,139.73835,薬ヒグチ神楽坂店,薬局,-
新宿区,神楽坂３丁目,-,東京都新宿区神楽坂3-6,35.70092,139.74007,アイセイ薬局神楽坂店,薬局,-
新宿区,神楽坂３丁目,-,東京都新宿区神楽坂3-2-8,35.70154,139.74066,(株)ドラッグ・オゾン 神楽坂店(東京都新宿区 | 飯田橋駅),薬局,-
新宿区,神楽坂１丁目,-,東京都新宿区神楽坂1-12,35.70064,139.74250,薬ヒグチ飯田橋店,薬局,-
新宿区,余丁町,-,東京都新宿区余丁町9-4,35.69785,139.71540,抜弁天薬局,薬局,-
新宿区,余丁町,-,東京都新宿区余丁町8-6,35.69757,139.71346,レジーナ薬局 東新宿店,薬局,-
新宿区,余丁町,-,東京都新宿区余丁町6-21,35.69689,139.71353,コスモドラッグ,薬局,-
新宿区,住吉町,-,東京都新宿区住吉町9-4,35.69411,139.72099,くすりセイジョー曙橋店,薬局,-
新宿区,住吉町,-,東京都新宿区住吉町2-11,35.69200,139.72098,くすりの福太郎曙橋店,薬局,-
新宿区,住吉町,-,東京都新宿区住吉町11-23,35.69473,139.72038,(有)市ヶ谷ファマシー あけぼの橋通り店(東京都新宿区 | 曙橋駅),薬局,-
新宿区,歌舞伎町２丁目,-,東京都新宿区歌舞伎町2-45-6,35.69687,139.70047,薬王堂,薬局,-
新宿区,住吉町,-,東京都新宿区住吉町1-16,35.69226,139.72261,どらっぐぱぱす曙橋店,薬局,-
新宿区,歌舞伎町２丁目,-,東京都新宿区歌舞伎町2-2-21,35.69549,139.70673,(株)サン薬品(東京都新宿区 | 東新宿駅),薬局,-
新宿区,歌舞伎町２丁目,-,東京都新宿区歌舞伎町2-44-1,35.69690,139.70148,健康プラザ薬局,薬局,-
新宿区,歌舞伎町２丁目,-,東京都新宿区歌舞伎町2-23-1,35.69525,139.70418,テン・ドラッグ,薬局,-
新宿区,歌舞伎町１丁目,-,東京都新宿区歌舞伎町1-7-5,35.69450,139.70289,みすず,薬局,-
新宿区,歌舞伎町１丁目,-,東京都新宿区歌舞伎町1,35.69480,139.70317,龍生堂薬局サブナード店,薬局,-
新宿区,改代町,-,東京都新宿区改代町33,35.70763,139.73490,カラサワ薬局,薬局,-
新宿区,戸山１丁目,-,東京都新宿区戸山1-2-6,35.70146,139.71751,新宿調剤薬局,薬局,-
新宿区,中里町,-,東京都新宿区中里町6-1,35.70592,139.73161,ドラッグストアいわい神楽坂店,薬局,-
新宿区,中里町,-,東京都新宿区中里町10,35.70551,139.73192,中里薬局,薬局,-
新宿区,中落合２丁目,-,東京都新宿区中落合2-4-1,35.72075,139.69439,かちどき薬局落合新店,薬局,-
新宿区,中落合２丁目,-,東京都新宿区中落合2-1-15,35.72214,139.69421,中央薬局,薬局,-
新宿区,中落合１丁目,-,東京都新宿区中落合1-20-16,35.71494,139.68790,薬ヒグチ中井駅前店,薬局,-
新宿区,中落合１丁目,-,東京都新宿区中落合1-17-8,35.71580,139.68843,薬王堂薬局,薬局,-
新宿区,天神町,-,東京都新宿区天神町65-4,35.70530,139.73010,石川薬局,薬局,-
新宿区,大久保１丁目,-,東京都新宿区大久保1-4-15,35.70092,139.70642,ほほえみ薬局,薬局,-
新宿区,大久保１丁目,-,東京都新宿区大久保1-16-19,35.70079,139.70304,金薬局,薬局,-
新宿区,大久保２丁目,-,東京都新宿区大久保2-1-8,35.70142,139.70847,どらっぐぱぱす 大久保店,薬局,-
新宿区,大久保２丁目,-,東京都新宿区大久保2-1-2,35.70100,139.70853,あいの薬局,薬局,-
新宿区,北新宿４丁目,-,東京都新宿区北新宿4-8-18,35.70931,139.69385,セガミ薬局北新宿店,薬局,-
新宿区,北新宿４丁目,-,東京都新宿区北新宿4-8-16,35.70937,139.69344,ウェルパーク調剤薬局新宿小滝橋店,薬局,-
新宿区,北新宿４丁目,-,東京都新宿区北新宿4-32-10,35.70676,139.68919,丸美屋薬局北新宿店,薬局,-
新宿区,北新宿３丁目,-,東京都新宿区北新宿3-4-1,35.70212,139.69402,スギ薬局北新宿3丁目店,薬局,-
新宿区,納戸町,-,東京都新宿区納戸町5,35.69782,139.73449,萱沼薬局,薬局,-
新宿区,下宮比町,-,東京都新宿区下宮比町3-2,35.70312,139.74327,さくら薬局飯田橋駅前店,薬局,-
新宿区,下宮比町,-,東京都新宿区下宮比町3-1,35.70299,139.74336,わかば薬局飯田橋,薬局,-
新宿区,下落合４丁目,-,東京都新宿区下落合4-26-10,35.72210,139.69550,さくら薬局目白店,薬局,-
新宿区,下落合４丁目,-,東京都新宿区下落合4-26-7,35.72209,139.69594,どらっぐぱぱす 目白店,薬局,-
新宿区,下落合３丁目,-,東京都新宿区下落合3-12-28,35.72189,139.69942,(株)一本堂 目白店(東京都新宿区 | 目白駅),薬局,-
新宿区,下落合３丁目,-,東京都新宿区下落合3-17-31,35.72238,139.70375,目白薬局,薬局,-
新宿区,下落合１丁目,-,東京都新宿区下落合1-16-3,35.71600,139.69467,落合薬店,薬局,-
新宿区,下落合３丁目,-,東京都新宿区下落合3-16-11,35.72244,139.70259,(株)ドラッグ・オゾン 目白店(東京都新宿区 | 目白駅),薬局,-
新宿区,上落合２丁目,-,東京都新宿区上落合2-18-12,35.71456,139.68735,ミキ薬局中井店,薬局,-
新宿区,上落合３丁目,-,東京都新宿区上落合3-10-1,35.71038,139.68362,ユニバーサルドラッグ落合店,薬局,-
新宿区,上落合１丁目,-,東京都新宿区上落合1-24-8,35.71402,139.69043,昭和薬品,薬局,-
新宿区,上落合１丁目,-,東京都新宿区上落合1-30-18,35.71098,139.69130,レジーナ薬局上落合店,薬局,-
新宿区,市谷台町,-,東京都新宿区市谷台町9-3,35.69400,139.71884,村田薬局,薬局,-
新宿区,市谷柳町,-,東京都新宿区市谷柳町37,35.69878,139.72570,くすりの福太郎市谷柳町店,薬局,-
新宿区,下落合４丁目,-,東京都新宿区下落合4-6-14,35.71960,139.69489,グラム薬局下落合店,薬局,-
新宿区,市谷山伏町,-,東京都新宿区市谷山伏町2-2,35.69989,139.72802,パール薬局,薬局,-
新宿区,市谷甲良町,-,東京都新宿区市谷甲良町2-21,35.69922,139.72900,新生堂薬局,薬局,-
新宿区,市谷田町１丁目,-,東京都新宿区市谷田町1-2,35.69266,139.73521,ニュードラッグ 本部,薬局,-
新宿区,弁天町,-,東京都新宿区弁天町87-2,35.70177,139.72707,ミキ薬局牛込店,薬局,-
新宿区,市谷田町１丁目,-,東京都新宿区市谷田町1-19,35.69395,139.73660,ニュードラッグ市ヶ谷店,薬局,-
渋谷区,松涛２丁目,-,東京都渋谷区松濤2-15-5秀和松濤レジデンス106号,35.65830,139.69156,松濤薬局,薬局,http://www.onakasukkiri.com
渋谷区,千駄ケ谷３丁目,-,東京都渋谷区千駄ヶ谷3丁目27-9ウェスト青山 1階102号室,35.67736,139.70808,薬樹薬局北参道,薬局,https://www.yakuju.co.jp/pharmacy/view/166
渋谷区,代々木２丁目,-,東京都渋谷区代々木2丁目6-7セイチビル 8階,35.68801,139.69900,新宿薬局,薬局,http://shinjuku-yakkyoku.com/
渋谷区,恵比寿１丁目,-,東京都渋谷区恵比寿1-11-6恵比寿山仁ビル1F,35.64634,139.71188,城南薬局,薬局,https://www.johnanpharmacy.com/
渋谷区,千駄ケ谷４丁目,-,東京都渋谷区千駄ヶ谷4-26-11,35.68160,139.70361,かもめ薬局 代々木店,薬局,http://www.t-pharmacy.net/yoyogi/
渋谷区,恵比寿南１丁目,-,東京都渋谷区恵比寿南1丁目4-15恵比寿銀座クロスビル1階,35.64653,139.70890,つる薬局 恵比寿店,薬局,http://sakura-chouzai.com/
渋谷区,富ケ谷１丁目,-,東京都渋谷区富ヶ谷1-8-3安達ビジネスパークビル1階,35.66901,139.69036,ヒカリ薬局 代々木公園店,薬局,https://hikari-pharmacy.com
渋谷区,笹塚１丁目,-,東京都渋谷区笹塚一丁目56番10号笹塚総榮ビル1F1-2区画,35.67429,139.66798,アイセイ薬局 笹塚店,薬局,https://www.aisei.co.jp
渋谷区,恵比寿１丁目,-,東京都渋谷区恵比寿1-22-23ヴェラハイツ恵比寿102,35.64625,139.71335,恵比寿ファーマシー,薬局,http://www.flora-pharmacy.jp/
渋谷区,千駄ケ谷５丁目,-,東京都渋谷区千駄ヶ谷5-27-5-305,35.68653,139.70284,アガペ新宿南口薬局,薬局,https://www.agape21.jp/smarts/index/202/
渋谷区,恵比寿南１丁目,-,東京都渋谷区恵比寿南1-10-10藤岡ビル1F,35.64583,139.70836,太陽堂薬局,薬局,http://taiyo-ph.jp
渋谷区,西原３丁目,-,東京都渋谷区西原3-8-5アコルデ代々木上原2F,35.66990,139.68156,トモズ アコルデ代々木上原店,薬局,-
渋谷区,渋谷３丁目,-,東京都渋谷区渋谷3-10-13渋谷Rサンケイビル1F,35.65683,139.70515,トモズ 渋谷並木橋店,薬局,-
渋谷区,西原２丁目,-,東京都渋谷区西原2-31-4,35.67602,139.67699,トモズ 幡ヶ谷店,薬局,-
渋谷区,恵比寿４丁目,-,東京都渋谷区恵比寿4-20-3恵比寿ガーデンプレイスオフィス棟 B1階,35.64238,139.71342,トモズ 恵比寿ガーデンプレイス店,薬局,-
渋谷区,広尾５丁目,-,東京都渋谷区広尾5-19-19サンセール広尾101,35.64881,139.71961,原調剤薬局,薬局,-
渋谷区,代々木２丁目,-,東京都渋谷区代々木2-11-14NKビル1F,35.68739,139.69669,南山堂薬局 新宿南口店,薬局,-
渋谷区,上原１丁目,-,東京都渋谷区上原1-33-14MKビル1階,35.66928,139.68086,代々木上原駅前薬局,薬局,-
渋谷区,富ケ谷１丁目,-,東京都渋谷区富ヶ谷1-51-4代々木八幡メディカルモール1F,35.66887,139.68956,コアファーマシー代々木八幡店,薬局,-
渋谷区,恵比寿４丁目,-,東京都渋谷区恵比寿4-27-5MoRisEBILDG1F,35.64562,139.71521,有限会社レメディーズ リカリ薬局,薬局,-
渋谷区,渋谷３丁目,-,東京都渋谷区渋谷3-9-6IBSビル1F,35.65728,139.70499,雄飛堂薬局 渋谷店,薬局,-
渋谷区,本町１丁目,-,東京都渋谷区本町1-4-3エバーグレイス本町1-C,35.68165,139.68508,初台鈴薬局,薬局,-
渋谷区,桜丘町,-,東京都渋谷区桜丘町23-21渋谷区文化総合センター大和田L,35.65514,139.70006,さくらが丘薬局,薬局,-
渋谷区,本町１丁目,-,東京都渋谷区本町1-4-15,35.68154,139.68541,金輪堂山崎薬局,薬局,-
渋谷区,神宮前２丁目,-,東京都渋谷区神宮前2-18-113F,35.67226,139.70927,鈴薬局 神宮前店,薬局,-
渋谷区,渋谷１丁目,-,東京都渋谷区渋谷1-5-5デュラス青山1F,35.66110,139.70614,渋谷鈴薬局,薬局,-
渋谷区,神宮前６丁目,-,東京都渋谷区神宮前6-35-3コープオリンピア1F,35.66912,139.70339,鈴薬局 原宿店,薬局,-
渋谷区,道玄坂２丁目,-,東京都渋谷区道玄坂2-6-15,35.65899,139.69849,道玄坂調剤薬局,薬局,-
渋谷区,大山町,-,東京都渋谷区大山町13-1,35.66735,139.67352,トモ薬局,薬局,-
渋谷区,笹塚１丁目,-,東京都渋谷区笹塚1-48-14笹塚ショッピングモール21,35.67408,139.66906,笹塚鈴薬局 ,薬局,-
渋谷区,富ケ谷２丁目,-,東京都渋谷区富ヶ谷2-21-8ビルファイブ富ヶ谷1F,35.66199,139.68685,富ケ谷調剤薬局,薬局,-
渋谷区,広尾１丁目,-,東京都渋谷区広尾1-11-5朝日広尾マンション201,35.64830,139.71573,アサヒ薬局,薬局,-
渋谷区,東１丁目,-,東京都渋谷区東1-27-10渋谷TYビル1F,35.65394,139.70768,ときわ堂薬局,薬局,-
渋谷区,恵比寿３丁目,-,東京都渋谷区恵比寿3-39-7,35.64374,139.72074,山田薬局,薬局,-
渋谷区,代官山町,-,東京都渋谷区代官山町17-6,35.64936,139.70270,ハックドラッグ代官山ディセ店,薬局,-
渋谷区,代々木２丁目,-,東京都渋谷区代々木2-9-5,35.68828,139.69893,日本調剤 新宿南口薬局,薬局,-
渋谷区,代々木２丁目,-,東京都渋谷区代々木2-16-9,35.68677,139.69598,栄ファーマシー,薬局,-
渋谷区,代々木４丁目,-,東京都渋谷区代々木4-6-3,35.67838,139.69304,くすりセイジョー参宮橋店,薬局,-
渋谷区,代々木１丁目,-,東京都渋谷区代々木1-38-2,35.68324,139.70136,薬ヒグチ第3代々木店,薬局,-
渋谷区,代々木３丁目,-,東京都渋谷区代々木3-32-6,35.68349,139.69311,(株)富山堂薬品(東京都渋谷区 | 南新宿駅),薬局,-
渋谷区,代々木１丁目,-,東京都渋谷区代々木1-38-5,35.68293,139.70151,(有)斉藤薬局(東京都渋谷区 | 代々木駅),薬局,-
渋谷区,代々木１丁目,-,東京都渋谷区代々木1-36-6,35.68365,139.70139,ミツヤ代々木調剤薬局,薬局,-
渋谷区,代々木１丁目,-,東京都渋谷区代々木1-32-14,35.68251,139.70221,セイジョーJR代々木駅前店,薬局,-
渋谷区,代々木１丁目,-,東京都渋谷区代々木1-3-5,35.68061,139.70114,望星代々木薬局,薬局,-
渋谷区,富ケ谷１丁目,-,東京都渋谷区富ヶ谷1-53-15,35.66894,139.68836,代々木八幡プラザ薬品,薬局,-
渋谷区,富ケ谷１丁目,-,東京都渋谷区富ヶ谷1-9-5,35.66819,139.69064,フィールド薬局代々木公園店,薬局,-
渋谷区,代々木１丁目,-,東京都渋谷区代々木1-10-5,35.68201,139.69816,遼寧漢方薬局,薬局,-
渋谷区,富ケ谷１丁目,-,東京都渋谷区富ヶ谷1-52-1,35.66903,139.68888,まつや薬局,薬局,-
渋谷区,富ケ谷１丁目,-,東京都渋谷区富ヶ谷1-51-8,35.66867,139.68942,くすりセイジョー代々木八幡店,薬局,-
渋谷区,富ケ谷１丁目,-,東京都渋谷区富ヶ谷1-19-4,35.66595,139.69207,ハロー薬局,薬局,-
渋谷区,宇田川町,-,東京都渋谷区宇田川町7-13,35.66347,139.69591,けやき薬局,薬局,-
渋谷区,宇田川町,-,東京都渋谷区宇田川町23-4,35.65982,139.69940,マツモトキヨシ 渋谷Part2店,薬局,-
渋谷区,宇田川町,-,東京都渋谷区宇田川町22-1,35.65978,139.69997,三千里薬品 宇田川店,薬局,-
渋谷区,宇田川町,-,東京都渋谷区宇田川町22-3,35.65976,139.69978,マツモトキヨシ 渋谷Part1店,薬局,-
渋谷区,円山町,-,東京都渋谷区円山町26-8,35.65600,139.69395,ドラッグヨシダ,薬局,-
渋谷区,宇田川町,-,東京都渋谷区宇田川町24-10,35.66054,139.69949,(有)ヨコタ薬局(東京都渋谷区 | 渋谷駅),薬局,-
渋谷区,広尾５丁目,-,東京都渋谷区広尾5-3-16,35.65034,139.72057,ヒノミ薬局広尾2号店,薬局,-
渋谷区,広尾５丁目,-,東京都渋谷区広尾5-3-14,35.65045,139.72095,ファルマルシェ薬局広尾,薬局,-
渋谷区,広尾５丁目,-,東京都渋谷区広尾5-3-11,35.65066,139.72152,(株)ドラッグ・オゾン 広尾店(東京都渋谷区 | 広尾駅),薬局,-
渋谷区,広尾５丁目,-,東京都渋谷区広尾5-25-8,35.64771,139.72179,渋谷調剤薬局,薬局,-
渋谷区,広尾４丁目,-,東京都渋谷区広尾4-1-12,35.65430,139.72053,(株)清水薬局 広尾ガーデンヒルズ店(東京都渋谷区 | 広尾駅),薬局,-
渋谷区,広尾５丁目,-,東京都渋谷区広尾5-25-11,35.64759,139.72230,広尾調剤薬局,薬局,-
渋谷区,広尾５丁目,-,東京都渋谷区広尾5-16-2,35.65010,139.72059,どらっぐぱぱす広尾店,薬局,-
渋谷区,西原３丁目,-,東京都渋谷区西原3-7-8,35.66967,139.68039,フラワー薬局代々木上原店,薬局,-
渋谷区,西原３丁目,-,東京都渋谷区西原3-21-1,35.67071,139.68182,代々木にしはら薬局,薬局,-
渋谷区,西原３丁目,-,東京都渋谷区西原3-1-8,35.67032,139.68301,くすりセイジョー代々木上原店,薬局,-
渋谷区,西原３丁目,-,東京都渋谷区西原3-1-4,35.67024,139.68232,三松ストアー薬品部上原店,薬局,-
渋谷区,西原２丁目,-,東京都渋谷区西原2-27-4,35.67518,139.67834,研究堂薬品,薬局,-
渋谷区,恵比寿西１丁目,-,東京都渋谷区恵比寿西1-9-5,35.64703,139.70827,ケイポートホテルエクセレント店,薬局,-
渋谷区,松涛１丁目,-,東京都渋谷区松濤1-28-8,35.65944,139.69413,平田薬局,薬局,-
渋谷区,恵比寿西２丁目,-,東京都渋谷区恵比寿西2-17-21,35.64905,139.70615,(株)三和堂(東京都渋谷区 | 代官山駅),薬局,-
渋谷区,恵比寿西１丁目,-,東京都渋谷区恵比寿西1-35-17,35.64769,139.70288,くすりの福太郎代官山店,薬局,-
渋谷区,恵比寿西１丁目,-,東京都渋谷区恵比寿西1-10-7,35.64661,139.70780,ひまわり薬局恵比寿店,薬局,-
渋谷区,恵比寿南２丁目,-,東京都渋谷区恵比寿南2-7-1,35.64442,139.70788,根本薬局,薬局,-
渋谷区,恵比寿南１丁目,-,東京都渋谷区恵比寿南1-1-9,35.64638,139.70831,エビス漢方薬岩崎薬局,薬局,-
渋谷区,恵比寿３丁目,-,東京都渋谷区恵比寿3-29-17,35.64345,139.71542,優美堂,薬局,-
渋谷区,恵比寿南１丁目,-,東京都渋谷区恵比寿1-5-2,35.64689,139.70962,ヤマグチ薬局恵比寿店,薬局,-
渋谷区,幡ケ谷３丁目,-,東京都渋谷区幡ヶ谷3-8-6,35.68086,139.67591,幡ヶ谷調剤薬局,薬局,-
渋谷区,東２丁目,-,東京都渋谷区東2-1-12,35.65489,139.70957,(有)ひかわ薬局(東京都渋谷区 | 渋谷駅),薬局,-
渋谷区,東３丁目,-,東京都渋谷区東3-17-11,35.64879,139.71036,(資)マツオ十字堂薬局(東京都渋谷区 | 恵比寿駅),薬局,-
渋谷区,幡ケ谷２丁目,-,東京都渋谷区幡ヶ谷2-5-7,35.67891,139.67751,幡ヶ谷六号通り薬局,薬局,-
渋谷区,幡ケ谷２丁目,-,東京都渋谷区幡ヶ谷2-18-17,35.67748,139.67473,クオールこだま薬局,薬局,-
渋谷区,幡ケ谷３丁目,-,東京都渋谷区幡ヶ谷3-76-1,35.67908,139.67040,ミネ薬品本部,薬局,-
渋谷区,幡ケ谷２丁目,-,東京都渋谷区幡ヶ谷2-5-4,35.67853,139.67766,くすりセイジョー幡ヶ谷二番店,薬局,-
渋谷区,幡ケ谷２丁目,-,東京都渋谷区幡ヶ谷2-9-17,35.67863,139.67736,六号通り調剤薬局,薬局,-
渋谷区,幡ケ谷２丁目,-,東京都渋谷区幡ヶ谷2-18-12,35.67758,139.67438,ミツヤ薬局,薬局,-
渋谷区,幡ケ谷２丁目,-,東京都渋谷区幡ヶ谷2-13-4,35.67749,139.67673,青山薬局,薬局,-
渋谷区,幡ケ谷２丁目,-,東京都渋谷区幡ヶ谷2-1-1,35.67833,139.67899,東京漢方,薬局,-
渋谷区,神宮前６丁目,-,東京都渋谷区神宮前6-13-8,35.66661,139.70531,神宮前ファーマシー,薬局,-
渋谷区,幡ケ谷２丁目,-,東京都渋谷区幡ケ谷2-9-17,35.67863,139.67736,スマイルドラッグ幡ヶ谷店,薬局,-
渋谷区,神宮前５丁目,-,東京都渋谷区神宮前5-50-6,35.66296,139.70994,薬ヒグチ青山店,薬局,-
渋谷区,神宮前４丁目,-,東京都渋谷区神宮前4-6-7,35.66827,139.71213,原宿薬局,薬局,-
渋谷区,神宮前４丁目,-,東京都渋谷区神宮前4-11-6,35.66663,139.71008,キリン堂薬局表参道店,薬局,-
渋谷区,神宮前２丁目,-,東京都渋谷区神宮前2-15-7,35.67382,139.71104,神宮前薬局,薬局,-
渋谷区,神宮前１丁目,-,東京都渋谷区神宮前1-19-14,35.67213,139.70338,原宿サンキュードラッグ,薬局,-
渋谷区,神宮前１丁目,-,東京都渋谷区神宮前1-13-14,35.66958,139.70384,アインズ&トルペ原宿クエスト店,薬局,-
渋谷区,神山町,-,東京都渋谷区神山町7-13,35.66447,139.69350,石田薬局,薬局,-
渋谷区,桜丘町,-,東京都渋谷区桜丘町3-24,35.65672,139.70204,杉山薬品,薬局,-
渋谷区,道玄坂２丁目,-,東京都渋谷区道玄坂2-7-4,35.65857,139.69862,健美堂薬局,薬局,-
渋谷区,神南１丁目,-,東京都渋谷区神南1-23-8,35.66001,139.70088,三千里薬品 神南店,薬局,-
渋谷区,神宮前１丁目,-,東京都渋谷区神宮前1-16-17,35.67113,139.70442,マツモトキヨシ 原宿竹下通り店,薬局,-
渋谷区,道玄坂２丁目,-,東京都渋谷区道玄坂2-5-10,35.65929,139.69956,OSドラッグ渋谷店,薬局,-
渋谷区,道玄坂２丁目,-,東京都渋谷区道玄坂2-3-1,35.65933,139.69989,サンドラッグ渋谷店,薬局,-
渋谷区,道玄坂２丁目,-,東京都渋谷区道玄坂2-25-6,35.66025,139.69661,旭薬局,薬局,-
渋谷区,道玄坂１丁目,-,東京都渋谷区道玄坂1-6-2,35.65791,139.69912,(有)松岡薬局(東京都渋谷区 | 渋谷駅),薬局,-
渋谷区,千駄ケ谷５丁目,-,東京都渋谷区千駄ヶ谷5-27-7,35.68625,139.70289,西垣薬局,薬局,-
渋谷区,道玄坂１丁目,-,東京都渋谷区道玄坂1-2-13,35.65789,139.70011,薬ヒグチ 渋谷南口店,薬局,-
渋谷区,道玄坂１丁目,-,東京都渋谷区道玄坂1-2-2,35.65778,139.70011,薬局コスモス渋谷店,薬局,-
渋谷区,千駄ケ谷４丁目,-,東京都渋谷区千駄ヶ谷4-27-12,35.68094,139.70406,(株)みすず薬局(東京都渋谷区 | 代々木駅),薬局,-
渋谷区,千駄ケ谷４丁目,-,東京都渋谷区千駄ヶ谷4-22-6,35.68044,139.70670,南山堂薬局,薬局,-
渋谷区,千駄ケ谷５丁目,-,東京都渋谷区千駄ヶ谷5-26-5,35.68516,139.70333,徐福漢方薬局,薬局,-
渋谷区,千駄ケ谷４丁目,-,東京都渋谷区千駄ヶ谷4-16-7,35.67991,139.70690,カメイ薬局,薬局,-
渋谷区,千駄ケ谷１丁目,-,東京都渋谷区千駄ヶ谷1-29-4,35.68040,139.70958,枇杷葉温圧,薬局,-
渋谷区,千駄ケ谷１丁目,-,東京都渋谷区千駄ヶ谷1-29-3,35.68037,139.70972,たくみ外苑薬局,薬局,-
渋谷区,千駄ケ谷１丁目,-,東京都渋谷区千駄ヶ谷1-7-8,35.67835,139.71000,尾沢薬局,薬局,-
渋谷区,千駄ケ谷３丁目,-,東京都渋谷区千駄ヶ谷3-1-10,35.67601,139.70628,(株)杏林(東京都渋谷区 | 北参道駅),薬局,-
渋谷区,猿楽町,-,東京都渋谷区猿楽町29-9,35.64822,139.70005,漢方蘭山,薬局,-
渋谷区,猿楽町,-,東京都渋谷区猿楽町24-7,35.64822,139.70160,レジーナ薬局代官山店,薬局,-
渋谷区,笹塚２丁目,-,東京都渋谷区笹塚2-17-1,35.67454,139.66590,ミツヤ笹塚2丁目薬局,薬局,-
渋谷区,笹塚２丁目,-,東京都渋谷区笹塚2-12-15,35.67516,139.66798,ミネ薬品笹塚店,薬局,-
渋谷区,笹塚２丁目,-,東京都渋谷区笹塚2-11-1,35.67500,139.66850,あづみ薬店,薬局,-
渋谷区,笹塚２丁目,-,東京都渋谷区笹塚2-10-4,35.67542,139.66821,スマイルドラッグ笹塚店,薬局,-
渋谷区,笹塚１丁目,-,東京都渋谷区笹塚1-56-7,35.67376,139.66726,眞誠薬局,薬局,-
渋谷区,笹塚１丁目,-,東京都渋谷区笹塚1-22-3,35.67324,139.66836,サンドラッグ笹塚南口店,薬局,-
渋谷区,笹塚１丁目,-,東京都渋谷区笹塚1-23-8,35.67315,139.66800,幸仁薬局,薬局,-
渋谷区,笹塚１丁目,-,東京都渋谷区笹塚1-59-6,35.67347,139.66487,笹塚薬局,薬局,-
渋谷区,本町２丁目,-,東京都渋谷区本町2-39-19,35.68419,139.68326,(有)佐野薬局(東京都渋谷区 | 初台駅),薬局,-
渋谷区,本町２丁目,-,東京都渋谷区本町2-33-5,35.68375,139.68240,荻原薬局,薬局,-
渋谷区,笹塚１丁目,-,東京都渋谷区笹塚1-30-3,35.67306,139.66646,ミツヤ笹塚薬局,薬局,-
渋谷区,本町２丁目,-,東京都渋谷区本町2-43-1,35.68447,139.68429,ドラッグユニオン,薬局,-
渋谷区,本町２丁目,-,東京都渋谷区本町2-27-1,35.68339,139.68144,(株)一二三薬局(東京都渋谷区 | 初台駅),薬局,-
渋谷区,本町２丁目,-,東京都渋谷区本町2-12-1,35.68311,139.68123,天山堂薬局,薬局,-
渋谷区,初台２丁目,-,東京都渋谷区初台2-20-1,35.67784,139.68677,北原薬品,薬局,-
渋谷区,初台１丁目,-,東京都渋谷区初台1-39-12,35.68023,139.68712,ドラッグストア・スマイル初台店,薬局,-
渋谷区,初台１丁目,-,東京都渋谷区初台1-37-2,35.68021,139.68649,クオール薬局初台店,薬局,-
渋谷区,初台１丁目,-,東京都渋谷区初台1-29-2,35.67859,139.68219,百草堂大薬房,薬局,-
渋谷区,初台１丁目,-,東京都渋谷区初台1-14-8,35.67916,139.68606,宮田薬局,薬局,-
渋谷区,渋谷３丁目,-,東京都渋谷区渋谷3-27-15,35.65605,139.70461,いまくま薬局,薬局,-
渋谷区,渋谷２丁目,-,東京都渋谷区渋谷2-24-1,35.65908,139.70173,ニホンドウ漢方ブティック東急東横店,薬局,-
渋谷区,渋谷２丁目,-,東京都渋谷区渋谷2-2-2,35.66077,139.70853,ぱぱす薬局青山店,薬局,-
渋谷区,渋谷２丁目,-,東京都渋谷区渋谷2-19-15,35.65961,139.70377,薬ヒグチ渋谷店,薬局,-
渋谷区,渋谷２丁目,-,東京都渋谷区渋谷2-15-1,35.65878,139.70522,ミキ薬局渋谷店,薬局,-
渋谷区,渋谷２丁目,-,東京都渋谷区渋谷2-10-16,35.66042,139.70693,青山通り薬局,薬局,-
渋谷区,渋谷１丁目,-,東京都渋谷区渋谷1-7-5,35.66076,139.70625,薬ヒグチ宮益坂店,薬局,-
渋谷区,渋谷１丁目,-,東京都渋谷区渋谷1-24-5,35.66084,139.70202,ディアファーマシー渋谷薬局,薬局,-
渋谷区,渋谷１丁目,-,東京都渋谷区渋谷1-22-4,35.66325,139.70306,アキヤマ薬局,薬局,-
渋谷区,渋谷１丁目,-,東京都渋谷区渋谷1-11-1,35.66105,139.70446,ナチュラルローソン クオール薬局渋谷一丁目店,薬局,-
渋谷区,上原３丁目,-,東京都渋谷区上原3-23-1,35.66421,139.67726,漢方薬の救仁堂,薬局,-
渋谷区,上原２丁目,-,東京都渋谷区上原2-43-7,35.66730,139.68154,どらっぐぱぱす上原店,薬局,-
渋谷区,上原１丁目,-,東京都渋谷区上原1-17-7,35.66899,139.68248,セイジョー薬局代々木上原南店,薬局,-
渋谷区,上原１丁目,-,東京都渋谷区上原1-35-3,35.66955,139.68208,(有)上原堂薬局(東京都渋谷区 | 代々木上原駅),薬局,-
渋谷区,上原１丁目,-,東京都渋谷区上原1-34-1,35.66943,139.68214,慶応堂薬局,薬局,-
港区,六本木１丁目,虎ノ門,東京都港区六本木1丁目6-1泉ガーデンタワー 4階,35.66465,139.73949,薬樹六本木泉ガーデン薬局,薬局,https://www.yakuju.co.jp/pharmacy/view/177
港区,南青山２丁目,-,東京都港区南青山2-10-9青山田中ビル1階,35.67087,139.72110,青山薬局,薬局,https://www.taihou6114.com/
港区,南青山２丁目,-,東京都港区南青山2-26-36,35.66997,139.71719,青山薬局 外苑前,薬局,https://www.taihou6114.com/
港区,新橋３丁目,虎ノ門広域,東京都港区新橋3-2-4MKプレイス1階,35.66636,139.75459,たんぽぽ薬局 新橋店,薬局,http://wellpharmacy.co.jp/information/
港区,北青山２丁目,-,東京都港区北青山2-7-20第2猪瀬ビル1階,35.67067,139.71703,あすか薬局,薬局,http://taihou6114.byoinnavi.jp/
港区,東麻布３丁目,-,東京都港区東麻布3丁目7番12号,35.65651,139.73825,南山堂薬局 東麻布三丁目店,薬局,https://www.nanzando.co.jp/
港区,新橋２丁目,虎ノ門広域,東京都港区新橋2-12-16明和ビル5F 5-東号室,35.66744,139.75475,新橋内幸町薬局,薬局,https://shimbashi-uchisaiwaicho.confeed-inc.com/
港区,芝浦３丁目,-,東京都港区芝浦3-2-29神田ビル1F,35.64477,139.75083,田町芝浦ファミリー薬局,薬局,http://k-pharmacy-drugstore.jp/index.html
港区,西新橋１丁目,虎ノ門,東京都港区西新橋1丁目3番1号西新橋スクエア 3階301区,35.66916,139.75445,アイセイ薬局 内幸町店,薬局,https://www.aisei.co.jp/
港区,麻布十番２丁目,-,東京都港区麻布十番2-2-7野口ビル1F,35.65525,139.73563,南山堂薬局 麻布十番店,薬局,http://www.nanzando.co.jp/shop/azabujuban.html
港区,麻布十番１丁目,-,東京都港区麻布十番1-7-1ヨーロッパハウス1F,35.65663,139.73457,麻布十番調剤薬局,薬局,http://www.confeed-inc.com/azabu/
港区,六本木３丁目,六本木,東京都港区六本木3-7-1THEROPPONGI TOKYO201,35.66376,139.73483,(株)平井薬局(東京都港区 | 六本木駅),薬局,http://www.hirai-pharmacy.com
港区,西新橋１丁目,虎ノ門,東京都港区西新橋1-17-8地下1階,35.66727,139.75372,新橋薬局,薬局,-
港区,芝４丁目,-,東京都港区芝四丁目5-8池藤ビル1F,35.64884,139.75127,ハイジア薬局,薬局,-
港区,高輪１丁目,-,東京都港区高輪1-3-1第3白川ビル1階,35.64381,139.73502,トモズ 白金高輪店,薬局,-
港区,虎ノ門５丁目,虎ノ門,東京都港区虎ノ門5-1-5虎ノ門45MTビル地下1階,35.66378,139.74535,トモズ 神谷町店,薬局,-
港区,麻布十番３丁目,-,東京都港区麻布十番3-7-11シャトーデスポワール麻布101号,35.65360,139.73477,トモズ 麻布十番店,薬局,-
港区,浜松町１丁目,-,東京都港区浜松町1-29-6浜松町セントラルビル 1階,35.65697,139.75603,トモズ 浜松町店,薬局,-
港区,赤坂４丁目,赤坂,東京都港区赤坂4-2-81階,35.67532,139.73582,トモズ 赤坂店,薬局,-
港区,六本木６丁目,六本木,東京都港区六本木6-10-3六本木ヒルズ ウエストウォーク 1階,35.65931,139.72910,トモズ 六本木ヒルズ店,薬局,-
港区,東新橋１丁目,虎ノ門広域,東京都港区東新橋1-5-2汐留シティセンター B2階,35.66540,139.76106,トモズ 汐留シティセンター店,薬局,-
港区,六本木３丁目,六本木,東京都港区六本木3-9-10,35.66380,139.73385,平井仁成堂,薬局,-
港区,港南２丁目,-,東京都港区港南2-15-2品川インターシティ 2階,35.62620,139.74201,トモズ 品川インターシティ店,薬局,-
港区,赤坂３丁目,赤坂,東京都港区赤坂3-21-16SKI赤坂ビル1階,35.67701,139.73554,一ツ木薬局,薬局,-
港区,南青山７丁目,-,東京都港区南青山7-14-7小寺ビル1F,35.65659,139.71784,株式会社 トラストファーマシー 広尾調剤薬局,薬局,-
港区,赤坂２丁目,赤坂,東京都港区赤坂2-10-13フクダビル1F,35.67049,139.74171,ルビー薬局 赤坂2丁目店,薬局,-
港区,海岸１丁目,-,東京都港区海岸1-7-1東京ポートシティ竹芝オフィスタワー6階,35.65542,139.76065,セルフケア薬局 東京ポートシティ竹芝店,薬局,-
港区,港南２丁目,-,東京都港区港南2-6-7大善ビル2階,35.62850,139.74262,みらくる薬局 品川駅前店,薬局,-
港区,東新橋１丁目,虎ノ門広域,東京都港区東新橋1-9-1東京汐留ビルディング地下2F,35.66329,139.76133,みらくる薬局,薬局,-
港区,西麻布３丁目,-,東京都港区西麻布3-1-19小山ビル1階,35.66046,139.72668,霞町薬局,薬局,-
港区,赤坂１丁目,虎ノ門,東京都港区赤坂1-3-5赤坂アビタシオンビル1階,35.67043,139.74401,フレンド薬局 溜池山王店,薬局,-
港区,南麻布４丁目,-,東京都港区南麻布4-11-30南麻布渋谷ビル6階,35.64728,139.72715,ゆりの木薬局 南麻布店,薬局,-
港区,芝２丁目,-,東京都港区芝2-18-3カレン芝公園1F,35.65186,139.75091,有限会社ライオン ライオン薬局,薬局,-
港区,白金３丁目,-,東京都港区白金3-1-4白金ハイツ1F,35.64687,139.73126,玉菊薬局,薬局,-
港区,白金１丁目,-,東京都港区白金1-25-31レジデンス白金103,35.64445,139.73160,パーム薬局,薬局,-
港区,芝４丁目,-,東京都港区芝4-14-1第2田町ビル1F,35.64732,139.74908,三田薬局,薬局,-
港区,東麻布１丁目,-,東京都港区東麻布1-18-11,35.65582,139.74228,ナルト薬局,薬局,-
港区,芝大門２丁目,-,東京都港区芝大門2-10-2,35.65471,139.75337,おだいじに薬局 芝公園店,薬局,-
港区,白金台３丁目,-,東京都港区白金台3-16-13白金台ウスイビル1F,35.63663,139.72380,白金台鈴薬局,薬局,-
港区,西麻布４丁目,-,東京都港区西麻布4-18-16,35.65813,139.71884,シミズファーマシー,薬局,-
港区,西新橋３丁目,虎ノ門,東京都港区西新橋3-19-12メディコ西新橋ビル1F,35.66341,139.75180,くすり箱薬局,薬局,-
港区,白金台４丁目,-,東京都港区白金台4-5-5パレスデュオ白金台1F,35.63887,139.72739,白金台薬局,薬局,-
港区,北青山３丁目,-,東京都港区北青山3-10-6第2秋月ビル1F,35.66427,139.71095,フレンド薬局表参道店,薬局,-
港区,西新橋３丁目,虎ノ門,東京都港区西新橋3-9-3,35.66420,139.75267,内山薬局,薬局,-
港区,西新橋３丁目,虎ノ門,東京都港区西新橋3-23-8,35.66174,139.75153,まゆみ薬局 御成門店,薬局,-
港区,芝３丁目,-,東京都港区芝3-15-5ジョイヴィレッジ芝公園2階,35.65362,139.74540,はなみずき薬局,薬局,-
港区,虎ノ門４丁目,虎ノ門,東京都港区虎ノ門4-3-1城山トラストタワー1階,35.66469,139.74331,ナチュラルローソンクオール薬局 城山トラストタワー店,薬局,-
港区,芝浦３丁目,-,東京都港区芝浦3-19-18内村芝浦ビル1階,35.64157,139.74854,十字堂薬局 芝浦店,薬局,-
港区,西麻布４丁目,-,東京都港区西麻布4-3-8,35.65779,139.72324,マープル薬局,薬局,-
港区,西麻布３丁目,-,東京都港区西麻布3-2-20,35.65964,139.72654,けやき坂薬局,薬局,-
港区,赤坂３丁目,赤坂,東京都港区赤坂3-12-5共友ビル1階,35.67358,139.73791,薬局アポック 赤坂店,薬局,-
港区,麻布十番１丁目,-,東京都港区麻布十番1-5-2フローラ麻布1階,35.65758,139.73266,薬局六本木ファーマシィ,薬局,-
港区,北青山３丁目,-,東京都港区北青山3-3-10紀文堂ビル1階,35.66815,139.71484,薬局青山,薬局,-
港区,南青山７丁目,-,東京都港区南青山7-14-6本間ビル1階,35.65673,139.71789,広尾中央薬局,薬局,-
港区,元赤坂１丁目,赤坂,東京都港区元赤坂1-5-2永島ビル1階,35.67792,139.73391,梅花堂薬局,薬局,-
港区,南青山７丁目,-,東京都港区南青山7-14-7西川ビル1階,35.65659,139.71784,日生薬局 広尾店,薬局,-
港区,赤坂２丁目,赤坂,東京都港区赤坂2-13-23,35.67298,139.73802,富谷薬局,薬局,-
港区,赤坂１丁目,虎ノ門,東京都港区赤坂1-5-12,35.67044,139.74292,溜池薬局,薬局,-
港区,北青山３丁目,-,東京都港区北青山3-3-13共和五番館1階,35.66785,139.71445,ニホンドウ漢方ブティック 青山店,薬局,-
港区,南青山５丁目,-,東京都港区南青山5-1-25,35.66467,139.71246,北村薬局,薬局,-
港区,赤坂２丁目,赤坂,東京都港区赤坂2-11-15MY赤坂ビル1階,35.67036,139.74098,エール薬局 赤坂店,薬局,-
港区,赤坂３丁目,赤坂,東京都港区赤坂3-9-4サカタニビル3階,35.67708,139.73647,赤坂太陽薬局,薬局,-
港区,赤坂５丁目,赤坂,東京都港区赤坂5-4-6赤坂三辻ビル地下1階,35.67227,139.73603,赤坂駅前薬局,薬局,-
港区,南青山５丁目,-,東京都港区南青山5-6-2青山菊正ビル1階,35.66391,139.71206,青山大師堂薬局,薬局,-
港区,南青山７丁目,-,東京都港区南青山7-14-5石山ビル1・2階,35.65684,139.71793,子安調剤薬局,薬局,-
港区,南麻布１丁目,-,東京都港区南麻布1-12-7エフィーナ南麻布B,35.65004,139.73467,南麻布薬局,薬局,-
港区,元麻布３丁目,-,東京都港区元麻布3-1-38第5谷澤ビル7A,35.65841,139.72772,ヒルサイド薬局,薬局,-
港区,東麻布２丁目,-,東京都港区東麻布2-5-1トーカンマンション105,35.65729,139.74173,東麻布薬局,薬局,-
港区,麻布十番１丁目,-,東京都港区麻布十番1-8-10,35.65592,139.73544,永井薬局,薬局,-
港区,麻布十番３丁目,-,東京都港区麻布十番3-14-3,35.65281,139.73630,城南薬局,薬局,-
港区,麻布十番３丁目,-,東京都港区麻布十番3-6-10キャッスル麻布101,35.65322,139.73466,十番ファーマシー薬局,薬局,-
港区,麻布十番２丁目,-,東京都港区麻布十番2-18-1,35.65454,139.73598,薬局麻布十番,薬局,-
港区,六本木７丁目,六本木,東京都港区六本木7-14-7,35.66348,139.73170,子安薬局 六本木店,薬局,-
港区,南麻布４丁目,-,東京都港区南麻布4-1-29広尾ガーデン1階,35.65012,139.72267,子安薬局 広尾ガーデン店,薬局,-
港区,六本木６丁目,六本木,東京都港区六本木6-10-1六本木ヒルズ森タワー6階,35.66040,139.72904,ケイリバー調剤薬局,薬局,-
港区,六本木７丁目,六本木,東京都港区六本木7-15-14塩業ビルB1F,35.66253,139.72995,グリーン薬局,薬局,-
港区,南麻布２丁目,-,東京都港区南麻布2-10-19ボヌール南麻布101,35.64766,139.73542,クオール薬局 古川橋店,薬局,-
港区,西麻布３丁目,-,東京都港区西麻布3-20-14梅田ビル1階,35.66021,139.72584,梅田薬局,薬局,-
港区,西麻布３丁目,-,東京都港区西麻布3-2-22,35.65846,139.72739,西麻布薬局,薬局,-
港区,白金１丁目,-,東京都港区白金1-28-18,35.64376,139.73293,薮崎信栄堂薬局,薬局,-
港区,高輪３丁目,-,東京都港区高輪3-11-5高輪ビューハイツ1階,35.63142,139.73064,ミナト薬局,薬局,-
港区,高輪３丁目,-,東京都港区高輪3-25-29前川ビル1階,35.63016,139.73761,ニホンドウ漢方ブティック 品川本店,薬局,-
港区,白金台３丁目,-,東京都港区白金台3-15-6マスレンビル1階,35.63657,139.72441,調剤薬局 ツルハドラッグ 白金台店,薬局,-
港区,白金６丁目,-,東京都港区白金6-21-7第一東幸ビル1階,35.64399,139.72185,白金中央薬局,薬局,-
港区,高輪３丁目,-,東京都港区高輪3-9-11ショパン高輪1階,35.63222,139.73207,あさひ薬局 高輪店,薬局,-
港区,白金台４丁目,-,東京都港区白金台4-7-7姫路マッチ白金台ビル201,35.63796,139.72581,白金台調剤薬局,薬局,-
港区,高輪４丁目,-,東京都港区高輪4-10-18ウィング高輪221,35.62839,139.73702,品川マルゼン薬局,薬局,-
港区,高輪３丁目,-,東京都港区高輪3-10-38,35.63193,139.73106,アカビシ薬局,薬局,-
港区,芝浦１丁目,-,東京都港区芝浦1-1-1東芝ビル1階,35.65157,139.75770,ゆりの木薬局 東芝ビル店,薬局,-
港区,三田２丁目,-,東京都港区三田2-7-9サニークレスト三田1F,35.65176,139.74463,中川薬局,薬局,-
港区,芝５丁目,-,東京都港区芝5-33-8第一田町ビル地下1階,35.64706,139.74870,ツヅノ薬局 田町店,薬局,-
港区,芝浦２丁目,-,東京都港区芝浦2-16-5田町明鳳ビル1階,35.64438,139.75226,芝浦薬局,薬局,-
港区,三田１丁目,-,東京都港区三田1-4-28三田国際ビル3階,35.65359,139.74476,三立ファーマシー,薬局,-
港区,三田１丁目,-,東京都港区三田1-3-33三田ネクサスビル1階,35.65456,139.74334,日生薬局 三田店,薬局,-
港区,三田３丁目,-,東京都港区三田3-7-16御田八幡ビル401,35.64317,139.74166,バンビー薬局 田町店,薬局,-
港区,芝５丁目,-,東京都港区芝5-34-7田町センタービル ピアタ内,35.64624,139.74705,慶愛堂薬局,薬局,-
港区,芝２丁目,-,東京都港区芝2-12-1,35.65163,139.75251,薬局桑山清心堂,薬局,-
港区,虎ノ門２丁目,虎ノ門,東京都港区虎ノ門2-1-1商船三井ビル1階,35.66989,139.74691,わかば薬局虎の門,薬局,-
港区,新橋６丁目,虎ノ門広域,東京都港区新橋6-14-7,35.66189,139.75302,れんが通り薬局,薬局,-
港区,虎ノ門２丁目,虎ノ門,東京都港区虎ノ門2-3-17虎ノ門2丁目タワー1階,35.66846,139.74664,ライオン薬局,薬局,-
港区,虎ノ門１丁目,虎ノ門,東京都港区虎ノ門1-22-14ミツヤ虎ノ門ビル1階,35.66716,139.74804,薬局ケイズ,薬局,-
港区,西新橋３丁目,虎ノ門,東京都港区西新橋3-23-9東京御成門ビル1階,35.66168,139.75145,メディトピア新橋薬局,薬局,-
港区,新橋４丁目,虎ノ門広域,東京都港区新橋4-18-2,35.66463,139.75736,フジドラッグ,薬局,-
港区,浜松町２丁目,-,東京都港区浜松町2-4-1世界貿易センタービル14階,35.65597,139.75639,貿易センタービル調剤薬局,薬局,-
港区,新橋２丁目,虎ノ門広域,東京都港区新橋2-16-1ニュー新橋ビル344,35.66643,139.75738,バンビー薬局 ニュー新橋ビル店,薬局,-
港区,新橋３丁目,虎ノ門広域,東京都港区新橋3-19-2,35.66507,139.75757,バンビー薬局,薬局,-
港区,新橋１丁目,虎ノ門広域,東京都港区新橋1-18-12新橋一丁目ビル1階,35.66829,139.75637,宮崎薬局,薬局,-
港区,虎ノ門１丁目,虎ノ門,東京都港区虎ノ門1-2-18虎ノ門興業ビルディング地下1階,35.66933,139.74745,日生薬局 虎ノ門店,薬局,-
港区,虎ノ門１丁目,虎ノ門,東京都港区虎ノ門1-2-17,35.66978,139.74842,日生薬局 2号店,薬局,-
港区,西新橋３丁目,虎ノ門,東京都港区西新橋3-23-5御成門郵船ビル1階,35.66218,139.75154,日生薬局 御成門店,薬局,-
港区,虎ノ門１丁目,虎ノ門,東京都港区虎ノ門1-1-16小林ビル1階,35.67004,139.75123,日野薬局 虎ノ門店,薬局,-
港区,西新橋１丁目,虎ノ門,東京都港区西新橋1-5-9TSビル2階,35.66915,139.75384,西新橋中央薬局,薬局,-
港区,虎ノ門１丁目,虎ノ門,東京都港区虎ノ門1-2-4,35.66997,139.74883,虎之門薬局,薬局,-
港区,西新橋３丁目,虎ノ門,東京都港区西新橋3-19-11安達ビル1階,35.66354,139.75187,セントラル薬局 新橋店,薬局,-
港区,新橋６丁目,虎ノ門広域,東京都港区新橋6-2-6,35.66231,139.75295,大黒堂薬局,薬局,-
港区,虎ノ門１丁目,虎ノ門,東京都港区虎ノ門1-8-14三昭ビル1階,35.66929,139.75030,スリーアイ薬局 虎ノ門店,薬局,-
港区,新橋５丁目,虎ノ門広域,東京都港区新橋5-14-10新橋スクエアビル8階,35.66197,139.75611,みらい薬局,薬局,-
港区,西新橋１丁目,虎ノ門,東京都港区西新橋1-1-15物産ビル別館9階,35.67001,139.75349,西新橋調剤薬局,薬局,-
港区,西新橋３丁目,虎ノ門,東京都港区西新橋3-23-6,35.66204,139.75122,すぎの木薬局,薬局,-
港区,新橋１丁目,虎ノ門広域,東京都港区新橋1-4-3芝ビル1F,35.66787,139.75935,芝口薬局,薬局,-
港区,西新橋３丁目,虎ノ門,東京都港区西新橋3-19-14東京建硝ビル1階,35.66330,139.75175,さくら薬局 西新橋店,薬局,-
港区,虎ノ門２丁目,虎ノ門,東京都港区虎ノ門2-3-22第1秋山ビルディング1階,35.66883,139.74695,さくら薬局 虎ノ門店,薬局,-
港区,虎ノ門２丁目,虎ノ門,東京都港区虎ノ門2-10-4ホテルオークラ本館1階,35.66696,139.74435,子安ドラッグストアー ホテルオークラ店,薬局,-
港区,虎ノ門２丁目,虎ノ門,東京都港区虎ノ門2-5-21寿ビル地下1階,35.66882,139.74790,ご当地の虎ノ門前薬局,薬局,-
港区,芝公園１丁目,-,東京都港区芝公園1-5-30,35.65885,139.75166,慶應義塾大学薬学部附属薬局,薬局,-
港区,虎ノ門２丁目,虎ノ門,東京都港区虎ノ門2-3-20虎ノ門YHKビル1階,35.66871,139.74680,キリン薬局,薬局,-
港区,新橋５丁目,虎ノ門広域,東京都港区新橋5-29-3,35.66253,139.75596,カネコ薬局,薬局,-
港区,芝大門２丁目,-,東京都港区芝大門2-7-10,35.65503,139.75317,清水薬局 芝公園店,薬局,-
港区,虎ノ門１丁目,虎ノ門,東京都港区虎ノ門1-11-11七久保ビル1階,35.66849,139.74993,いずみ調剤薬局,薬局,-
港区,新橋２丁目,虎ノ門広域,東京都港区新橋2-16-1ニュー新橋ビル345,35.66643,139.75738,新橋調剤薬局,薬局,-
港区,西新橋１丁目,虎ノ門,東京都港区西新橋1-9-2,35.66905,139.75268,植松薬局,薬局,-
港区,新橋２丁目,虎ノ門広域,東京都港区新橋2-15-16マクゲンビル1階,35.66656,139.75589,あかひげ薬局,薬局,-
港区,虎ノ門１丁目,虎ノ門,東京都港区虎ノ門1-2-16浜崎ビル1階,35.66926,139.74761,あおい調剤薬局,薬局,-
港区,西新橋１丁目,虎ノ門,東京都港区西新橋1-19-13斉木ビル1F,35.66806,139.75280,虎ノ門鈴薬局 ,薬局,-
港区,港南２丁目,-,東京都港区港南2-16-7-201-1,35.62514,139.74053,トキワ調剤薬局,薬局,-
港区,高輪２丁目,-,東京都港区高輪2-15-8グレイスビル泉岳寺前102,35.63708,139.73834,オーベル薬局高輪店,薬局,-
港区,芝大門２丁目,-,東京都港区芝大門2-3-15,35.65604,139.75374,清水薬局,薬局,-
港区,高輪４丁目,-,東京都港区高輪4-10-30,35.62802,139.73529,トモズエクスプレス品川プリンスホテル店,薬局,-
港区,高輪３丁目,-,東京都港区高輪3-5-19,35.63365,139.73138,エノキ薬局,薬局,-
港区,高輪３丁目,-,東京都港区高輪3-26-26,35.62825,139.73802,(株)マスターズドラック(東京都港区 | 品川駅),薬局,-
港区,台場１丁目,-,東京都港区台場1-6-1,35.62899,139.77625,マツモトキヨシ デックス東京ビーチ店,薬局,-
港区,台場１丁目,-,東京都港区台場1-5-7,35.63076,139.77871,台場薬局,薬局,-
港区,高輪３丁目,-,東京都港区高輪3-23-17,35.63059,139.73710,(株)南山堂(東京都港区 | 品川駅),薬局,-
港区,麻布十番２丁目,-,東京都港区麻布十番2-8-10,35.65540,139.73457,マツモトキヨシ 麻布十番店,薬局,-
港区,麻布十番２丁目,-,東京都港区麻布十番2-3-9,35.65543,139.73504,くすりの福太郎麻布十番店,薬局,-
港区,麻布十番２丁目,-,東京都港区麻布十番2-20-2,35.65503,139.73655,ドラッグストア・スマイル 麻布店,薬局,-
港区,麻布十番２丁目,-,東京都港区麻布十番2-11-5,35.65396,139.73434,スロースタイル薬局,薬局,-
港区,麻布十番１丁目,-,東京都港区麻布十番1-7-11,35.65628,139.73469,オバタ薬局,薬局,-
港区,新橋４丁目,虎ノ門広域,東京都港区新橋4-26-4,35.66409,139.75550,メディスンショップジャパン,薬局,-
港区,新橋２丁目,虎ノ門広域,東京都港区新橋2-16-1-140,35.66641,139.75746,フタバ薬品,薬局,-
港区,新橋２丁目,虎ノ門広域,東京都港区新橋2-17-32,35.66682,139.75784,ドラッグ・イン・キムラヤ新橋日比谷口店,薬局,-
港区,新橋２丁目,虎ノ門広域,東京都港区新橋2-7-1,35.66739,139.75764,マツモトキヨシ 新橋駅前店,薬局,-
港区,新橋２丁目,虎ノ門広域,東京都港区新橋2-16-1,35.66641,139.75746,飛竜薬房,薬局,-
港区,新橋１丁目,虎ノ門広域,東京都港区新橋1-17-2,35.66846,139.75710,キリン堂薬局・新橋店,薬局,-
港区,芝浦３丁目,-,東京都港区芝浦3-16-4,35.64202,139.74987,ドラッグストア・スマイル営業本部,薬局,-
港区,芝浦３丁目,-,東京都港区芝浦3-6-12,35.64301,139.74773,ドラッグストア・スマイル 芝浦店,薬局,-
港区,芝浦３丁目,-,東京都港区芝浦3-4-1,35.64380,139.74548,サンドラッグ田町店,薬局,-
港区,芝公園３丁目,虎ノ門,東京都港区芝公園3-4-30,35.65890,139.74639,ザメディカルディスペンサリー,薬局,-
港区,芝浦３丁目,-,東京都港区芝浦3-13-2,35.64316,139.74911,ドラッグストア・スマイル 田町東口店,薬局,-
港区,芝浦１丁目,-,東京都港区芝浦1-2-2,35.64989,139.75650,セガミ薬局芝浦店,薬局,-
港区,芝５丁目,-,東京都港区芝5-31-16,35.64661,139.74603,薬ヒグチ田町店,薬局,-
港区,芝５丁目,-,東京都港区芝5-25-11,35.64759,139.74494,ヘルスケアストアセイジョー 三田店,薬局,-
港区,芝５丁目,-,東京都港区芝5-24-8,35.64790,139.74550,山竜堂薬局,薬局,-
港区,芝５丁目,-,東京都港区芝5-23-3,35.64836,139.74592,エビスヤ薬局,薬局,-
港区,芝５丁目,-,東京都港区芝5-20-20,35.64784,139.74676,ミネドラッグ三田店,薬局,-
港区,芝５丁目,-,東京都港区芝5-13-14,35.64917,139.74492,ドラッグストア・スマイル 三田店,薬局,-
港区,芝大門２丁目,-,東京都港区芝大門2-5-1,35.65555,139.75404,伯山堂薬局芝大門店,薬局,-
港区,芝大門２丁目,-,東京都港区芝大門2-4-3,35.65654,139.75437,薬ヒグチ 大門店,薬局,-
港区,芝大門２丁目,-,東京都港区芝大門2-2-1,35.65669,139.75339,クリエイトS・D港区芝大門店,薬局,-
港区,西麻布４丁目,-,東京都港区西麻布4-2-9,35.65807,139.72324,鈴木薬局,薬局,-
港区,西麻布３丁目,-,東京都港区西麻布3-2-16,35.65917,139.72753,田辺薬局西麻布欅店,薬局,-
港区,西新橋３丁目,虎ノ門,東京都港区西新橋3-22-8,35.66254,139.75158,日本調剤御成門薬局,薬局,-
港区,西新橋１丁目,虎ノ門,東京都港区西新橋1-7-1,35.66937,139.75172,(株)サンメディック(東京都港区 | 虎ノ門駅),薬局,-
港区,西新橋３丁目,虎ノ門,東京都港区西新橋3-20-1,35.66367,139.75228,日本調剤 西新橋薬局,薬局,-
港区,西新橋１丁目,虎ノ門,東京都港区西新橋1-17-8,35.66725,139.75369,ドラッグアスティル西新橋店,薬局,-
港区,白金台２丁目,-,東京都港区白金台2-26-10,35.63181,139.72993,ナチュラルローソンクオール薬局高輪台駅前店,薬局,-
港区,白金１丁目,-,東京都港区白金1-2-11,35.64644,139.73409,白金ピース薬局,薬局,-
港区,東新橋１丁目,虎ノ門広域,東京都港区東新橋1-8-2,35.66503,139.76235,マツモトキヨシカレッタ汐留店,薬局,-
港区,海岸１丁目,-,東京都港区海岸1-2-20,35.65693,139.75952,(株)ソーレ(東京都港区 | 浜松町駅),薬局,-
港区,六本木７丁目,六本木,東京都港区六本木7-3-12,35.66595,139.72844,イスクラ薬局原宿店,薬局,-
港区,白金１丁目,-,東京都港区白金1-17-2,35.64433,139.73421,トモズエクスプレス白金プラザ店,薬局,-
港区,六本木４丁目,六本木,東京都港区六本木4-11-10,35.66415,139.73163,富士薬局,薬局,-
港区,六本木４丁目,六本木,東京都港区六本木4-8-7,35.66396,139.73295,(株)子安(東京都港区 | 六本木駅),薬局,-
港区,六本木６丁目,六本木,東京都港区六本木6-1-26,35.66290,139.73211,マツモトキヨシ 六本木店,薬局,-
港区,赤坂６丁目,赤坂,東京都港区赤坂6-2-14,35.67154,139.73691,薬ヒグチ第2赤坂店,薬局,-
港区,赤坂５丁目,赤坂,東京都港区赤坂5-5-13,35.67043,139.73377,スギ薬局赤坂店,薬局,-
港区,赤坂５丁目,赤坂,東京都港区赤坂5-3-1,35.67322,139.73647,マツモトキヨシ赤坂Bizタワー店,薬局,-
港区,赤坂３丁目,赤坂,東京都港区赤坂3-8-7,35.67582,139.73728,薬屋リッチモンド赤坂店,薬局,-
港区,赤坂３丁目,赤坂,東京都港区赤坂3-12-22,35.67423,139.73770,アーバン本店,薬局,-
港区,赤坂３丁目,赤坂,東京都港区赤坂3-11-3,35.67511,139.73721,ケンコーコム,薬局,-
港区,赤坂６丁目,赤坂,東京都港区赤坂6-5-21,35.66972,139.73575,漢方齋成堂,薬局,-
港区,赤坂９丁目,六本木,東京都港区赤坂9-7-2,35.66521,139.73149,トモズエクスプレス東京ミッドタウン店,薬局,-
港区,赤坂３丁目,赤坂,東京都港区赤坂3-11-14,35.67479,139.73741,サン薬品,薬局,-
港区,赤坂３丁目,赤坂,東京都港区赤坂3-1-6,35.67705,139.73683,コクミン赤坂店,薬局,-
港区,赤坂２丁目,赤坂,東京都港区赤坂2-19-2,35.66878,139.74023,くすりセイジョー赤坂二丁目店,薬局,-
港区,赤坂２丁目,赤坂,東京都港区赤坂2-15-15,35.67160,139.73797,アーバン氷川店,薬局,-
港区,赤坂１丁目,虎ノ門,東京都港区赤坂1-12-32,35.66709,139.74001,コクミン薬局赤坂店,薬局,-
港区,赤坂１丁目,虎ノ門,東京都港区赤坂1-1-12,35.67085,139.74471,(株)シンギー(東京都港区 | 国会議事堂前駅),薬局,-
港区,南麻布５丁目,-,東京都港区南麻布5-16-10,35.65131,139.72333,(株)フォークチーズ(東京都港区 | 広尾駅),薬局,-
港区,南麻布１丁目,-,東京都港区南麻布1-6-36,35.65248,139.73526,日本調剤麻布十番薬局,薬局,-
港区,南青山７丁目,-,東京都港区南青山7-14-8,35.65648,139.71781,サンドラッグ広尾薬局,薬局,-
港区,南青山３丁目,-,東京都港区南青山3-8-40,35.66749,139.71507,スギ薬局南青山店,薬局,-
港区,南青山３丁目,-,東京都港区南青山3-13-22,35.66574,139.71344,(株)善光堂薬局(東京都港区 | 表参道駅),薬局,-
港区,南青山２丁目,-,東京都港区南青山2-7-27,35.67101,139.72218,(有)カプセルマーケッツ(東京都港区 | 青山一丁目駅),薬局,-
港区,南青山２丁目,-,東京都港区南青山2-22-15,35.67062,139.71896,五行堂,薬局,-
港区,南青山２丁目,-,東京都港区南青山2-13-10,35.67061,139.72017,レジーナ薬局青山店,薬局,-
港区,南青山１丁目,-,東京都港区南青山1-15-2,35.67013,139.72642,青山堂,薬局,-
港区,虎ノ門４丁目,虎ノ門,東京都港区虎ノ門4-3-1,35.66469,139.74331,クオール,薬局,-
港区,虎ノ門３丁目,虎ノ門,東京都港区虎ノ門3-16-13,35.66387,139.74658,アズドラッグ,薬局,-
港区,虎ノ門２丁目,虎ノ門,東京都港区虎ノ門2-5-1,35.66890,139.74793,伯山堂薬局虎の門店,薬局,-
港区,虎ノ門２丁目,虎ノ門,東京都港区虎ノ門2-4-1,35.66896,139.74770,セイジョー薬局虎ノ門調剤店,薬局,-
港区,虎ノ門１丁目,虎ノ門,東京都港区虎ノ門1-8-10,35.66909,139.75093,サンドラッグ 虎ノ門店,薬局,-
港区,虎ノ門１丁目,虎ノ門,東京都港区虎ノ門1-2-18,35.66933,139.74745,日本調剤虎ノ門薬局,薬局,-
港区,虎ノ門１丁目,虎ノ門,東京都港区虎ノ門1-1-20,35.67030,139.75075,セイジョー虎ノ門店,薬局,-
港区,港南４丁目,-,東京都港区港南4-6-7,35.62772,139.75075,(株)湘南薬品 港南薬局(東京都港区 | 天王洲アイル駅),薬局,-
港区,港南２丁目,-,東京都港区港南2-16-1,35.62791,139.74073,大東ホーム薬品,薬局,-
港区,北青山３丁目,-,東京都港区北青山3-15-13,35.66424,139.70898,(株)アクシスアン(東京都港区 | 表参道駅),薬局,-
港区,北青山２丁目,-,東京都港区北青山2-7-22,35.67085,139.71708,(有)慶応堂鈴木薬局(東京都港区 | 外苑前駅),薬局,-
港区,北青山２丁目,-,東京都港区北青山2-12-5,35.67114,139.71581,ナチュラルローソンクオール薬局北青山二丁目店,薬局,-
港区,三田５丁目,-,東京都港区三田5-12-4,35.64527,139.73831,大里厚養堂,薬局,-
江東区,北砂５丁目,-,東京都江東区北砂5-208号棟A区画,35.68356,139.83290,株式会社ファーマみらい 共創未来 北砂5丁目薬局,薬局,http://www.phmirai.co.jp/shops/detail.php?id=383
江東区,豊洲４丁目,-,東京都江東区豊洲4-4-28浦島ビル1F,35.65371,139.79781,杏林堂薬局 豊洲店,薬局,http://www.kyourindo.co.jp/
江東区,木場２丁目,-,東京都江東区木場2-21-2木場スカイハイム1F,35.66913,139.80462,杏林堂薬局 木場駅前店,薬局,https://www.sougou-m-c.jp/
江東区,木場６丁目,-,東京都江東区木場6-13-12コーポ千代乃1F,35.66838,139.80709,杏林堂薬局 木場店,薬局,http://www.kyourindo.co.jp/
江東区,塩浜２丁目,-,東京都江東区塩浜2-5-23汐浜サンハイツ1F,35.66159,139.80564,杏林堂薬局 深川店,薬局,http://www.kyourindo.co.jp/
江東区,東陽２丁目,-,東京都江東区東陽2-4-26飯田ビル1F,35.66859,139.81669,杏林堂薬局 東陽町店,薬局,http://www.kyourindo.co.jp/
江東区,大島５丁目,-,東京都江東区大島五丁目51番10号サルドセジュール102号,35.68770,139.83826,たかぎ薬局,薬局,-
江東区,亀戸６丁目,-,東京都江東区亀戸6-12-1ディナ・スカーラ亀戸,35.69467,139.82640,有限会社モネット サン薬局,薬局,https://www.monet-ph.com/
江東区,扇橋３丁目,-,東京都江東区扇橋3-5-7,35.68242,139.81979,松田薬局 扇橋店,薬局,https://www.akmedical.jp/
江東区,大島５丁目,-,東京都江東区大島5-5-5,35.68868,139.83266,あい薬局,薬局,https://www.ai-pharmacy-oshima.com/
江東区,東雲１丁目,-,東京都江東区東雲1-5-19AIP25豊洲ビル4F,35.64773,139.80052,アイセイハート薬局 東雲店,薬局,https://www.aisei.co.jp/
江東区,豊洲５丁目,-,東京都江東区豊洲五丁目2-12豊洲BAYSIDEクリニックビル 1階,35.65343,139.79560,南山堂薬局 豊洲店,薬局,https://www.nanzando.co.jp/
江東区,扇橋２丁目,-,東京都江東区扇橋2-1-3ET21ビル,35.68299,139.81405,ヒロ薬局さくらべーる,薬局,http://www.hiroyaku.co.jp
江東区,大島８丁目,-,東京都江東区大島8-22-21シャトーレ大島101号,35.68956,139.84072,ファーブケア薬局,薬局,http://pharbcare.com
江東区,東砂７丁目,-,東京都江東区東砂7-19-13ベルコモン南砂101,35.67302,139.83632,株式会社綜和 あんしん薬局,薬局,http://www.anshinpharmacy.com/
江東区,東陽４丁目,-,東京都江東区東陽4-5-15東陽町サンキビル5FA,35.67018,139.81912,トレンドファーマ株式会社 ユーワ薬局 東陽町駅前店,薬局,https://trend-pharmacies.jp/pharmacy/
江東区,森下３丁目,-,東京都江東区森下3-20-6モナークコートビル101,35.68806,139.80259,アイセイ薬局 森下店,薬局,https://www.aisei.co.jp/
江東区,亀戸２丁目,-,東京都江東区亀戸2-42-5くらまえ三洋ビル1F,35.70137,139.82344,アイセイ薬局 亀戸店,薬局,https://www.aisei.co.jp/
江東区,千田,-,東京都江東区千田22-1ベルウッドイースト1階,35.68023,139.81620,ヒロ薬局,薬局,http://www.hiroyaku.co.jp
江東区,千石２丁目,-,東京都江東区千石二丁目10番6号JUTOWERFRONT千石1階,35.67845,139.81714,南山堂薬局 江東千石店,薬局,https://www.nanzando.co.jp
江東区,新砂３丁目,-,東京都江東区新砂3-4-31南砂町ショッピングセンターSUNAMO,35.66509,139.83534,トモズ 南砂町SUNAMO店,薬局,-
江東区,亀戸６丁目,-,東京都江東区亀戸6-57-24,35.69698,139.82825,トモズ 亀戸東口店,薬局,-
江東区,亀戸６丁目,-,東京都江東区亀戸6-31-1サンストリート亀戸,35.69549,139.82860,トモズ サンストリート亀戸店,薬局,-
江東区,大島７丁目,-,東京都江東区大島7-36-4,35.69265,139.84206,ふたば薬局,薬局,-
江東区,木場５丁目,-,東京都江東区木場5-8-81階,35.67136,139.80838,木場ライム薬局,薬局,-
江東区,有明１丁目,-,東京都江東区有明1-4-11ブリリアマーレ有明1Fクリニックスペース,35.63713,139.78718,ケーファーマシー株式会社 有明ファミリー薬局,薬局,-
江東区,豊洲４丁目,-,東京都江東区豊洲4-9-13東京フロントコート内,35.65540,139.80046,豊洲ファミリー薬局,薬局,-
江東区,北砂２丁目,-,東京都江東区北砂2-17-1アリオ北砂3F,35.68253,139.82561,はなまる薬局 北砂店,薬局,-
江東区,門前仲町１丁目,-,東京都江東区門前仲町1-6-11トレディパーチェ門前仲町1F,35.67319,139.79364,マエノ薬局門前仲町店,薬局,-
江東区,大島３丁目,-,東京都江東区大島3-4-3タワーレジデンス西大島1F,35.69210,139.82632,原田薬局 西大島店,薬局,-
江東区,豊洲５丁目,-,東京都江東区豊洲5-2-10-1F,35.65357,139.79551,沢真薬局,薬局,-
江東区,大島７丁目,-,東京都江東区大島7-1-1,35.69045,139.83791,ひかり薬局,薬局,-
江東区,南砂６丁目,-,東京都江東区南砂6-4-6-102,35.67365,139.83351,マルハチ薬局,薬局,-
江東区,亀戸６丁目,-,東京都江東区亀戸6-13-3,35.69491,139.82614,のぞみ薬局,薬局,-
江東区,北砂３丁目,-,東京都江東区北砂三丁目33-20,35.67953,139.82897,うさぎ薬局 砂町銀座店,薬局,-
江東区,富岡１丁目,-,東京都江東区富岡1-13-11,35.67181,139.79754,くるみ薬局,薬局,-
江東区,住吉２丁目,-,東京都江東区住吉2-6-7,35.68871,139.81482,スター調剤薬局 住吉店,薬局,-
江東区,大島６丁目,-,東京都江東区大島6-9-11,35.69045,139.83535,とまと薬局,薬局,-
江東区,南砂２丁目,-,東京都江東区南砂2-6-3サンライズ東陽ビルB1F,35.67238,139.81986,ファミリー薬局東陽町店,薬局,-
江東区,北砂４丁目,-,東京都江東区北砂4丁目4番14号,35.67720,139.82783,さかい川薬局,薬局,-
江東区,森下４丁目,-,東京都江東区森下4-23-9,35.68775,139.80465,ひまり薬局 菊川店,薬局,-
江東区,大島４丁目,-,東京都江東区大島4-1-6-106,35.68656,139.83030,サンコウ薬局,薬局,-
江東区,北砂６丁目,-,東京都江東区北砂6-1-4,35.68044,139.83537,パレット薬局北砂店,薬局,-
江東区,大島５丁目,-,東京都江東区大島5-36-7白石ビル1F,35.68907,139.83623,うさぎ薬局大島店,薬局,-
江東区,大島５丁目,-,東京都江東区大島5-7-2,35.68940,139.83230,たんぽぽ薬局大島店,薬局,-
江東区,大島９丁目,-,東京都江東区大島9-3-1パークサイドコート1F,35.69005,139.84510,エンジェル薬局東大島店,薬局,-
江東区,大島１丁目,-,東京都江東区大島1-33-15ネルフマスヤマビル1F,35.68848,139.82621,和光薬局西大島店,薬局,-
江東区,南砂４丁目,-,東京都江東区南砂4-18-3ユタカビル1F,35.67287,139.83257,メイプル薬局,薬局,-
江東区,南砂４丁目,-,東京都江東区南砂4-15-23,35.67281,139.83018,吉田薬局,薬局,-
江東区,北砂４丁目,-,東京都江東区北砂4-35-11クレアーレ4-1F,35.67777,139.83405,みどり薬局北砂店,薬局,-
江東区,門前仲町２丁目,-,東京都江東区門前仲町2-6-4,35.67278,139.79565,大栄薬局,薬局,-
江東区,南砂３丁目,-,東京都江東区南砂3-5-9,35.67308,139.82786,ダイカツ薬局,薬局,-
江東区,東砂４丁目,-,東京都江東区東砂4-15-10,35.67595,139.83980,マリー薬局,薬局,-
江東区,大島８丁目,-,東京都江東区大島8-5-2,35.68992,139.83808,松田薬局,薬局,-
江東区,北砂３丁目,-,東京都江東区北砂3-14-20,35.68194,139.82877,原田薬局,薬局,-
江東区,東雲１丁目,-,東京都江東区東雲1-9-22-102,35.64822,139.80343,ひとは薬局,薬局,-
江東区,富岡１丁目,-,東京都江東区富岡1-9-10,35.67143,139.79766,遠山薬局,薬局,-
江東区,深川２丁目,-,東京都江東区深川2-6-1,35.67466,139.79630,石澤薬局,薬局,-
江東区,深川１丁目,-,東京都江東区深川1-5-9,35.67627,139.79557,深一調剤薬局,薬局,-
江東区,深川１丁目,-,東京都江東区深川1-5-4,35.67634,139.79524,ケーアイファーマシー深川店,薬局,-
江東区,森下５丁目,-,東京都江東区森下5-14-1,35.68604,139.80873,ドラッグダイシン,薬局,-
江東区,森下４丁目,-,東京都江東区森下4-24-6,35.68814,139.80389,ドラッグストアスギウラ,薬局,-
江東区,森下４丁目,-,東京都江東区森下4-2-6,35.68458,139.80440,くすりの福太郎 森下4丁目店,薬局,-
江東区,森下４丁目,-,東京都江東区森下4-11-8,35.68639,139.80601,タカラ薬局森下,薬局,-
江東区,森下２丁目,-,東京都江東区森下2-31-13,35.68958,139.79957,高橋薬局森下店,薬局,-
江東区,森下２丁目,-,東京都江東区森下2-20-12,35.68835,139.79957,(資)三森竜天堂薬局(東京都江東区 | 森下駅),薬局,-
江東区,森下２丁目,-,東京都江東区森下2-2-3,35.68702,139.79856,長谷川薬局,薬局,-
江東区,古石場１丁目,-,東京都江東区古石場1-13-15,35.66774,139.79645,ケーアイファーマシー門仲店,薬局,-
江東区,毛利１丁目,-,東京都江東区毛利1-2-10,35.69044,139.81217,ヘルス薬局,薬局,-
江東区,毛利１丁目,-,東京都江東区毛利1-1-14,35.69054,139.81195,かちどき薬局毛利店,薬局,-
江東区,高橋,-,東京都江東区高橋13-15,35.68559,139.79881,ひらた薬局,薬局,-
江東区,富岡２丁目,-,東京都江東区富岡2-3-4,35.67090,139.80076,しののめ薬局富岡店,薬局,-
江東区,富岡１丁目,-,東京都江東区富岡1-7-5,35.67154,139.79633,スター薬局,薬局,-
江東区,富岡１丁目,-,東京都江東区富岡1-7-3,35.67167,139.79606,スター薬局,薬局,-
江東区,古石場１丁目,-,東京都江東区古石場1-2-2,35.67021,139.79279,旭薬品,薬局,-
江東区,古石場２丁目,-,東京都江東区古石場2-14-1,35.66715,139.80001,メディクス深川店,薬局,-
江東区,辰巳１丁目,-,東京都江東区辰巳1-9-51,35.64988,139.80976,タツミ薬局,薬局,-
江東区,富岡１丁目,-,東京都江東区富岡1-12-2,35.67185,139.79783,成田堂漢方薬局,薬局,-
江東区,枝川１丁目,-,東京都江東区枝川1-6-12,35.65698,139.80420,(有)枝川薬局 本店(東京都江東区 | 豊洲駅),薬局,-
江東区,越中島２丁目,-,東京都江東区越中島2-14-11,35.66631,139.79495,(有)ベル・グリーン(東京都江東区 | 越中島駅),薬局,-
江東区,門前仲町２丁目,-,東京都江東区門前仲町2-6-2,35.67287,139.79545,スター調剤薬局,薬局,-
江東区,富岡１丁目,-,東京都江東区富岡1-23-17,35.67099,139.79874,薬ヒグチ 富岡八幡店,薬局,-
江東区,門前仲町２丁目,-,東京都江東区門前仲町2-3-9,35.67169,139.79577,くすりの福太郎門前仲町2丁目店,薬局,-
江東区,門前仲町１丁目,-,東京都江東区門前仲町1-4-8,35.67216,139.79436,くすりの福太郎 門前仲町店,薬局,-
江東区,門前仲町１丁目,-,東京都江東区門前仲町1-20-3,35.67384,139.79552,(有)秋山調剤薬局(東京都江東区 | 門前仲町駅),薬局,-
江東区,新砂３丁目,-,東京都江東区新砂3-3-53,35.66797,139.83150,新砂薬局,薬局,-
江東区,亀戸９丁目,-,東京都江東区亀戸9-34-1,35.69936,139.84065,大洋薬局,薬局,-
江東区,門前仲町２丁目,-,東京都江東区門前仲町2-5-11,35.67249,139.79548,薬ヒグチ 新門前仲町店,薬局,-
江東区,亀戸８丁目,-,東京都江東区亀戸8-9-8,35.69868,139.83361,ファーマライズ薬局亀戸店,薬局,-
江東区,亀戸６丁目,-,東京都江東区亀戸6-62-8,35.69718,139.82890,ヒグチ薬品亀戸東口店,薬局,-
江東区,亀戸６丁目,-,東京都江東区亀戸6-58-11,35.69692,139.82788,ユタカ薬局,薬局,-
江東区,門前仲町１丁目,-,東京都江東区門前仲町1-13-10,35.67348,139.79524,ドラッグ・オゾン門前仲町店,薬局,-
江東区,亀戸９丁目,-,東京都江東区亀戸9-11-1,35.69592,139.84557,日本調剤江東薬局,薬局,-
江東区,亀戸６丁目,-,東京都江東区亀戸6-26-5,35.69626,139.82635,平成薬局亀戸店,薬局,-
江東区,亀戸６丁目,-,東京都江東区亀戸6-25-3,35.69593,139.82604,松江堂薬局,薬局,-
江東区,亀戸５丁目,-,東京都江東区亀戸5-5-9,35.69842,139.82724,コスモ薬局,薬局,-
江東区,亀戸５丁目,-,東京都江東区亀戸5-15-3,35.70004,139.82580,マツモトキヨシ 亀戸北口店,薬局,-
江東区,亀戸５丁目,-,東京都江東区亀戸5-10-6,35.69920,139.82758,コスモ薬局亀戸店,薬局,-
江東区,亀戸４丁目,-,東京都江東区亀戸4-18-4,35.70110,139.82563,サンメディック薬局亀戸店,薬局,-
江東区,亀戸５丁目,-,東京都江東区亀戸5-1-1,35.69760,139.82606,ハック アトレ亀戸店,薬局,-
江東区,亀戸４丁目,-,東京都江東区亀戸4-18-11,35.70154,139.82617,わかば薬局,薬局,-
江東区,亀戸３丁目,-,東京都江東区亀戸3-50-4,35.70450,139.82348,ベイ薬局,薬局,-
江東区,亀戸３丁目,-,東京都江東区亀戸3-46-2,35.70193,139.82263,クローバー薬局,薬局,-
江東区,亀戸３丁目,-,東京都江東区亀戸3-2-12,35.70171,139.82040,杉下薬局,薬局,-
江東区,亀戸３丁目,-,東京都江東区亀戸3-19-14,35.70385,139.82082,植村薬品商会,薬局,-
江東区,亀戸２丁目,-,東京都江東区亀戸2-7-10,35.70133,139.82065,(有)杉原達二商店(東京都江東区 | 錦糸町駅),薬局,-
江東区,亀戸２丁目,-,東京都江東区亀戸2-8-12,35.70142,139.82291,クスリ・マイティ・亀戸店,薬局,-
江東区,亀戸２丁目,-,東京都江東区亀戸2-43-2,35.70138,139.82384,十二調剤薬局,薬局,-
江東区,亀戸２丁目,-,東京都江東区亀戸2-37-9,35.70094,139.82514,くすりセイジョー亀戸店,薬局,-
江東区,亀戸２丁目,-,東京都江東区亀戸2-25-7,35.69885,139.82425,(有)シバタ薬局 亀戸店(東京都江東区 | 亀戸駅),薬局,-
江東区,亀戸２丁目,-,東京都江東区亀戸2-20-7,35.69773,139.82534,マツモトキヨシ亀戸駅前店,薬局,-
江東区,亀戸２丁目,-,東京都江東区亀戸2-1-12,35.69756,139.82024,マツモトキヨシ 亀戸店,薬局,-
江東区,白河３丁目,-,東京都江東区白河3-4-3,35.68216,139.80576,マツモトキヨシ・ドラックストア清澄白河3丁目店,薬局,-
江東区,白河１丁目,-,東京都江東区白河1-6-3,35.68234,139.79906,セイジョー清澄白河店,薬局,-
江東区,白河１丁目,-,東京都江東区白河1-1-5,35.68123,139.79911,大竹薬局清澄白河店,薬局,-
江東区,平野２丁目,-,東京都江東区平野2-11-5,35.67824,139.80385,どらっぐぱぱす 江東平野店,薬局,-
江東区,平野３丁目,-,東京都江東区平野3-2-10,35.67674,139.80628,フラワー薬局木場店,薬局,-
江東区,東雲１丁目,-,東京都江東区東雲1-9-14,35.64670,139.80440,くすりの福太郎 東雲店,薬局,-
江東区,東雲１丁目,-,東京都江東区東雲1-8-17,35.64502,139.80074,しののめ薬局49,薬局,-
江東区,東陽６丁目,-,東京都江東区東陽6-3-2,35.67438,139.81558,(株)オフィス・タニグチ(東京都江東区 | 東陽町駅),薬局,-
江東区,東陽４丁目,-,東京都江東区東陽4-6-2,35.67009,139.81930,ミキ薬局東陽店,薬局,-
江東区,東陽４丁目,-,東京都江東区東陽4-5-18,35.67048,139.81830,かねまん薬品東陽町店,薬局,-
江東区,東陽４丁目,-,東京都江東区東陽4-5-15,35.66995,139.81909,アスコ薬局,薬局,-
江東区,東陽４丁目,-,東京都江東区東陽4-10-3,35.67123,139.81652,タカラ薬局東陽,薬局,-
江東区,東陽３丁目,-,東京都江東区東陽3-5-6,35.66912,139.81042,(株)斎藤薬局(東京都江東区 | 木場駅),薬局,-
江東区,東陽３丁目,-,東京都江東区東陽3-27-32,35.66979,139.81508,くすりの福太郎 東陽町店,薬局,-
江東区,東陽３丁目,-,東京都江東区東陽3-27-17,35.67069,139.81614,ラクダ薬局,薬局,-
江東区,東陽３丁目,-,東京都江東区東陽3-23-3,35.66989,139.81326,スター調剤薬局,薬局,-
江東区,東陽２丁目,-,東京都江東区東陽2-4-26,35.66859,139.81669,杏林堂薬局,薬局,-
江東区,東陽２丁目,-,東京都江東区東陽2-3-20,35.66793,139.81819,ケーアイファーマシータウンセンター店,薬局,-
江東区,東陽１丁目,-,東京都江東区東陽1-16-14,35.66738,139.81058,キクチ薬品,薬局,-
江東区,東陽３丁目,-,東京都江東区東陽3-2-10,35.66878,139.80879,さいとう薬局みなみ店,薬局,-
江東区,東砂８丁目,-,東京都江東区東砂8-8-5,35.66822,139.84075,平成薬局,薬局,-
江東区,東砂７丁目,-,東京都江東区東砂7-9-10,35.67148,139.84077,あおい薬局,薬局,-
江東区,東砂７丁目,-,東京都江東区東砂7-19-15,35.67309,139.83611,どらっぐぱぱす 東砂店,薬局,-
江東区,東砂５丁目,-,東京都江東区東砂5-3-14,35.67554,139.84108,(株)タイム薬局(東京都江東区),薬局,-
江東区,東砂５丁目,-,東京都江東区東砂5-1-12,35.67564,139.84036,地球堂薬局,薬局,-
江東区,東砂３丁目,-,東京都江東区東砂3-14-1,35.67982,139.84082,ことぶき薬局,薬局,-
江東区,東砂２丁目,-,東京都江東区東砂2-3-7,35.68425,139.84147,(有)枝川薬局 東砂店(東京都江東区 | 東大島駅),薬局,-
江東区,東砂１丁目,-,東京都江東区東砂1-6-7,35.68143,139.84083,砂町薬局,薬局,-
江東区,東砂１丁目,-,東京都江東区東砂1-3-38,35.68414,139.84061,サンドラッグ 東砂店,薬局,-
江東区,塩浜２丁目,-,東京都江東区塩浜2-5-23,35.66159,139.80565,杏林堂薬局深川店,薬局,-
江東区,塩浜１丁目,-,東京都江東区塩浜1-4-3,35.66192,139.80238,汐浜薬局,薬局,-
江東区,牡丹３丁目,-,東京都江東区牡丹3-7-4,35.66884,139.79821,(有)牡丹薬局(東京都江東区 | 門前仲町駅),薬局,-
江東区,南砂７丁目,-,東京都江東区南砂7-5-10,35.67071,139.83484,つかさ調剤薬局,薬局,-
江東区,南砂７丁目,-,東京都江東区南砂7-14-9,35.66967,139.83769,ニスモ薬局南砂店,薬局,-
江東区,南砂６丁目,-,東京都江東区南砂6-7-15,35.67176,139.83521,タカラ薬局トピレック,薬局,-
江東区,南砂６丁目,-,東京都江東区南砂6-1-2-104,35.67186,139.83284,南砂ライフ薬局,薬局,-
江東区,南砂５丁目,-,東京都江東区南砂5-3-4,35.67686,139.82735,くすりの福太郎 南砂店,薬局,-
江東区,南砂４丁目,-,東京都江東区南砂4-7-15,35.67311,139.82907,丹生堂薬局,薬局,-
江東区,南砂３丁目,-,東京都江東区南砂3-9,35.66969,139.82803,マツモトキヨシドラッグストア南砂店,薬局,-
江東区,潮見２丁目,-,東京都江東区潮見2-1-18,35.66011,139.81607,あけぼの薬局潮見店,薬局,-
江東区,南砂２丁目,-,東京都江東区南砂2-3-19,35.67205,139.82305,南砂サンテ薬局,薬局,-
江東区,南砂１丁目,-,東京都江東区南砂1-25-13,35.67636,139.82685,かちどき薬局砂町店,薬局,-
江東区,南砂１丁目,-,東京都江東区南砂1-10-2,35.67898,139.82349,外山薬局南砂店,薬局,-
江東区,住吉２丁目,-,東京都江東区住吉2-7-13,35.68824,139.81547,くすりの福太郎 住吉店,薬局,-
江東区,住吉２丁目,-,東京都江東区住吉2-12-8,35.68969,139.81445,サカエ薬品,薬局,-
江東区,住吉２丁目,-,東京都江東区住吉2-10-13,35.68906,139.81374,漢方けづか薬局,薬局,-
江東区,住吉１丁目,-,東京都江東区住吉1-19-1,35.69015,139.81317,ひなた薬局,薬局,-
江東区,住吉１丁目,-,東京都江東区住吉1-15-11,35.68937,139.81335,どらっぐぱぱす 住吉店,薬局,-
江東区,豊洲４丁目,-,東京都江東区豊洲4-4-28,35.65371,139.79781,江東区薬剤師会豊洲薬局南店,薬局,-
江東区,南砂３丁目,-,東京都江東区南砂3-4-7,35.67348,139.82670,(株)寺尾薬局(東京都江東区 | 南砂町駅),薬局,-
江東区,豊洲３丁目,-,東京都江東区豊洲3-5-21,35.65869,139.79650,ナチュラルローソンクオール薬局豊洲3丁目店,薬局,-
江東区,豊洲２丁目,-,東京都江東区豊洲2-5-3,35.65846,139.79216,タカラ薬局豊洲,薬局,-
江東区,豊洲２丁目,-,東京都江東区豊洲2-1-14,35.65591,139.79413,ハックドラッグららぽーと豊洲店,薬局,-
江東区,扇橋２丁目,-,東京都江東区扇橋2-17-3,35.68411,139.81628,ベイ薬局扇橋店,薬局,-
江東区,扇橋２丁目,-,東京都江東区扇橋2-1-7,35.68278,139.81447,扇橋薬局,薬局,-
江東区,豊洲４丁目,-,東京都江東区豊洲4-1-21,35.65426,139.79735,クオール薬局豊洲駅前店,薬局,-
江東区,猿江２丁目,-,東京都江東区猿江2-5-4,35.68649,139.81414,サルエ薬局,薬局,-
江東区,猿江１丁目,-,東京都江東区猿江1-18-18,35.68659,139.81122,クスリのナカモト,薬局,-
江東区,常盤２丁目,-,東京都江東区常盤2-12-7,35.68524,139.79787,高橋薬局,薬局,-
江東区,木場６丁目,-,東京都江東区木場6-13-12,35.66838,139.80709,杏林堂薬局木場店,薬局,-
江東区,木場５丁目,-,東京都江東区木場5-4-10,35.66959,139.80707,ランド薬局,薬局,-
江東区,千田,-,東京都江東区千田7-9,35.68164,139.81530,タイガー薬局,薬局,-
江東区,大島９丁目,-,東京都江東区大島9-3-16,35.69044,139.84604,あかね薬局,薬局,-
江東区,大島７丁目,-,東京都江東区大島7-7-1,35.69115,139.83772,ドラッグストア・スマイル大島店,薬局,-
江東区,大島９丁目,-,東京都江東区大島9-4-1,35.69115,139.84459,くすりの福太郎 東大島2号店,薬局,-
江東区,大島９丁目,-,東京都江東区大島9-5-1,35.69228,139.84424,平田薬局東大島店,薬局,-
江東区,大島９丁目,-,東京都江東区大島9-4-1-108,35.69115,139.84459,アヅマ薬局,薬局,-
江東区,大島７丁目,-,東京都江東区大島7-11-1,35.69237,139.83762,斉藤薬局,薬局,-
江東区,大島７丁目,-,東京都江東区大島7-39-27,35.69099,139.84402,くすりの福太郎 東大島店,薬局,-
江東区,大島７丁目,-,東京都江東区大島7-36-4,35.69266,139.84213,平田調剤薬局,薬局,-
江東区,大島６丁目,-,東京都江東区大島6-8-3,35.69004,139.83401,大島調剤薬局,薬局,-
江東区,大島５丁目,-,東京都江東区大島5-4-8,35.68794,139.83306,(有)第一薬局(東京都江東区 | 大島駅),薬局,-
江東区,大島４丁目,-,東京都江東区大島4-5-14,35.68909,139.82829,スギ薬局大島店,薬局,-
江東区,大島５丁目,-,東京都江東区大島5-10-10,35.68936,139.83411,光画房薬局,薬局,-
江東区,大島６丁目,-,東京都江東区大島6-8-2,35.68997,139.83402,くすりの福太郎大島店,薬局,-
江東区,大島３丁目,-,東京都江東区大島3-32-11,35.68972,139.83164,どらっぐぱぱす 大島店,薬局,-
江東区,大島５丁目,-,東京都江東区大島5-47-9,35.68981,139.83781,くすりの福太郎大島5丁目店,薬局,-
江東区,大島２丁目,-,東京都江東区大島2-37-9,35.69138,139.82601,大島薬局,薬局,-
江東区,大島３丁目,-,東京都江東区大島3-14-12,35.68961,139.82856,(有)三一薬局(東京都江東区 | 西大島駅),薬局,-
江東区,大島１丁目,-,東京都江東区大島1-33-12,35.68890,139.82620,ミキ薬局西大島店,薬局,-
江東区,大島１丁目,-,東京都江東区大島1-9-8,35.68905,139.82321,(株)フォーラル(東京都江東区 | 西大島駅),薬局,-
江東区,大島２丁目,-,東京都江東区大島2-38-15,35.69050,139.82588,くすりの福太郎 西大島店,薬局,-
江東区,大島２丁目,-,東京都江東区大島2-34-9,35.69232,139.82584,スマイル調剤薬局,薬局,-
江東区,大島１丁目,-,東京都江東区大島1-1-5,35.68595,139.82106,フロンティア薬局大島店,薬局,-
江東区,北砂６丁目,-,東京都江東区北砂6-20-19,35.68427,139.83857,クスリのシンワ,薬局,-
江東区,北砂６丁目,-,東京都江東区北砂6-27-18,35.68065,139.83844,メディトピア江東薬局,薬局,-
江東区,大島１丁目,-,東京都江東区大島1-29-5,35.68916,139.82457,林薬局,薬局,-
江東区,北砂４丁目,-,東京都江東区北砂4-18-12,35.67935,139.83088,サンドラッグ砂町銀座店,薬局,-
江東区,北砂３丁目,-,東京都江東区北砂3-35-21,35.67966,139.82971,柳屋薬局,薬局,-
江東区,北砂５丁目,-,東京都江東区北砂5-15-6,35.68131,139.83470,仁生堂薬局本店,薬局,-
江東区,北砂５丁目,-,東京都江東区北砂5-1-6,35.68056,139.83149,仁生堂薬局総合店,薬局,-
江東区,北砂３丁目,-,東京都江東区北砂3-2-25,35.68163,139.82802,みつばち薬局,薬局,-
江東区,有明３丁目,-,東京都江東区有明3-7-3,35.63454,139.79186,有明薬局,薬局,-
江東区,北砂２丁目,-,東京都江東区北砂2-14-17,35.68179,139.82725,アポス石田薬局,薬局,-
江東区,北砂２丁目,-,東京都江東区北砂2-1-20,35.67912,139.82720,外山薬局,薬局,-
江東区,北砂２丁目,-,東京都江東区北砂2-6-6,35.67932,139.82727,ニスモ薬局,薬局,-
江東区,三好３丁目,-,東京都江東区三好3-8-8,35.68106,139.80459,アスカ薬局,薬局,-
江東区,三好２丁目,-,東京都江東区三好2-8-10,35.67975,139.80306,みよし薬局,薬局,-
江東区,三好２丁目,-,東京都江東区三好2-6-2,35.67962,139.80327,(有)山吉(東京都江東区 | 清澄白河駅),薬局,-
江東区,清澄３丁目,-,東京都江東区清澄3-7-6,35.68242,139.79852,伊原薬局,薬局,-
江東区,清澄３丁目,-,東京都江東区清澄3-3-30,35.67897,139.79834,小島薬局,薬局,-
品川区,大井５丁目,-,東京都品川区大井5-7-1,35.60002,139.73018,株式会社ファーマみらい 共創未来 大井5丁目薬局,薬局,http://www.phmirai.co.jp/shops/detail.php?id=387
品川区,戸越５丁目,-,東京都品川区戸越5-18-7-1F,35.60917,139.71789,公園通り薬局駅前店,薬局,-
品川区,戸越５丁目,-,東京都品川区戸越5-6-5アミューズ1F101,35.61034,139.71847,公園通り薬局,薬局,-
品川区,東五反田４丁目,-,東京都品川区東五反田4-11-6クレスト五反田ビル1F,35.63035,139.72579,博芳堂薬局,薬局,http://www.hakuhodo-ph.com/
品川区,旗の台２丁目,-,東京都品川区旗の台2-9-19,35.60582,139.70363,中島薬局,薬局,-
品川区,中延５丁目,-,東京都品川区中延5-14-25,35.60220,139.70832,荏原町クリーン薬局,薬局,http://www.apx.co.jp/
品川区,東大井６丁目,-,東京都品川区東大井6-2-12ヴィラトーコー1F,35.60388,139.73518,株式会社ファーマみらい 大井町ロイヤル薬局,薬局,http://www.phmirai.co.jp/shops/detail.php?id=12
品川区,西中延２丁目,-,東京都品川区西中延2-15-23土屋ビル1F,35.60908,139.70534,株式会社ファーマみらい ヒロ薬局 旗の台店,薬局,http://www.phmirai.co.jp/shops/detail.php?id=15
品川区,上大崎２丁目,-,東京都品川区上大崎2-15-14,35.63402,139.71687,高木薬局,薬局,https://www.takagipharmacy.com/
品川区,旗の台４丁目,-,東京都品川区旗の台4-3-6-1F,35.60394,139.70602,荏原町調剤薬局,薬局,https://www.tomiei.info/
品川区,西五反田２丁目,-,東京都品川区西五反田2-9-7,35.62700,139.72118,五反田調剤薬局,薬局,https://www.tomiei.info/
品川区,小山４丁目,-,東京都品川区小山4-4-19-1F,35.61878,139.70333,小山調剤薬局,薬局,https://www.tomiei.info/
品川区,戸越５丁目,-,東京都品川区戸越5-8-3ハイストーンヴィラ1F,35.61006,139.71974,ひすい調剤薬局,薬局,http://smile-pharmacy.jimdo.com/
品川区,西中延２丁目,-,東京都品川区西中延2-5-5-102,35.61103,139.70786,中延調剤薬局,薬局,https://www.tomiei.info/
品川区,西大井１丁目,-,東京都品川区西大井1-4-252F,35.60207,139.72235,アイセイ薬局 西大井店,薬局,https://www.aisei.co.jp/
品川区,戸越４丁目,-,東京都品川区戸越4丁目8番7号ウェストキャッスルIII 1階,35.61105,139.71876,戸越薬局 戸越店,薬局,http://www.myph.jp/f_130201/pc/
品川区,旗の台４丁目,-,東京都品川区旗の台4-1-7谷口ビル1F,35.60432,139.70430,旗の台フレンド薬局,薬局,http://www.tokunaga.p.jp/
品川区,旗の台５丁目,-,東京都品川区旗の台5-5-2,35.60458,139.70173,よしみ薬局,薬局,http://www.kusurino-yoshimi.com/
品川区,南大井６丁目,-,東京都品川区南大井6-26-2大森ベルポートB館1F,35.58788,139.73130,ぱぱす薬局大森ベルポート店,薬局,-
品川区,東中延２丁目,-,東京都品川区東中延2-7-16,35.60726,139.71238,トモズ 中延店,薬局,-
品川区,東品川２丁目,-,東京都品川区東品川2-3-10天王洲シーフォートスクエア 1階,35.62420,139.75103,トモズ 天王洲アイル店,薬局,-
品川区,大崎１丁目,-,東京都品川区大崎1-11-1ゲートシティ大崎ウエストタワー 1階,35.61940,139.73081,トモズ ゲートシティ大崎店,薬局,-
品川区,東品川４丁目,-,東京都品川区東品川4-12-6品川シーサイドフォレスト 日立ソフトタワーB 1階,35.61021,139.74893,トモズ 品川シーサイドフォレスト店,薬局,-
品川区,八潮５丁目,-,東京都品川区八潮5-12-68-102,35.60279,139.75309,ポッポ堂薬局八潮店,薬局,-
品川区,西五反田５丁目,-,東京都品川区西五反田5-9-6矢崎ビル1F,35.62543,139.71528,不動前グリーンファーマシー薬局,薬局,-
品川区,荏原３丁目,-,東京都品川区荏原3-5-6リベラルハウス1-B,35.61693,139.70851,おだいじに薬局 オハナ店,薬局,-
品川区,小山３丁目,-,東京都品川区小山3-14-1シティタワー武蔵小山1階,35.62075,139.70516,南山堂薬局 武蔵小山駅前店,薬局,-
品川区,小山３丁目,-,東京都品川区小山3-1-2サンタグリュス武蔵小山1F,35.62014,139.70275,ファーブ薬局 武蔵小山店,薬局,-
品川区,東大井５丁目,-,東京都品川区東大井5-14-15大井町MCビル1F,35.60639,139.73670,エール薬局 大井町店,薬局,-
品川区,大井１丁目,-,東京都品川区大井1-24-5大井町センタービル101,35.60587,139.73268,エール薬局 大井1丁目店,薬局,-
品川区,北品川５丁目,-,東京都品川区北品川5-4-1大崎ブライトプラザ2階,35.62192,139.73198,たんぽぽ薬局大崎店,薬局,-
品川区,旗の台２丁目,-,東京都品川区旗の台2丁目1番1号鈴木ビル1F,35.60883,139.70506,天龍薬局 旗の台店,薬局,-
品川区,東大井５丁目,-,東京都品川区東大井3-2-25長沢ビル1F,35.60446,139.73728,薬局ホームケアファーマシー東大井店,薬局,-
品川区,荏原３丁目,-,東京都品川区荏原3-6-16-102,35.61683,139.70751,(有)フォーサイト 爽快薬局(東京都品川区 | 武蔵小山駅),薬局,-
品川区,平塚１丁目,-,東京都品川区平塚1-8-16,35.61522,139.71497,おだいじに薬局 戸越銀座店,薬局,-
品川区,西五反田１丁目,-,東京都品川区西五反田1-4-8,35.62532,139.72307,ポッポ堂薬局 五反田店,薬局,-
品川区,中延４丁目,-,東京都品川区中延4-5-10,35.60543,139.71297,薬局ユニファー,薬局,-
品川区,西中延２丁目,-,東京都品川区西中延2-9-4,35.61004,139.70914,森薬局 西中延店,薬局,-
品川区,旗の台５丁目,-,東京都品川区旗の台5-3-6-102,35.60476,139.70079,加藤薬局 旗の台店,薬局,-
品川区,南大井６丁目,-,東京都品川区南大井六丁目28-12,35.58845,139.72966,株式会社レンティック中部 とまりぎ薬局,薬局,-
品川区,小山６丁目,-,東京都品川区小山六丁目6番2号,35.61459,139.69942,藤本薬局,薬局,-
品川区,旗の台１丁目,-,東京都品川区旗の台1丁目3番22号,35.60788,139.70430,天龍調剤薬局,薬局,-
品川区,旗の台１丁目,-,東京都品川区旗の台一丁目6番16号,35.60917,139.70396,天龍薬局,薬局,-
品川区,中延４丁目,-,東京都品川区東中延2-10-13,35.60611,139.71238,成光堂薬局,薬局,-
品川区,豊町５丁目,-,東京都品川区豊町5-1-14,35.60633,139.71820,木の葉薬局,薬局,-
品川区,西大井５丁目,-,東京都品川区西大井5-5-3,35.59957,139.71575,薬局ケイファーマシー,薬局,-
品川区,小山３丁目,-,東京都品川区小山3-2-1,35.62055,139.70260,小山薬局,薬局,-
品川区,大井１丁目,-,東京都品川区大井1-52-8オキナビル101,35.60495,139.73380,あさひ薬局大井町店,薬局,-
品川区,二葉４丁目,-,東京都品川区二葉4-14-10,35.60237,139.71816,ふたば薬局,薬局,-
品川区,小山２丁目,-,東京都品川区小山2-9-15,35.62047,139.70940,あおい薬局小山店,薬局,-
品川区,大井１丁目,-,東京都品川区大井1-42-12,35.60422,139.73208,サン調剤薬局,薬局,-
品川区,旗の台１丁目,-,東京都品川区旗の台1-3-17,35.60864,139.70432,かもめ薬局旗の台店,薬局,-
品川区,南大井６丁目,-,東京都品川区南大井6-21-3三恵大森ハイツ1F,35.58981,139.73197,ペンギン薬局,薬局,-
品川区,北品川３丁目,-,東京都品川区北品川3-3-8三徳ビル1F,35.62126,139.73915,ゆりかもめ薬局,薬局,-
品川区,小山３丁目,-,東京都品川区小山3-23-21横山ビル1F,35.61878,139.70498,土屋薬局武蔵小山,薬局,-
品川区,二葉３丁目,-,東京都品川区二葉3-13-9,35.60288,139.72078,西大井薬局,薬局,-
品川区,荏原３丁目,-,東京都品川区荏原3-3-12,35.61788,139.70720,土屋薬局小山,薬局,-
品川区,荏原７丁目,-,東京都品川区荏原7-11-14,35.61096,139.70137,康樹堂薬局旗ノ台店,薬局,-
品川区,東中延１丁目,-,東京都品川区東中延1-1-3メゾンあさひ,35.61238,139.71342,戸越薬局,薬局,-
品川区,戸越３丁目,-,東京都品川区戸越3-7-7,35.61270,139.71728,リボン薬局,薬局,-
品川区,南品川５丁目,-,東京都品川区南品川5-8-34協栄ハイツ第2,35.61107,139.74046,なかむら薬局,薬局,-
品川区,平塚１丁目,-,東京都品川区平塚1-9-1,35.61551,139.71491,川崎薬局,薬局,-
品川区,旗の台４丁目,-,東京都品川区旗の台4-3-7,35.60402,139.70621,高山薬局,薬局,-
品川区,小山５丁目,-,東京都品川区小山5-7-8,35.61649,139.70235,桑原薬局,薬局,-
品川区,西五反田３丁目,-,東京都品川区西五反田3-6-6,35.62812,139.71696,薬局しなやく,薬局,-
品川区,勝島１丁目,-,東京都品川区勝島1-6-16,35.59709,139.74459,ドラッグスギウィラ大井店,薬局,-
品川区,旗の台５丁目,-,東京都品川区旗の台5-5-6,35.60478,139.70206,ツルハドラッグ旗の台南口店,薬局,-
品川区,旗の台４丁目,-,東京都品川区旗の台4-4-4,35.60365,139.70623,くすりセイジョー荏原町店,薬局,-
品川区,旗の台４丁目,-,東京都品川区旗の台4-1-10,35.60433,139.70387,のぞみ薬局,薬局,-
品川区,旗の台２丁目,-,東京都品川区旗の台2-13-16,35.60560,139.70367,(有)ほしも(東京都品川区 | 旗の台駅),薬局,-
品川区,旗の台２丁目,-,東京都品川区旗の台2-1-18,35.60704,139.70417,黎明薬局旗の台店,薬局,-
品川区,旗の台１丁目,-,東京都品川区旗の台1-3-9,35.60888,139.70429,アイセイ薬局旗の台店,薬局,-
品川区,旗の台１丁目,-,東京都品川区旗の台1-3-8,35.60894,139.70421,いずみ薬局,薬局,-
品川区,旗の台１丁目,-,東京都品川区旗の台1-3-6,35.60871,139.70425,こすもす薬局,薬局,-
品川区,旗の台１丁目,-,東京都品川区旗の台1-3-17,35.60864,139.70432,さくら薬局旗の台店,薬局,-
品川区,旗の台１丁目,-,東京都品川区旗の台1-3-1,35.60803,139.70430,日本調剤旗の台薬局,薬局,-
品川区,二葉４丁目,-,東京都品川区二葉4-16-5,35.60198,139.71857,エンゼル薬局二葉店,薬局,-
品川区,二葉１丁目,-,東京都品川区二葉1-7-11,35.60898,139.72954,ひのき薬局,薬局,-
品川区,二葉１丁目,-,東京都品川区二葉1-3-28,35.60640,139.72504,あさひ薬局二葉店,薬局,-
品川区,二葉２丁目,-,東京都品川区二葉2-22-4,35.60389,139.72331,コスモス薬局,薬局,-
品川区,二葉４丁目,-,東京都品川区二葉4-16-4,35.60218,139.71859,(株)いちや薬局 品川二葉店(東京都品川区 | 西大井駅),薬局,-
品川区,二葉１丁目,-,東京都品川区二葉1-14-25,35.60592,139.72686,ドラッグストアいわい大井町店,薬局,-
品川区,西品川２丁目,-,東京都品川区西品川2-6-4,35.61402,139.72678,みつぎ薬局,薬局,-
品川区,西五反田６丁目,-,東京都品川区西五反田6-15-7,35.62026,139.71669,ミユキ薬局,薬局,-
品川区,西五反田７丁目,-,東京都品川区西五反田7-18-2,35.62338,139.71850,(株)ケイポートドラッグマート 本部(東京都品川区 | 大崎広小路駅),薬局,-
品川区,西五反田４丁目,-,東京都品川区西五反田4-30-6,35.62606,139.71342,いずみ薬局,薬局,-
品川区,西五反田５丁目,-,東京都品川区西五反田5-10-6,35.62567,139.71423,不動前ドラックストア,薬局,-
品川区,西五反田２丁目,-,東京都品川区西五反田2-14-2,35.62653,139.71996,イシダ薬局西五反田店,薬局,-
品川区,西五反田１丁目,-,東京都品川区西五反田1-6-3,35.62536,139.72390,葵薬局五反田店,薬局,-
品川区,西五反田１丁目,-,東京都品川区西五反田1-23-9,35.62339,139.72276,ヒコサカ薬局,薬局,-
品川区,西五反田１丁目,-,東京都品川区西五反田1-17-7,35.62402,139.72319,薬ヒグチ五反田店,薬局,-
品川区,西五反田１丁目,-,東京都品川区西五反田1-11-1,35.62456,139.72351,つくし薬局,薬局,-
品川区,西中延２丁目,-,東京都品川区西中延2-15-23,35.60908,139.70534,わかば薬局,薬局,-
品川区,西中延２丁目,-,東京都品川区西中延2-15-22,35.60893,139.70522,富士薬局,薬局,-
品川区,西五反田２丁目,-,東京都品川区西五反田2-31-6-102,35.62482,139.71955,イシダ薬局,薬局,-
品川区,西大井４丁目,-,東京都品川区西大井4-4-6,35.59791,139.72288,マツオカ薬品,薬局,-
品川区,西中延２丁目,-,東京都品川区西中延2-15-20,35.60870,139.70524,あかひげ調剤薬局,薬局,-
品川区,西大井１丁目,-,東京都品川区西大井1-1-2,35.60117,139.72211,大正堂薬局品川店,薬局,-
品川区,西大井４丁目,-,東京都品川区西大井4-18-18,35.59431,139.71829,タルモト薬局,薬局,-
品川区,平塚２丁目,-,東京都品川区平塚2-18-6,35.61586,139.71340,日生薬局戸越銀座店,薬局,-
品川区,平塚２丁目,-,東京都品川区平塚2-17-13,35.61513,139.71443,サンドラッグ戸越銀座駅前店,薬局,-
品川区,平塚１丁目,-,東京都品川区平塚1-6-14,35.61546,139.71650,光伸堂漢方薬局,薬局,-
品川区,平塚１丁目,-,東京都品川区平塚1-3-6,35.61701,139.71685,(有)三八(東京都品川区 | 戸越銀座駅),薬局,-
品川区,東品川４丁目,-,東京都品川区東品川4-12-8,35.60921,139.74894,タカラ薬局,薬局,-
品川区,西五反田７丁目,-,東京都品川区西五反田7-22-17,35.62191,139.71932,(株)インターナショナルホームメディカル(東京都品川区 | 大崎広小路駅),薬局,-
品川区,東品川１丁目,-,東京都品川区東品川1-6-23,35.62179,139.74243,(有)台場薬局(東京都品川区 | 北品川駅),薬局,-
品川区,東五反田５丁目,-,東京都品川区東五反田5-28-10,35.62728,139.72314,パームヒルズ漢方薬局,薬局,-
品川区,東五反田５丁目,-,東京都品川区東五反田5-27-5,35.62706,139.72357,ケイポート 五反田駅前店,薬局,-
品川区,平塚３丁目,-,東京都品川区平塚3-4-1,35.61609,139.71215,スリーアイ薬局戸越銀座店,薬局,-
品川区,東五反田４丁目,-,東京都品川区東五反田4-8-20,35.63037,139.72635,日生薬局五反田店,薬局,-
品川区,東五反田４丁目,-,東京都品川区東五反田4-11-12,35.62994,139.72556,池田山薬局,薬局,-
品川区,東五反田４丁目,-,東京都品川区東五反田4-11-10,35.62997,139.72588,さくら薬局東五反田店,薬局,-
品川区,東品川３丁目,-,東京都品川区東品川3-18-3,35.61374,139.74986,クリーン薬局,薬局,-
品川区,東五反田３丁目,-,東京都品川区東五反田3-15-15,35.62564,139.72972,光薬局,薬局,-
品川区,東五反田１丁目,-,東京都品川区東五反田1-26-2,35.62618,139.72393,メディプラスマツキヨ都営五反田店,薬局,-
品川区,東五反田１丁目,-,東京都品川区東五反田1-23-8,35.62638,139.72686,コスモス薬局五反田店,薬局,-
品川区,東五反田１丁目,-,東京都品川区東五反田1-22-6,35.62584,139.72702,ケイポート 五反田八ツ山通り店,薬局,-
品川区,東五反田１丁目,-,東京都品川区東五反田1-21-10,35.62592,139.72641,ヒノミドラッグ 東五反田店,薬局,-
品川区,東五反田１丁目,-,東京都品川区東五反田1-12-13,35.62712,139.72483,親切堂薬局,薬局,-
品川区,東中延２丁目,-,東京都品川区東中延2-6-1,35.60844,139.71223,サラダ薬局東なかのぶ支店,薬局,-
品川区,東五反田３丁目,-,東京都品川区東五反田3-20-16,35.62546,139.73001,サクラドラッグ五反田店,薬局,-
品川区,東大井６丁目,-,東京都品川区東大井6-2-20,35.60432,139.73517,東大井調剤薬局,薬局,-
品川区,東大井６丁目,-,東京都品川区東大井6-4-3,35.60395,139.73548,日生薬局大井町店,薬局,-
品川区,東大井５丁目,-,東京都品川区東大井5-2-3,35.60759,139.73592,クリエイトS・D品川大井町店,薬局,-
品川区,東大井５丁目,-,東京都品川区東大井5-14-7,35.60638,139.73709,金太郎薬局大井町店,薬局,-
品川区,東大井５丁目,-,東京都品川区東大井5-13-3,35.60701,139.73714,青横ファーマシー薬局大井町店,薬局,-
品川区,東大井５丁目,-,東京都品川区東大井5-11-5,35.60683,139.73848,エビスヤ薬局,薬局,-
品川区,東大井５丁目,-,東京都品川区東大井5-1-18,35.60836,139.73569,(株)ドラックフジ(東京都品川区 | 大井町駅),薬局,-
品川区,八潮５丁目,-,東京都品川区八潮5-6,35.59734,139.74955,八潮調剤薬局,薬局,-
品川区,八潮５丁目,-,東京都品川区八潮5-5-3,35.59989,139.74995,サンドラッグ八潮店,薬局,-
品川区,南品川６丁目,-,東京都品川区南品川6-15-5,35.61043,139.73898,ユニバーサルドラッグ大井町店,薬局,-
品川区,南品川３丁目,-,東京都品川区南品川3-6-8,35.61029,139.74462,ツルハドラッグ南品川店,薬局,-
品川区,南品川３丁目,-,東京都品川区南品川3-5-8,35.61042,139.74386,(有)青横ファーマシー(東京都品川区 | 青物横丁駅),薬局,-
品川区,南品川３丁目,-,東京都品川区南品川3-4-15,35.60768,139.74398,カンガルー薬局,薬局,-
品川区,東五反田５丁目,-,東京都品川区東五反田5-27-3,35.62718,139.72374,日生薬局五反田駅前店,薬局,-
品川区,南品川２丁目,-,東京都品川区南品川2-17-27,35.61157,139.74435,ツルハドラッグ 品川店,薬局,-
品川区,南品川２丁目,-,東京都品川区南品川2-17-24,35.61104,139.74428,ケイポート青物横丁店,薬局,-
品川区,南品川２丁目,-,東京都品川区南品川2-8-22,35.61212,139.74405,ホゼン薬局,薬局,-
品川区,南大井６丁目,-,東京都品川区南大井6-21-15,35.58966,139.73198,南大井薬局,薬局,-
品川区,南大井６丁目,-,東京都品川区南大井6-20-9,35.58988,139.73280,さくら薬局大森店,薬局,-
品川区,南大井４丁目,-,東京都品川区南大井4-15-12,35.59411,139.73587,谷口薬品,薬局,-
品川区,東大井６丁目,-,東京都品川区東大井6-2-13,35.60374,139.73514,コトブキ調剤薬局品川店,薬局,-
品川区,南品川１丁目,-,東京都品川区南品川1-8-13,35.61481,139.74382,イワタ薬局,薬局,-
品川区,南大井３丁目,-,東京都品川区南大井3-16-7,35.58996,139.73430,すこやか薬局,薬局,-
品川区,南大井３丁目,-,東京都品川区南大井3-12-1,35.59105,139.73360,キクヤ薬品,薬局,-
品川区,南大井２丁目,-,東京都品川区南大井2-12-1,35.58810,139.73651,平和薬局本店,薬局,-
品川区,荏原４丁目,-,東京都品川区荏原4-6-16,35.61443,139.70684,つばさ薬局,薬局,-
品川区,荏原３丁目,-,東京都品川区荏原3-6-2,35.61642,139.70763,マツモトキヨシ武蔵小山Part2店,薬局,-
品川区,荏原３丁目,-,東京都品川区荏原3-5-15,35.61675,139.70814,サンドラッグ 武蔵小山店,薬局,-
品川区,荏原３丁目,-,東京都品川区荏原3-3-15,35.61766,139.70699,クスリのカツマタ 武蔵小山店,薬局,-
品川区,荏原２丁目,-,東京都品川区荏原2-3-4,35.61750,139.71272,すずらん薬局戸越店,薬局,-
品川区,豊町６丁目,-,東京都品川区豊町6-6-6,35.60611,139.71650,サラダ薬局豊町支店,薬局,-
品川区,豊町４丁目,-,東京都品川区豊町4-3-20,35.60690,139.71971,ゆたか調剤薬局,薬局,-
品川区,豊町１丁目,-,東京都品川区豊町1-4-13,35.61427,139.72276,サラダ薬局,薬局,-
品川区,戸越６丁目,-,東京都品川区戸越6-8-21,35.60758,139.71786,SAKURAドラッグ戸越公園店,薬局,-
品川区,戸越６丁目,-,東京都品川区戸越6-6-2,35.60871,139.71715,ハーモニー薬局,薬局,-
品川区,戸越６丁目,-,東京都品川区戸越6-19-12,35.60675,139.71809,ヒノミドラッグ 戸越南口店,薬局,-
品川区,戸越５丁目,-,東京都品川区戸越5-6-6,35.61029,139.71845,セイジョー薬局戸越公園店,薬局,-
品川区,戸越５丁目,-,東京都品川区戸越5-6-11,35.60995,139.71810,イトウ薬店,薬局,-
品川区,戸越５丁目,-,東京都品川区戸越5-19-13,35.60860,139.71789,日本調剤戸越公園薬局,薬局,-
品川区,戸越５丁目,-,東京都品川区戸越5-18-8,35.60902,139.71783,Bケアセイジョー戸越公園駅前,薬局,-
品川区,中延６丁目,-,東京都品川区中延6-9-16,35.60087,139.71205,済生堂薬局,薬局,-
品川区,戸越１丁目,-,東京都品川区戸越1-19-14,35.61472,139.72063,サンドラッグ戸越銀座店,薬局,-
品川区,戸越１丁目,-,東京都品川区戸越1-1-9,35.61776,139.71818,サラダ薬局戸越支店,薬局,-
品川区,戸越１丁目,-,東京都品川区戸越1-19-15,35.61490,139.72045,ドラッグストア・スマイル戸越銀座店,薬局,-
品川区,中延６丁目,-,東京都品川区中延6-1-21,35.60321,139.71028,かもめ薬局,薬局,-
品川区,中延５丁目,-,東京都品川区中延5-6-4,35.60323,139.70879,アサヒ薬局,薬局,-
品川区,中延５丁目,-,東京都品川区中延5-2-2,35.60365,139.70814,田辺薬局荏原町駅前店,薬局,-
品川区,中延５丁目,-,東京都品川区中延5-2-1,35.60376,139.70740,ツルハドラッグ荏原町駅前店,薬局,-
品川区,中延４丁目,-,東京都品川区中延4-4-4,35.60613,139.71184,竜雲堂漢薬店,薬局,-
品川区,中延３丁目,-,東京都品川区中延3-8-9,35.60762,139.71188,小塚仁成堂薬局,薬局,-
品川区,中延３丁目,-,東京都品川区中延3-7-7,35.60842,139.71206,ニコニコ薬局中延店,薬局,-
品川区,中延２丁目,-,東京都品川区中延2-9-10,35.61031,139.71144,金太郎薬局,薬局,-
品川区,中延２丁目,-,東京都品川区中延2-15-8,35.60996,139.71151,ヒノミドラッグ 中延店,薬局,-
品川区,中延１丁目,-,東京都品川区中延1-8-12,35.61201,139.71160,竹岡ドラック,薬局,-
品川区,大井７丁目,-,東京都品川区大井7-30-6,35.59341,139.72932,(株)ウェルパーク 大森貝塚店(東京都品川区 | 大森駅),薬局,-
品川区,大井５丁目,-,東京都品川区大井5-11-6,35.59906,139.72938,ツルハドラッグ 大井町店,薬局,-
品川区,大井４丁目,-,東京都品川区大井4-25-42,35.60001,139.73073,杏林堂薬局,薬局,-
品川区,大井５丁目,-,東京都品川区大井5-14-2,35.59896,139.72575,あおぞら薬局,薬局,-
品川区,中延２丁目,-,東京都品川区中延2-10-2,35.61068,139.70996,しいのき薬局,薬局,-
品川区,大井５丁目,-,東京都品川区大井5-5-29,35.59950,139.72834,メイプル薬局品川店,薬局,-
品川区,大井４丁目,-,東京都品川区大井4-2-2,35.60427,139.73356,ポッポ堂薬局大井店,薬局,-
品川区,大井３丁目,-,東京都品川区大井3-6-12,35.60242,139.73148,ひので薬局大井店,薬局,-
品川区,大井１丁目,-,東京都品川区大井1-43-7,35.60371,139.73243,ヒノミドラッグ 大井町店,薬局,-
品川区,大井１丁目,-,東京都品川区大井1-2-1,35.60618,139.73489,ハックドラッグアトレ大井町薬局,薬局,-
品川区,大井１丁目,-,東京都品川区大井1-15-2,35.60776,139.73081,(有)バンビー薬局 大井町店(東京都品川区 | 大井町駅),薬局,-
品川区,大崎３丁目,-,東京都品川区大崎3-6-21,35.61953,139.72705,大崎薬局,薬局,-
品川区,大崎２丁目,-,東京都品川区大崎2-9-1,35.61651,139.72777,不二屋薬局,薬局,-
品川区,大崎１丁目,-,東京都品川区大崎1-6-5,35.62022,139.72905,クオール薬局大崎店,薬局,-
品川区,大崎２丁目,-,東京都品川区大崎2-7-15,35.61669,139.72579,南勢薬局,薬局,-
品川区,大崎２丁目,-,東京都品川区大崎2-7-18,35.61698,139.72536,三光薬局大崎店,薬局,-
品川区,北品川３丁目,-,東京都品川区北品川3-11-16,35.61667,139.74009,品川薬剤師会薬局,薬局,-
品川区,北品川２丁目,-,東京都品川区北品川2-9-23,35.61829,139.74294,トモ薬局,薬局,-
品川区,北品川２丁目,-,東京都品川区北品川2-8-5,35.61848,139.74358,(有)白金薬局 品川店(東京都品川区 | 新馬場駅),薬局,-
品川区,小山台１丁目,-,東京都品川区小山台1-22-10,35.62179,139.70526,エーベル薬局こやま台店,薬局,-
品川区,小山６丁目,-,東京都品川区小山6-4-14,35.61547,139.69928,オレンジファーマシー・調剤薬局,薬局,-
品川区,小山６丁目,-,東京都品川区小山6-5-6,35.61465,139.69881,ヒノミドラッグ 西小山店,薬局,-
品川区,小山６丁目,-,東京都品川区小山6-6-15,35.61427,139.69879,友薬局,薬局,-
品川区,小山６丁目,-,東京都品川区小山6-6-2,35.61459,139.69942,藤本薬局,薬局,-
品川区,小山６丁目,-,東京都品川区小山6-3-9,35.61559,139.69893,あけぼの薬局西小山店,薬局,-
品川区,小山３丁目,-,東京都品川区小山3-26-1,35.61979,139.70395,明倫堂薬局,薬局,-
品川区,小山４丁目,-,東京都品川区小山4-2-2,35.61951,139.70292,つかさ薬局,薬局,-
品川区,小山３丁目,-,東京都品川区小山3-8-4,35.62033,139.70768,スギ薬局武蔵小山店,薬局,-
品川区,小山３丁目,-,東京都品川区小山3-1-2,35.62017,139.70271,武蔵小山薬局,薬局,-
品川区,上大崎３丁目,-,東京都品川区上大崎3-3-5,35.63402,139.71825,目黒調剤薬局,薬局,-
品川区,上大崎２丁目,-,東京都品川区上大崎2-26-5,35.63417,139.71470,薬ヒグチ目黒駅前店,薬局,-
品川区,上大崎２丁目,-,東京都品川区上大崎2-16-9,35.63407,139.71588,スズハル堂薬店,薬局,-
品川区,小山３丁目,-,東京都品川区小山3-24-4,35.61901,139.70485,コクミンドラッグ武蔵小山店,薬局,-
品川区,小山３丁目,-,東京都品川区小山3-21-14,35.61923,139.70495,ドラッグフタバ武蔵小山駅前店,薬局,-
品川区,上大崎２丁目,-,東京都品川区上大崎2-13-32,35.63450,139.71793,(株)一本堂 目黒店(東京都品川区 | 目黒駅),薬局,-
品川区,上大崎２丁目,-,東京都品川区上大崎2-12-2,35.63495,139.71655,ゆりの木薬局目黒店,薬局,-
