指標名,世界トップ企業,,,,,,,,,,,,,,,
出典,Forbes/Fortune,,,,,,,,,,,,,,,
年次,2023年,,,,,,,,,,,,,,,
URL,https://www.forbes.com/global2000, https://fortune.com/global500/2023,,,,,,,,,,,,,,
備考,,,,,,,,,,,,,,,,
,,,,,,,,,Forbes,,,,,,,
区,町丁,エリア,住所,緯度,経度,Name,会社名,Ranking,Rank,SALES,PROFIT,ASSETS,MARKETVALUE,Employees,URL,
千代田区,大手町１丁目,大丸有,東京都千代田区大手町１丁目５番１号　大手町ファーストスクエア　イーストタワー,35.68578,139.76403,Nippon Telegraph & Tel,ＮＴＴ（日本電信電話株式会社）,Forbes Global 2023,56,$97.36B,$9B,$190.66B,$106.81B,333840,https://www.forbes.com/companies/nippon-tel-tel/,
港区,港南１丁目,-,東京都港区東新橋１丁目７－１,35.63117,139.74361,Sony,ソニー株式会社,Forbes Global 2023,57,$85.15B,$6.92B,$240.75B,$115.17B,108900,https://www.forbes.com/companies/sony/,
千代田区,丸の内２丁目,大丸有,東京都千代田区丸の内２丁目３−１,35.68107,139.76252,Mitsubishi,三菱商事,Forbes Global 2023,75,$161.02B,$9.49B,$171.08B,$53.5B,80728,https://www.forbes.com/companies/mitsubishi/,
千代田区,丸の内１丁目,大丸有,東京都千代田区丸の内１丁目１番２号,35.68498,139.76237,Sumitomo Mitsui Financial,三井住友フィナンシャルグループ,Forbes Global 2023,85,$41.54B,$6.45B,$2 ,005.65B,$56.64B,101023,https://www.forbes.com/companies/sumitomo-mitsui-financial/
千代田区,丸の内１丁目,大丸有,東京都千代田区丸の内１丁目７番１号,35.68317,139.7671,Mitsubishi UFJ Financial,三菱ＵＦＪフィナンシャル・グループ,Forbes Global 2023,91,$60.22B,$3.07B,$2 ,966.29B,$76.89B,135049,https://www.forbes.com/companies/mitsubishi-ufj-financial/
千代田区,大手町１丁目,大丸有,東京都千代田区大手町１丁目３番１号,35.68775,139.76226,Mitsui,三井物産株式会社,Forbes Global 2023,107,$105.57B,$8.34B,$115.57B,$48.16B,-,https://www.forbes.com/companies/mitsui/,
港区,南青山２丁目,-,東京都港区南青山２丁目１－１　,35.67227,139.72375,Honda Motor,本田技研工業株式会社,Forbes Global 2023,109,$124.68B,$5.38B,$182.97B,$44.94B,197039,https://www.forbes.com/companies/honda-motor/,
港区,北青山２丁目,-,東京都港区北青山２丁目５番１号,35.67156,139.71932,Itochu,伊藤忠商事株式会社,Forbes Global 2023,125,$104.49B,$6.26B,$103.07B,$49.18B,115124,https://www.forbes.com/companies/itochu/,
千代田区,丸の内１丁目,大丸有,東京都千代田区丸の内１丁目６番６号,35.68319,139.76577,Hitachi,株式会社日立製作所,Forbes Global 2023,141,$80.29B,$4.79B,$93.93B,$53.76B,322525,https://www.forbes.com/companies/hitachi/,
千代田区,大手町２丁目,大丸有,東京都千代田区大手町２丁目３番１号,35.68686,139.76744,Japan Post Holdings,日本郵政株式会社,Forbes Global 2023,143,$83.79B,$3.61B,$2 ,228.09B,$28.96B,232112,https://www.forbes.com/companies/japan-post-holdings/
千代田区,大手町１丁目,大丸有,東京都千代田区大手町１丁目５–５,35.68551,139.7654,Mizuho Financial,株式会社みずほフィナンシャルグループ,Forbes Global 2023,152,$32.03B,$4.52B,$1 ,908.3B,$37.5B,52420,https://www.forbes.com/companies/mizuho-financial/
千代田区,飯田橋３丁目,-,東京都千代田区飯田橋３丁目１０番１０号,35.70032,139.75054,KDDI,ＫＤＤＩ株式会社,Forbes Global 2023,158,$42.7B,$4.95B,$88.02B,$68.67B,-,https://www.forbes.com/companies/kddi/,
千代田区,丸の内１丁目,大丸有,東京都千代田区丸の内１丁目２－１　,35.68312,139.76328,Tokio Marine Holdings,東京海上ホールディングス株式会社,Forbes Global 2023,193,$48.67B,$2.42B,$216.93B,$39.82B,43048,https://www.forbes.com/companies/tokio-marine-holdings/,
千代田区,二番町,-,東京都千代田区二番町８番地８,35.68584,139.73405,Seven & I Holdings,株式会社セブン＆アイ・ホールディングス,Forbes Global 2023,231,$88.03B,$2.09B,$77.46B,$40.76B,-,https://www.forbes.com/companies/seven-i-holdings/,
中央区,日本橋本町２丁目,日八京,東京都中央区日本橋本町二丁目１番１号,35.68767,139.77463,Takeda Pharmaceutical,武田薬品工業株式会社,Forbes Global 2023,247,$29.99B,$2.09B,$102.35B,$52.78B,49095,https://www.forbes.com/companies/takeda-pharmaceutical/,
千代田区,大手町２丁目,大丸有,東京都千代田区大手町２丁目３－２,35.68715,139.76796,Sumitomo,株式会社三井住友銀行,Forbes Global 2023,261,$50.33B,$4.51B,$77.25B,$22.82B,5223,https://www.forbes.com/companies/sumitomo/,
中央区,日本橋２丁目,日八京,東京都中央区日本橋二丁目７番１号　東京日本橋タワー,35.68191,139.77427,Marubeni,丸紅株式会社,Forbes Global 2023,266,$73.47B,$4.24B,$61.62B,$23.83B,45995,https://www.forbes.com/companies/marubeni/,
千代田区,有楽町１丁目,大丸有,東京都千代田区有楽町１丁目１３－１,35.67584,139.76082,Dai-ichi Life Insurance,第一生命保険株式会社,Forbes Global 2023,269,$57.61B,$1.98B,$480.84B,$18.03B,62260,https://www.forbes.com/companies/dai-ichi-life-insurance/,
千代田区,丸の内２丁目,大丸有,東京都千代田区丸の内２丁目６－１,35.67857,139.76253,Nippon Steel,日本製鉄株式会社,Forbes Global 2023,270,$59.52B,$4.92B,$71.85B,$19.78B,-,https://www.forbes.com/companies/nippon-steel/,
千代田区,大手町２丁目,大丸有,東京都千代田区大手町２丁目６番１号,35.68441,139.76907,Shin-Etsu Chemical,信越化学工業株式会社,Forbes Global 2023,330,$20.73B,$5.23B,$35.54B,$59.75B,24069,https://www.forbes.com/companies/shin-etsu-chemical/,
港区,虎ノ門２丁目,虎ノ門,東京都港区虎ノ門２丁目２－１,35.66947,139.74584,Japan Tobacco,日本たばこ産業株式会社,Forbes Global 2023,354,$20.23B,$3.42B,$47.69B,$38.6B,52640,https://www.forbes.com/companies/japan-tobacco/,
港区,浜松町２丁目,-,東京都港区浜松町２丁目４番１号　世界貿易センタービル,35.65617,139.75644,Orix,オリックス株式会社,Forbes Global 2023,371,$20.05B,$2.37B,$110.3B,$19.66B,32235,https://www.forbes.com/companies/orix/,
中央区,新川２丁目,-,東京都中央区新川２丁目２７番２号　東京住友ツインビルディング西館,35.67427,139.7843,MS&AD Insurance,ＭＳ＆ＡＤインシュアランス　グループ　ホールディングス株式会社,Forbes Global 2023,383,$37.89B,$1.11B,$189.3B,$17.72B,39962,https://www.forbes.com/companies/msad-insurance/,
千代田区,丸の内２丁目,大丸有,東京都千代田区丸の内２丁目７－３　,35.67861,139.76494,Mitsubishi Electric,三菱電機株式会社,Forbes Global 2023,409,$36.92B,$1.58B,$41.95B,$26.99B,149655,https://www.forbes.com/companies/mitsubishi-electric/,
中央区,京橋３丁目,日八京,東京都中央区京橋３丁目１番１号　,35.6761,139.76838,Bridgestone,株式会社ブリヂストン,Forbes Global 2023,413,$31.25B,$1.98B,$37.6B,$27.83B,129260,https://www.forbes.com/companies/bridgestone/,
千代田区,大手町１丁目,大丸有,東京都千代田区大手町１丁目１－２　,35.68606,139.76199,ENEOS Holdings,ＥＮＥＯＳホールディングス株式会社,Forbes Global 2023,417,$111.2B,$2.29B,$81B,$10.11B,41852,https://www.forbes.com/companies/eneos-holdings/,
港区,赤坂２丁目,赤坂,東京都港区赤坂２丁目３番６号,35.67087,139.74211,Komatsu,株式会社　小松製作所,Forbes Global 2023,441,$26.25B,$2.41B,$36.64B,$23.62B,64343,https://www.forbes.com/companies/komatsu/,
港区,東新橋１丁目,虎ノ門広域,東京都港区東新橋１－９－１,35.66304,139.76131,Softbank,ソフトバンク株式会社,Forbes Global 2023,442,$55.25B,$-23.11B,$320.92B,$56.05B,59721,https://www.forbes.com/companies/softbank/,
千代田区,丸の内１丁目,大丸有,東京都千代田区丸の内１－９－２,35.67864,139.76737,Recruit Holdings,株式会社リクルートホールディングス,Forbes Global 2023,494,$25.56B,$2.25B,$20.53B,$44.4B,51757,https://www.forbes.com/companies/recruit-holdings/,
中央区,日本橋室町２丁目,日八京,東京都中央区日本橋室町２丁目１番１号,35.6868,139.77298,Mitsui Fudosan,三井不動産株式会社,Forbes Global 2023,506,$17.18B,$1.53B,$67.01B,$18.36B,24408,https://www.forbes.com/companies/mitsui-fudosan/,
港区,赤坂５丁目,赤坂,東京都港区赤坂五丁目３番１号　赤坂Ｂｉｚタワー,35.67318,139.73636,Inpex,国際石油開発帝石株式会社,Forbes Global 2023,510,$17.67B,$3.33B,$47.46B,$14.37B,3364,https://www.forbes.com/companies/inpex/,
港区,東新橋１丁目,虎ノ門広域,東京都港区東新橋１丁目５－２　,35.6654,139.76106,Fujitsu,富士通株式会社,Forbes Global 2023,545,$27.4B,$1.59B,$24.54B,$25.69B,124055,https://www.forbes.com/companies/fujitsu/,
港区,赤坂９丁目,六本木,東京都港区赤坂９丁目７番３号,35.66555,139.7304,Fujifilm Holdings,富士フイルムホールディングス株式会社,Forbes Global 2023,551,$20.98B,$1.58B,$31.44B,$21.28B,75470,https://www.forbes.com/companies/fujifilm-holdings/,
港区,赤坂５丁目,赤坂,東京都港区赤坂５－３－１　赤坂Ｂｉｚタワー,35.67318,139.73636,Tokyo Electron,東京エレクトロン株式会社,Forbes Global 2023,556,$16.84B,$3.65B,$15.86B,$54.6B,15634,https://www.forbes.com/companies/tokyo-electron/,
千代田区,丸の内１丁目,大丸有,東京都千代田区丸の内１丁目４－１,35.68436,139.76493,Sumitomo Mitsui Trust,三井住友トラスト・ホールディングス株式会社,Forbes Global 2023,558,$11.75B,$1.31B,$516.55B,$13.37B,22024,https://www.forbes.com/companies/sumitomo-mitsui-trust/,
千代田区,丸の内２丁目,大丸有,東京都千代田区丸の内２丁目３番２号　郵船ビル,35.68152,139.76292,Nippon Yusen,日本郵船株式会社,Forbes Global 2023,567,$20.19B,$9.41B,$28.46B,$11.69B,35165,https://www.forbes.com/companies/nippon-yusen/,
渋谷区,代々木２丁目,-,東京都渋谷区代々木２丁目２番２号,35.68732,139.70006,East Japan Railway,東日本旅客鉄道株式会社,Forbes Global 2023,600,$17.75B,$732.3M,$70.27B,$21.96B,-,https://www.forbes.com/companies/east-japan-railway/,
新宿区,西新宿１丁目,-,東京都新宿区西新宿１丁目２６－１,35.6927,139.69611,Sompo,ＳＯＭＰＯホールディングス株式会社,Forbes Global 2023,608,$33.79B,$598.6M,$113.22B,$14.05B,47776,https://www.forbes.com/companies/sompo/,
千代田区,丸の内３丁目,大丸有,東京都千代田区丸の内三丁目２番３号,35.6777,139.76173,Mitsubishi Heavy Industries,三菱重工業株式会社,Forbes Global 2023,620,$31.57B,$988.1M,$41.52B,$13.01B,77283,https://www.forbes.com/companies/mitsubishi-heavy-industries/,
千代田区,大手町１丁目,大丸有,東京都千代田区丸の内三丁目１番１号,35.68775,139.76226,Idemitsu Kosan,出光興産株式会社,Forbes Global 2023,626,$70.33B,$2.5B,$39.47B,$6.44B,14209,https://www.forbes.com/companies/idemitsu-kosan/,
中央区,日本橋１丁目,日八京,東京都中央区日本橋１丁目９－１,35.68378,139.77615,Nomura,野村證券株式会社,Forbes Global 2023,656,$18.35B,$684.7M,$358.94B,$10.69B,26402,https://www.forbes.com/companies/nomura/,
渋谷区,恵比寿１丁目,-,東京都渋谷区恵比寿１丁目２０－８　,35.64679,139.71339,Subaru,株式会社ＳＵＢＡＲＵ,Forbes Global 2023,667,$26.95B,$1.23B,$29.16B,$12.57B,36910,https://www.forbes.com/companies/subaru/,
港区,芝浦１丁目,-,東京都港区芝浦１丁目１－１　,35.65164,139.75797,Toshiba,株式会社東芝,Forbes Global 2023,668,$25.48B,$1.24B,$26.57B,$14.16B,106648,https://www.forbes.com/companies/toshiba/,
千代田区,大手町１丁目,大丸有,東京都千代田区大手町１－１－１　大手町パークビル,35.68661,139.76282,Mitsubishi Estate,三菱地所株式会社,Forbes Global 2023,675,$10.27B,$1.3B,$53.15B,$15.84B,10202,https://www.forbes.com/companies/mitsubishi-estate/,
千代田区,内幸町２丁目,-,東京都千代田区内幸町２丁目２番３号,35.67033,139.75431,JFE Holdings,ＪＦＥ（ジェイエフイー）ホールディングス株式会社,Forbes Global 2023,678,$39.36B,$1.59B,$43.22B,$6.93B,64296,https://www.forbes.com/companies/jfe-holdings/,
江東区,豊洲３丁目,-,東京都江東区豊洲３丁目２番２４号,35.65759,139.79497,Renesas Electronics,ルネサス　エレクトロニクス株式会社,Forbes Global 2023,685,$11.17B,$2.23B,$21.34B,$24.65B,21017,https://www.forbes.com/companies/renesas-electronics/,
港区,海岸１丁目,-,東京都港区海岸１－５－２０,35.65345,139.75855,Tokyo Gas,東京ガス株式会社,Forbes Global 2023,717,$24.27B,$2.07B,$26.91B,$9.02B,16858,https://www.forbes.com/companies/tokyo-gas/,
港区,芝５丁目,-,東京都港区芝五丁目７番１号,35.64943,139.74794,NEC,日本電気株式会社,Forbes Global 2023,744,$24.45B,$844.9M,$29.93B,$11.83B,118527,https://www.forbes.com/companies/nec/,
千代田区,神田司町２丁目,-,東京都千代田区神田司町２－９,35.69351,139.76695,Otsuka Holding,大塚ホールディングス株式会社,Forbes Global 2023,771,$13.21B,$1.02B,$23.52B,$18.87B,33482,https://www.forbes.com/companies/otsuka-holding/,
港区,虎ノ門２丁目,虎ノ門,東京都港区虎ノ門２丁目１番１号,35.66985,139.74687,Mitsui OSK Lines,株式会社　商船三井,Forbes Global 2023,775,$11.89B,$5.87B,$26.78B,$8.51B,8571,https://www.forbes.com/companies/mitsui-osk-lines/,
中央区,日本橋本町３丁目,日八京,東京都中央区日本橋本町三丁目５番１号,35.68832,139.77507,Daiichi Sankyo,第一三共株式会社,Forbes Global 2023,808,$9.43B,$805.7M,$18.85B,$66.62B,16033,https://www.forbes.com/companies/daiichi-sankyo/,
江東区,木場１丁目,-,東京都江東区木場１丁目５番６５号　深川ギャザリア　Ｗ２棟,35.66733,139.80327,Resona Holdings,株式会社りそなホールディングス,Forbes Global 2023,823,$6.35B,$814.7M,$556.79B,$11.62B,19744,https://www.forbes.com/companies/resona-holdings/,
千代田区,丸の内１丁目,大丸有,東京都千代田区丸の内１－５－１,35.68254,139.76429,Mitsubishi UFJ Lease,三菱ＵＦＪリース株式会社,Forbes Global 2023,831,$14.16B,$833.1M,$84.32B,$7.48B,8803,https://www.forbes.com/companies/mitsubishi-ufj-lease/,
中央区,日本橋２丁目,日八京,東京都中央区日本橋二丁目５番１号,35.68147,139.77383,TDK,ＴＤＫ株式会社,Forbes Global 2023,852,$16.09B,$842.6M,$23.65B,$13.73B,129284,https://www.forbes.com/companies/tdk/,
千代田区,丸の内１丁目,大丸有,東京都千代田区丸の内１－１－１,35.6845,139.76122,Mitsubishi Chemical,三菱ケミカル株式会社,Forbes Global 2023,890,$34.08B,$547.9M,$44.45B,$8.36B,-,https://www.forbes.com/companies/mitsubishi-chemical/,
千代田区,内幸町１丁目,-,東京都千代田区内幸町１丁目１番３号,35.67011,139.75843,Tokyo Electric Power,東京電力ホールディングス株式会社,Forbes Global 2023,895,$57.55B,$-912.3M,$101.91B,$5.77B,37891,https://www.forbes.com/companies/tokyo-electric-power/,
中央区,日本橋本町２丁目,日八京,東京都中央区日本橋本町２－５－１,35.68726,139.77611,Astellas Pharma,アステラス製薬株式会社,Forbes Global 2023,918,$11.21B,$728.4M,$18.46B,$27.7B,15455,https://www.forbes.com/companies/astellas-pharma/,
新宿区,西新宿２丁目,-,東京都新宿区西新宿二丁目４番１号,35.68804,139.69351,Sumitomo Realty,住友不動産株式会社,Forbes Global 2023,925,$7.03B,$1.19B,$45.16B,$10.84B,13040,https://www.forbes.com/companies/sumitomo-realty/,
港区,新橋５丁目,虎ノ門広域,東京都港区新橋５丁目１１番３号,35.66326,139.75618,Sumitomo Metal Mining,住友金属鉱山株式会社,Forbes Global 2023,929,$10.74B,$2.01B,$20.31B,$10.2B,7202,https://www.forbes.com/companies/sumitomo-metal-mining/,
千代田区,有楽町１丁目,大丸有,東京都千代田区有楽町一丁目１番２号,35.67358,139.75918,Asahi Kasei,旭化成株式会社,Forbes Global 2023,934,$20.35B,$663.5M,$28.03B,$9.82B,46751,https://www.forbes.com/companies/asahi-kasei/,
千代田区,外神田４丁目,-,東京都千代田区外神田４－１４－１,35.70057,139.77272,SMC,ＳＭＣ　株式会社,Forbes Global 2023,995,$6.18B,$1.73B,$14.39B,$33.77B,21620,https://www.forbes.com/companies/smc/,
中央区,日本橋２丁目,日八京,東京都中央区日本橋２－７－１,35.68191,139.77427,T&D Holdings,株式会社Ｔ＆Ｄホールディングス,Forbes Global 2023,996,$18.83B,$-1.58B,$129.17B,$7.01B,12236,https://www.forbes.com/companies/td-holdings/,
中央区,新川２丁目,-,東京都中央区新川２丁目２７番１号　東京住友ツインビル（東館）,35.67359,139.78445,Sumitomo Chemical,住友化学株式会社,Forbes Global 2023,1010,$22.69B,$675M,$34.49B,$5.53B,34703,https://www.forbes.com/companies/sumitomo-chemical/,
中央区,銀座６丁目,-,東京都中央区銀座６丁目１５番１号,35.66819,139.76625,Electric Power Development,電源開発株式会社,Forbes Global 2023,1084,$13.51B,$1.07B,$26.3B,$2.96B,7146,https://www.forbes.com/companies/electric-power-development/,
港区,東新橋１丁目,虎ノ門広域,東京都港区東新橋１－５－２　汐留シティセンター,35.6655,139.76088,All Nippon Airways,全日本空輸株式会社,Forbes Global 2023,1095,$12.6B,$660.3M,$25.3B,$10.36B,46580,https://www.forbes.com/companies/all-nippon-airways/,
新宿区,西新宿６丁目,-,東京都新宿区西新宿６－１０－１　日土地西新宿ビル　２０Ｆ,35.6946,139.69075,Hoya,ＨＯＹＡ株式会社,Forbes Global 2023,1122,$5.38B,$1.26B,$7.61B,$39.4B,38376,https://www.forbes.com/companies/hoya/,
中央区,日本橋室町２丁目,日八京,東京都中央区日本橋室町２－１－１,35.6868,139.77298,Toray Industries,東レ株式会社,Forbes Global 2023,1145,$18.88B,$528.3M,$24.74B,$9.13B,48842,https://www.forbes.com/companies/toray-industries/,
港区,芝浦１丁目,-,東京都港区芝浦一丁目１番１号,35.65164,139.75797,Cosmo Energy Holdings,コスモエネルギーホールディングス株式会社,Forbes Global 2023,1146,$21.2B,$920.8M,$17.56B,$2.82B,7111,https://www.forbes.com/companies/cosmo-energy-holdings/,
港区,芝浦３丁目,-,東京都港区芝浦三丁目１番２１号,35.64507,139.74921,Mitsubishi Motors,三菱自動車工業株式会社,Forbes Global 2023,1158,$18.46B,$1.22B,$15.59B,$5.71B,80000,https://www.forbes.com/companies/mitsubishi-motors/,
港区,元赤坂１丁目,赤坂,東京都港区元赤坂１－３－１,35.67731,139.73438,Kajima,鹿島建設株式会社,Forbes Global 2023,1167,$17.87B,$794.7M,$20.95B,$6.46B,-,https://www.forbes.com/companies/kajima/,
中央区,日本橋茅場町１丁目,-,東京都中央区日本橋茅場町一丁目１４番１０号,35.68043,139.78116,Kao,花王株式会社,Forbes Global 2023,1170,$11.79B,$654.1M,$13.08B,$18.93B,35411,https://www.forbes.com/companies/kao/,
千代田区,内幸町２丁目,-,東京都千代田区内幸町２－１－１,35.67087,139.75254,Sojitz,双日株式会社,Forbes Global 2023,1178,$18.3B,$820.9M,$19.99B,$4.43B,19463,https://www.forbes.com/companies/sojitz/,
新宿区,西新宿２丁目,-,東京都新宿区西新宿２－３－１　新宿モノリス,35.68862,139.69457,Olympus,オリンパス株式会社,Forbes Global 2023,1184,$6.86B,$1.04B,$10.55B,$22.47B,32844,https://www.forbes.com/companies/olympus/,
千代田区,内幸町２丁目,-,東京都千代田区内幸町2丁目1番1号 飯野ビルディング,35.67078,139.75233,Kawasaki Kisen Kaisha,川崎汽船株式会社,Forbes Global 2023,1245,$7.07B,$6.52B,$15.84B,$5.8B,5158,https://www.forbes.com/companies/kawasaki-kisen-kaisha/,
港区,芝５丁目,-,東京都港区芝５丁目３７－８　バンダイナムコ未来研究所,35.64464,139.74453,Bandai Namco Holdings,株式会社バンダイナムコホールディングス,Forbes Global 2023,1284,$7.63B,$878.1M,$6.88B,$15.09B,9886,https://www.forbes.com/companies/bandai-namco-holdings/,
中央区,日本橋兜町,-,東京都中央区日本橋兜町２－１,35.68254,139.77887,Japan Exchange Group,株式会社日本取引所グループ,Forbes Global 2023,1319,$992M,$342M,$617.53B,$8.5B,1197,https://www.forbes.com/companies/japan-exchange-group/,
千代田区,神田和泉町,-,東京都千代田区神田和泉町2番地,35.69952,139.77758,NIPPON EXPRESS HOLDINGS,ＮＩＰＰＯＮ　ＥＸＰＲＥＳＳホールディングス株式会社,Forbes Global 2023,1320,$19.92B,$834.9M,$13.16B,$5.37B,-,https://www.forbes.com/companies/nippon-express-holdings/,
中央区,京橋１丁目,日八京,東京都中央区京橋１丁目１５番１号,35.677,139.77335,Ajinomoto,味の素株式会社,Forbes Global 2023,1326,$10.05B,$536.8M,$11.86B,$19.14B,34615,https://www.forbes.com/companies/ajinomoto/,
千代田区,丸の内１丁目,大丸有,東京都千代田区丸の内一丁目９番１号,35.68173,139.76619,Daiwa Securities,大和証券株式会社,Forbes Global 2023,1327,$6.43B,$471.3M,$198.46B,$6.81B,15096,https://www.forbes.com/companies/daiwa-securities/,
渋谷区,神宮前１丁目,-,東京都渋谷区神宮前１丁目５番１号,35.67133,139.70712,Secom,セコム株式会社,Forbes Global 2023,1328,$8.2B,$705.7M,$14.75B,$13.94B,71177,https://www.forbes.com/companies/secom/,
港区,六本木１丁目,虎ノ門,東京都港区六本木１丁目６番１号,35.66456,139.7395,SBI Holdings,ＳＢＩホールディングス株式会社,Forbes Global 2023,1351,$7.37B,$38.5M,$165.45B,$5.34B,17496,https://www.forbes.com/companies/sbi-holdings/,
港区,東新橋１丁目,虎ノ門広域,東京都港区東新橋１丁目８－１,35.66498,139.76236,Dentsu,株式会社　電通,Forbes Global 2023,1390,$9.46B,$455M,$28.36B,$9.61B,69066,https://www.forbes.com/companies/dentsu/,
港区,芝浦３丁目,-,東京都港区芝浦３丁目１−１,35.64588,139.74969,Suntory Beverage & Food,サントリー食品インターナショナル,Forbes Global 2023,1395,$11.03B,$625.9M,$13.52B,$11.73B,23485,https://www.forbes.com/companies/suntory-beverage-food/,
千代田区,丸の内１丁目,大丸有,東京都千代田区丸の内一丁目５番１号,35.68254,139.76429,AGC,ＡＧＣ株式会社,Forbes Global 2023,1432,$15.48B,$-24M,$21.33B,$8.35B,57609,https://www.forbes.com/companies/agc/,
千代田区,神田練塀町,-,東京都千代田区神田練塀町３,35.70036,139.774,Tokyo Century,東京センチュリー株式会社,Forbes Global 2023,1440,$9.88B,$-25.5M,$47B,$4.23B,7634,https://www.forbes.com/companies/tokyo-century/,
港区,六本木１丁目,虎ノ門,東京都港区六本木１丁目４番５号,35.66569,139.73944,NEXON,株式会社ネクソン,Forbes Global 2023,1442,$2.69B,$762.9M,$7.9B,$20.01B,7467,https://www.forbes.com/companies/nexon/,
渋谷区,幡ケ谷２丁目,-,東京都渋谷区幡ヶ谷２－４４－１,35.67902,139.67535,Terumo,テルモ株式会社,Forbes Global 2023,1445,$6.07B,$663.7M,$11.7B,$22.24B,28294,https://www.forbes.com/companies/terumo/,
千代田区,丸の内１丁目,大丸有,東京都千代田区丸の内１丁目６番２号,35.68412,139.76642,Advantest,株式会社アドバンテスト,Forbes Global 2023,1446,$4.13B,$962.2M,$4.51B,$15.21B,5261,https://www.forbes.com/companies/advantest/,
港区,三田３丁目,-,東京都港区三田３－５－２７,,,,,,,,,,,,,
住友不動産三田ツインビル西館,35.6439,139.74237,Unicharm,ユニ・チャーム株式会社,Forbes Global 2023,1489,$6.83B,$514M,$7.95B,$24.49B,16206,https://www.forbes.com/companies/unicharm/,,,,
中央区,日本橋２丁目,日八京,東京都中央区日本橋２丁目７番１号,35.68191,139.77427,Concordia Financial Group,株式会社　コンコルディア・フィナンシャルグループ,Forbes Global 2023,1529,$2.27B,$377.2M,$186.99B,$4.39B,5825,https://www.forbes.com/companies/concordia-financial-group/,
中央区,八重洲２丁目,日八京,東京都中央区八重洲２丁目７番２号,35.67746,139.76771,Mebuki Financial Group,株式会社めぶきフィナンシャルグループ,Forbes Global 2023,1550,$2.08B,$276M,$160.67B,$2.75B,6221,https://www.forbes.com/companies/mebuki-financial-group/,
中央区,銀座７丁目,-,東京都中央区銀座７－５－５,35.66986,139.76134,Shiseido,株式会社　資生堂,Forbes Global 2023,1570,$8.12B,$260M,$9.91B,$20.44B,33414,https://www.forbes.com/companies/shiseido/,
千代田区,大手町１丁目,大丸有,東京都千代田区大手町一丁目3番2号（経団連会館）,35.68862,139.76353,Sumitomo Forestry Co.,,住友林業株式会社,Forbes Global 2023,1580,$12.49B,$741.4M,$11.47B,$4.32B,21948,https://www.forbes.com/companies/sumitomo-forestry-co/
港区,東新橋１丁目,虎ノ門広域,東京都港区東新橋１丁目５番２号,35.66562,139.7608,Mitsui Chemicals,三井化学株式会社,Forbes Global 2023,1599,$14.27B,$569.2M,$15.81B,$4.94B,18780,https://www.forbes.com/companies/mitsui-chemicals/,
港区,港南２丁目,-,東京都港区港南２丁目１５番２号　,35.62615,139.74206,Obayashi,株式会社大林組,Forbes Global 2023,1618,$15.11B,$435.7M,$19.31B,$6.02B,15470,https://www.forbes.com/companies/obayashi/,
中央区,日本橋茅場町１丁目,-,東京都中央区日本橋茅場町１丁目２－１０,35.68118,139.77965,Japan Securities,日本証券金融株式会社,Forbes Global 2023,1623,$462M,$44M,$102.49B,$593M,272,https://www.forbes.com/companies/japan-securities/,
中央区,日本橋室町２丁目,日八京,東京都中央区日本橋室町２－４－３　日本橋室町野村ビル,35.68733,139.77391,Shinsei Bank,株式会社新生銀行,Forbes Global 2023,1625,$2.5B,$177.7M,$100.9B,$3.71B,5608,https://www.forbes.com/companies/shinsei-bank/,
港区,海岸１丁目,-,東京都港区海岸１丁目１４丁目５,35.65436,139.76166,Kawasaki Heavy Industries,川崎重工業株式会社,Forbes Global 2023,1635,$12.61B,$509.5M,$18.47B,$3.71B,-,https://www.forbes.com/companies/kawasaki-heavy-industries/,
新宿区,市谷加賀町１丁目,-,東京都新宿区市谷加賀町１丁目１番１号,35.69562,139.73102,Dai Nippon Printing,大日本印刷株式会社,Forbes Global 2023,1658,$10.39B,$700M,$13.99B,$6.99B,-,https://www.forbes.com/companies/dai-nippon-printing/,
中央区,八重洲２丁目,日八京,東京都中央区八重洲２丁目７番１５号,35.6772,139.76822,Medipal Holdings,株式会社メディパルホールディングス,Forbes Global 2023,1698,$25.48B,$231.4M,$13.7B,$2.94B,12801,https://www.forbes.com/companies/medipal-holdings/,
港区,六本木１丁目,虎ノ門,東京都港区六本木一丁目6-1 泉ガーデンタワー18階,35.66524,139.7396,Sbi Sumishin Net Bank,住信SBIネット銀行,Forbes Global 2023,1740,$740M,$152.3M,$70.31B,$1.88B,657,https://www.forbes.com/companies/sbi-sumishin-net-bank/,
中央区,銀座４丁目,-,東京都中央区銀座４丁目７番５号,35.6713,139.76652,Oji Holdings,王子ホールディングス株式会社,Forbes Global 2023,1745,$12.78B,$455.9M,$17.99B,$3.9B,35608,https://www.forbes.com/companies/oji-holdings/,
中央区,京橋２丁目,日八京,東京都中央区京橋二丁目１６番１号,35.67646,139.77303,Shimizu,清水建設株式会社,Forbes Global 2023,1767,$13.68B,$347.4M,$18.12B,$4.48B,-,https://www.forbes.com/companies/shimizu/,
中央区,築地１丁目,-,東京都中央区築地１丁目１３－１　銀座松竹スクエア,35.66815,139.76949,Hanwa,阪和興業株式会社,Forbes Global 2023,1784,$20.12B,$420.9M,$10.05B,$1.27B,5123,https://www.forbes.com/companies/hanwa/,
千代田区,大手町１丁目,大丸有,東京都千代田区大手町１丁目１番３号,35.68597,139.76274,Alfresa Holdings,アルフレッサ　ホールディングス株式会社,Forbes Global 2023,1803,$20.29B,$214.8M,$10.9B,$3B,11925,https://www.forbes.com/companies/alfresa-holdings/,
品川区,東品川２丁目,-,東京都品川区東品川二丁目4番11号 野村不動産天王洲ビル,35.61974,139.7504,Japan Airlines,日本航空,Forbes Global 2023,1836,$9.05B,$-249.9M,$18.49B,$8.57B,35423,https://www.forbes.com/companies/japan-airlines/,
千代田区,麹町６丁目,-,東京都千代田区麹町６丁目１－１,35.68464,139.7326,Aozora Bank,株式会社あおぞら銀行,Forbes Global 2023,1856,$1.16B,$168.2M,$54.22B,$2.12B,2382,https://www.forbes.com/companies/aozora-bank/,
千代田区,大手町１丁目,大丸有,東京都千代田区大手町1-9-2 大手町フィナンシャルシティ グランキューブ,35.68829,139.76251,Nomura Research Institute,野村総合研究所,Forbes Global 2023,1875,$5.11B,$563.1M,$6.3B,$14.72B,6507,https://www.forbes.com/companies/nomura-research/,
新宿区,新宿５丁目,-,東京都新宿区新宿５丁目９番２号,35.69201,139.70881,Tokyo Kiraboshi Financial Group,株式会社東京きらぼしフィナンシャルグループ,Forbes Global 2023,1904,$843M,$176.2M,$49.93B,$612M,2753,https://www.forbes.com/companies/tokyo-kiraboshi-financial-group/,
新宿区,西新宿２丁目,-,東京都新宿区西新宿一丁目25番1号 新宿センタービル,35.69171,139.69288,Taisei,大成建設株式会社,Forbes Global 2023,1931,$12.48B,$484.9M,$14.28B,$6.5B,14518,https://www.forbes.com/companies/taisei/,
港区,港南２丁目,-,東京都港区港南二丁目１６番１号,35.62779,139.74075,Daito Trust Construction,大東建託株式会社,Forbes Global 2023,1941,$12.23B,$519.2M,$7.98B,$6.46B,17422,https://www.forbes.com/companies/daito-trust-construction/,
港区,赤坂８丁目,赤坂,東京都港区赤坂８丁目５番２７号,35.67143,139.72724,Nippon Steel Trading,日鉄物産株式会社,Forbes Global 2023,1971,$16.33B,$292.8M,$9.3B,$2.22B,6584,https://www.forbes.com/companies/nippon-steel-trading/,
