指標名,スーパー,,,,,,
出典,NAVITIME,,,,,,
年次,2024/01/12取得,,,,,,
URL,https://www.navitime.co.jp/,,,,,,
備考,(2021年度：532件、2022年度：523件、2023年度：593件),,,,,,
,,,,,,,
区,町丁目,エリア,住所,施設名,種類,緯度,経度
千代田区,丸の内1丁目,大丸有,東京都千代田区丸の内1-9-1 東京駅構内・GRANSTA MARUNOUCHI B1F,紀ノ国屋アントレ グランスタ丸の内店,その他スーパー,35.6818641,139.7669116
千代田区,岩本町2丁目,-,東京都千代田区岩本町2-12-5 早川トナカイビル,まいばすけっと 岩本町2丁目店,その他スーパー,35.6943919,139.7765902
千代田区,神田和泉町2丁目,-,東京都千代田区神田和泉町2-13,ライフ 神田和泉町店,その他スーパー,35.6998696,139.780145
千代田区,神田錦町2丁目,-,東京都千代田区神田錦町2丁目2-1,サミットストア神田スクエア店,その他スーパー,35.6931252,139.7632042
千代田区,九段南3丁目,-,東京都千代田区九段南3-3-4 ニューライフビル,まいばすけっと 九段南3丁目店,その他スーパー,35.6917482,139.7418714
千代田区,外神田6丁目,-,東京都千代田区外神田6-13-11ミクニビル,まいばすけっと 末広町駅前店,その他スーパー,35.7031729,139.770759
千代田区,神田神保町2丁目,-,東京都千代田区神田神保町2-40-5 東久ビル,まいばすけっと 神田神保町店,その他スーパー,35.69783,139.75547
千代田区,神田東松下町,-,東京都千代田区神田東松下町25 アルファグランデ千桜タワー,まいばすけっと 岩本町駅南店,その他スーパー,35.6949407,139.7743753
千代田区,神田佐久間町3丁目,-,東京都千代田区神田佐久間町3-21-5 東神田ビル,まいばすけっと 神田佐久間町店,その他スーパー,35.6980479,139.7786871
千代田区,丸の内1丁目,大丸有,東京都千代田区丸の内1-9-1 東京駅構内・GRANSTA TOKYO 1F,紀ノ国屋アントレ グランスタ店,その他スーパー,35.6818641,139.7669116
千代田区,神田多町2丁目,-,東京都千代田区神田多町2-1 神田東山ビル,まいばすけっと 神田駅北口店,その他スーパー,35.6932088,139.7693359
千代田区,神田神保町3丁目,-,東京都千代田区神田神保町3-3 神保町SF3ビル1F,成城石井 神保町店,その他スーパー,35.6953889,139.7543897
千代田区,麹町1丁目,-,東京都千代田区麹町1-8JFNセンター,まいばすけっと 半蔵門駅前店,その他スーパー,35.6845411,139.7431687
千代田区,神田神保町1丁目,-,東京都千代田区神田神保町1-103東京パークタワー,まいばすけっと 神保町駅前店,その他スーパー,35.6942062,139.7592182
千代田区,九段北1丁目,-,東京都千代田区九段北1-4-5北の丸グラスゲート,まいばすけっと 九段北1丁目店,その他スーパー,35.6965571,139.7514513
千代田区,丸の内1丁目,大丸有,東京都千代田区丸の内1-5-1 新丸の内ビルB1F,成城石井 新丸ビル店,その他スーパー,35.6825434,139.7642869
千代田区,五番町一零丁目,-,東京都千代田区五番町10-2 五番町センタービル1F,成城石井 市ケ谷店,その他スーパー,35.6893931,139.7349834
千代田区,外神田1丁目,-,東京都千代田区外神田1-17-6 アトレ秋葉原1 3F,成城石井 アトレ秋葉原1店,その他スーパー,35.6984764,139.7725257
千代田区,富士見2丁目,-,東京都千代田区富士見2-10-2 飯田橋グラン・ブルーム サクラテラス1F,成城石井 飯田橋サクラテラス店,その他スーパー,35.6989789,139.7436278
千代田区,神田鍛冶町三-七-四ユニゾ神田鍛冶町3丁目,-,東京都千代田区神田鍛冶町3-7-4ユニゾ神田鍛冶町3丁目ビル,まいばすけっと 神田鍛冶町店,その他スーパー,35.6931919,139.7704195
千代田区,内神田1丁目,-,東京都千代田区内神田1-18-14ヨシザワビル,まいばすけっと 神田駅西店,その他スーパー,35.6914969,139.7670111
千代田区,岩本町3丁目,-,東京都千代田区岩本町3-5-5 ユニゾ岩本町3丁目ビル (2021年4月より岩本町3丁目ビルに建物名変更),まいばすけっと 岩本町3丁目店,その他スーパー,35.6951661,139.7776307
千代田区,紀尾井町1丁目,-,東京都千代田区紀尾井町1-3 東京ガーデンテラス紀尾井町 紀尾井テラス2F,成城石井 東京ガーデンテラス紀尾井町店,その他スーパー,35.6792741,139.7370819
千代田区,丸の内1丁目,大丸有,東京都千代田区丸の内1-9-1 東京駅一番街1F,成城石井 東京駅一番街店,その他スーパー,35.6822889,139.7684903
千代田区,有楽町2丁目,大丸有,東京都千代田区有楽町2-5-1 ルミネ有楽町店ルミネ2 B1F,成城石井 SEIJO ISHII ルミネ有楽町2店,その他スーパー,35.6735982,139.7628443
千代田区,丸の内1丁目,大丸有,東京都千代田区丸の内1-9-1,成城石井 グランゲート東京駅店,その他スーパー,35.6798702,139.7675145
千代田区,麹町3丁目,-,東京都千代田区麹町3-3-6 麹町フロントビル 1F,成城石井 麹町店,その他スーパー,35.6836995,139.738658
千代田区,神田駿河台4丁目,-,東京都千代田区神田駿河台4-6 御茶ノ水ソラシティB1F,成城石井 御茶ノ水ソラシティ店,その他スーパー,35.6984924,139.7668622
千代田区,大手町1丁目,大丸有,東京都千代田区大手町1-5-5 大手町タワーB2F,成城石井 EPICERIE BONHEUR 成城石井 大手町店,その他スーパー,35.6855536,139.7653677
千代田区,神田司町2丁目,-,東京都千代田区神田司町2-6,マルエツ プチ 神田司町店,その他スーパー,35.6937645,139.767883
千代田区,麹町3丁目,-,東京都千代田区麹町3-1-8,ココスナカムラ麹町店,その他スーパー,35.6838047,139.7394564
千代田区,富士見2丁目,-,東京都千代田区富士見2-7-1 プラウドタワー1F,三徳飯田橋店,その他スーパー,35.7005602,139.7450025
千代田区,鍛冶町1丁目,-,東京都千代田区鍛冶町1-2-3,肉のハナマサ 神田店,その他スーパー,35.6898222,139.7699928
千代田区,九段南4丁目,-,東京都千代田区九段南4-2-11,mini(ミニ)ピアゴ 九段南4丁目店,その他スーパー,35.6911887,139.7398433
千代田区,外神田4丁目,-,東京都千代田区外神田4-14-1 秋葉原UDX内,福島屋 秋葉原UDX店,その他スーパー,35.6998341,139.7725006
千代田区,外神田2丁目,-,東京都千代田区外神田2-14-10 第二電波ビル 1F,ピーコックストア 神田妻恋坂店,その他スーパー,35.7024295,139.7691321
千代田区,神田錦町1丁目,-,東京都千代田区神田錦町1-1-1,イオンリテール株式会社 北関東カンパニー,イオン,35.6920641,139.7645217
千代田区,神田淡路町2丁目,-,東京都千代田区神田淡路町2-105 ワテラスモール B1F,Olympic(オリンピック) 淡路町店,その他スーパー,35.697582,139.7679375
千代田区,神田神保町2丁目,-,東京都千代田区神田神保町2-44,マルエツ プチ 神田神保町二丁目店,その他スーパー,35.6981627,139.7560861
千代田区,外神田3丁目,-,東京都千代田区外神田3-1-16 ダイドーリミテッドビル 1F,オリンピック 外神田店,その他スーパー,35.7000331,139.7697217
千代田区,外神田6丁目,-,東京都千代田区外神田6-7-3 成興ビル,肉のハナマサ 湯島店,その他スーパー,35.7044725,139.7700202
千代田区,丸の内1丁目,大丸有,東京都千代田区丸の内1-9-1 大丸東京店 B1F,明治屋 八重洲口ストアー,その他スーパー,35.6815527,139.7689401
千代田区,一番町,-,東京都千代田区一番町6,マルエツ プチ 一番町店,その他スーパー,35.6872988,139.7413724
千代田区,九段北4丁目,-,東京都千代田区九段北4-1-3,リンコス 九段店,その他スーパー,35.692612,139.7404942
千代田区,外神田3丁目,-,東京都千代田区外神田3-10-8,TOA mart(トーアマート) 秋葉原店,その他スーパー,35.7012654,139.7708334
千代田区,丸の内1丁目,大丸有,東京都千代田区丸の内1丁目9-1,紀ノ国屋大丸東京店,その他スーパー,35.6798702,139.7675145
中央区,築地4丁目,-,東京都中央区築地4-13-3 築地場外市場,まる一 浜田商店,その他スーパー,35.6653213,139.7708862
中央区,日本橋馬喰町1丁目,-,東京都中央区日本橋馬喰町1-5-6,マルマンストア 日本橋馬喰町店,その他スーパー,35.6924233,139.7817029
中央区,日本橋本町2丁目,日八京,東京都中央区日本橋本町2-5-1,マルエツ プチ 日本橋本町店,その他スーパー,35.6873647,139.7761508
中央区,勝どき6丁目,-,東京都中央区勝どき6-3-2,マルエツ 勝どき六丁目店,その他スーパー,35.6557767,139.773631
中央区,銀座3丁目,-,東京都中央区銀座3-2-1 マロニエゲート銀座2内,OK(オーケーストア) 銀座店,その他スーパー,35.6737054,139.7651517
中央区,佃1丁目,-,東京都中央区佃1-11-8 リバーシティ21ピアウエスト,リンコス リバーシティ店,その他スーパー,35.668961,139.785079
中央区,日本橋浜町3丁目,-,東京都中央区日本橋浜町3-3-1,ピーコック ストア トルナーレ 日本橋浜町店,その他スーパー,35.6848096,139.7883481
中央区,八丁堀2丁目,-,東京都中央区八丁堀2-14-4ヤブ原ビル,マルエツ プチ 八丁堀店,その他スーパー,35.676894,139.776833
中央区,勝どき4丁目,-,東京都中央区勝どき4-6-2,ライフ 勝どきミッド店,その他スーパー,35.6571715,139.7770525
中央区,新川1丁目,-,東京都中央区新川1-17-24 Nmf茅場町ビル,肉のハナマサ 新川店,その他スーパー,35.6783794,139.7835403
中央区,晴海3丁目,-,東京都中央区晴海3-13-2,マルエツ 晴海三丁目店,その他スーパー,35.6545699,139.7773091
中央区,日本橋浜町3丁目,-,東京都中央区日本橋浜町3-22-1,成城石井 日本橋浜町店,その他スーパー,35.6855541,139.7887335
中央区,佃2丁目,-,東京都中央区佃2-2-8 リバーシティ21G棟,マルエツ 佃店,その他スーパー,35.6679229,139.786816
中央区,湊2丁目,-,東京都中央区湊2-15-14 パークシティ中央湊ザタワー 1F,デリド湊店,その他スーパー,35.6712196,139.7806244
中央区,銀座3丁目,-,東京都中央区銀座3-2-1 マロニエゲート銀座2 B1 B2,オーケー 銀座店,その他スーパー,35.6737054,139.7651517
中央区,日本橋堀留町1丁目,-,東京都中央区日本橋堀留町1-5-12 ヤシマ日本橋ビル,まいばすけっと 日本橋堀留町1丁目店,その他スーパー,35.6873245,139.7797656
中央区,日本橋蛎殻町2丁目,-,東京都中央区日本橋蛎殻町2-10-11 秀和蛎殻町ビル,まいばすけっと 水天宮店,その他スーパー,35.683404,139.7869259
中央区,日本橋横山町1丁目,-,東京都中央区日本橋横山町1-3 OKK日本橋ビル,まいばすけっと 日本橋横山町店,その他スーパー,35.6913837,139.7817293
中央区,日本橋本町4丁目,日八京,東京都中央区日本橋本町4-15-9 曽田ビル,まいばすけっと 日本橋本町4丁目店,その他スーパー,35.6901759,139.7769896
中央区,湊3丁目,-,東京都中央区湊3-5-10VORT新富町,まいばすけっと 新富町駅東店,その他スーパー,-,-
中央区,築地2丁目,-,東京都中央区築地2-11-9 築地MTビル,まいばすけっと 築地2丁目店,その他スーパー,35.6684916,139.772696
中央区,明石町5丁目,-,東京都中央区明石町5-15明図ビル,まいばすけっと 築地明石町店,その他スーパー,35.6679848,139.7779681
中央区,日本橋小網町6丁目,-,東京都中央区日本橋小網町15-9 森友第一ビル,まいばすけっと 日本橋小網町店,その他スーパー,35.6843327,139.7808041
中央区,日本橋茅場町3丁目,-,東京都中央区日本橋茅場町3-4-2 KDX茅場町ビル,まいばすけっと 茅場町3丁目店,その他スーパー,35.6783728,139.7777895
中央区,日本橋中洲7丁目,-,東京都中央区日本橋中洲7-1 月村マンションNo.33,まいばすけっと 清洲橋西店,その他スーパー,35.6832593,139.7906732
中央区,日本橋蛎殻町1丁目,-,東京都中央区日本橋蛎殻町1-37-12 パークアクシス日本橋ステージ,まいばすけっと 日本橋蛎殻町店,その他スーパー,35.6823298,139.7852147
中央区,新川2丁目,-,東京都中央区新川2-1-5 THE WALL,まいばすけっと 新川2丁目店,その他スーパー,35.677146,139.7801451
中央区,入船3丁目,-,東京都中央区入船3-2-6 NTT築地ビル,まいばすけっと 新富町駅前店,その他スーパー,35.6705391,139.7757913
中央区,日本橋富沢町3丁目,-,東京都中央区日本橋富沢町12-8 昭和ビル,まいばすけっと 日本橋富沢町店,その他スーパー,35.6902674,139.7816464
中央区,日本橋浜町2丁目,-,東京都中央区日本橋浜町2-35-4 日本橋浜町パークビル,まいばすけっと 日本橋浜町2丁目店,その他スーパー,35.6887555,139.7863366
中央区,月島3丁目,-,東京都中央区月島3-4-5-101,ダイエー月島店,ダイエー,35.6634441,139.7810986
中央区,新川2丁目,-,東京都中央区新川2-21-10,スーパーマーケット リコス 新川2丁目店,その他スーパー,35.6734185,139.7821993
中央区,日本橋蛎殻町1丁目,-,東京都中央区日本橋蛎殻町1-18-4アーバネックス日本橋水天宮,まいばすけっと 蛎殻町1丁目店,その他スーパー,35.6823958,139.7830363
中央区,湊2丁目,-,東京都中央区湊2-16-25ライオンズマンション鉄砲洲第3,まいばすけっと 中央湊2丁目店,その他スーパー,35.6714635,139.7811436
中央区,日本橋2丁目,日八京,東京都中央区日本橋2-5-1 日本橋高島屋S.C.新館 B1F,成城石井 日本橋高島屋S.C.店,その他スーパー,35.68128,139.7737877
中央区,晴海1丁目,-,東京都中央区晴海1-8-16 晴海トリトン2F,成城石井 晴海トリトン店,その他スーパー,35.6573718,139.7827814
中央区,日本橋小伝馬町1丁目,-,東京都中央区日本橋小伝馬町1-7 スクエア日本橋1F,成城石井 小伝馬町店,その他スーパー,35.690137,139.7779469
中央区,晴海1丁目,-,東京都中央区晴海1-8-16晴海トリトン1-1,マルエツ プチ 晴海店,その他スーパー,35.6573718,139.7827814
中央区,日本橋人形町2丁目,-,東京都中央区日本橋人形町2-7-5,マルエツ プチ 人形町駅前店,その他スーパー,35.6865822,139.783061
中央区,日本橋横山町4丁目,-,東京都中央区日本橋横山町4-7,フレスコ日本橋横山町店,コープ,35.6917914,139.7822521
中央区,東日本橋1丁目,-,東京都中央区東日本橋1-1-5ヒューリック東日本橋ビル,まいばすけっと 東日本橋1丁目店,その他スーパー,35.6904712,139.7850679
中央区,日本橋箱崎町4丁目,-,東京都中央区日本橋箱崎町31-4ONEST 箱崎ビル,まいばすけっと 日本橋箱崎町店,その他スーパー,35.6806442,139.7875768
中央区,日本橋1丁目,日八京,東京都中央区日本橋1-14-7,成城石井 日本橋一丁目店,その他スーパー,35.6817747,139.7762107
中央区,新川1丁目,-,東京都中央区新川1-28-44,マルエツ プチ 新川一丁目店,その他スーパー,35.6758468,139.7847384
中央区,八丁堀4丁目,-,東京都中央区八丁堀4-11-4,マルエツ プチ 八丁堀四丁目店,その他スーパー,35.6739876,139.777369
中央区,築地4丁目,-,東京都中央区築地4-10-15,株式会社北島商店,その他スーパー,35.6654902,139.7702199
中央区,勝どき1丁目,-,東京都中央区勝どき1-7-1,文化堂 勝どき店,その他スーパー,35.6599569,139.7775887
中央区,入船1丁目,-,東京都中央区入船1-4-10 ミニピアゴ入船1丁目店,スーパーマーケット リコス 入船1丁目店,その他スーパー,35.672526,139.7769896
中央区,新川2丁目,-,東京都中央区新川2-22-4,万英プロデュース 新川店,コープ,35.674104,139.7821822
中央区,勝どき1丁目,-,東京都中央区勝どき1-8-1,SUPER MARKET FUJI(スーパーマーケットフジ) デリド勝どき駅前店,その他スーパー,35.6597373,139.7765754
中央区,月島2丁目,-,東京都中央区月島2丁目10-2,文化堂月島店,その他スーパー,35.6636204,139.7843184
中央区,築地7丁目,-,東京都中央区築地7-6-5,ニューみ乃り屋,その他スーパー,35.6656526,139.7739292
中央区,日本橋2丁目,日八京,東京都中央区日本橋2-5-1 日本橋高島屋S.C.新館 B1F,Bio c Bon(ビオ セ ボン) 日本橋高島屋S.C.店,その他スーパー,35.68128,139.7737877
中央区,月島1丁目,-,東京都中央区月島1-27-9,フジマート 月島店,その他スーパー,35.6631812,139.7820324
中央区,勝どき3丁目,-,東京都中央区勝どき3-5-5,東武ストア 勝どき店,その他スーパー,35.6587626,139.7759511
中央区,日本橋2丁目,日八京,東京都中央区日本橋2-4-1 高島屋日本橋店 B1F,明治屋 日本橋ストアー,その他スーパー,35.6808012,139.7735107
中央区,京橋2丁目,日八京,東京都中央区京橋2-2-8,明治屋 京橋ストアー,その他スーパー,35.6773676,139.7701432
中央区,日本橋2丁目,日八京,東京都中央区日本橋2-5-1 日本橋高島屋S.C.店 1F,紀ノ國屋アントレ 日本橋高島屋S.C.店,その他スーパー,35.6808012,139.7735107
中央区,日本橋本町3丁目,日八京,東京都中央区日本橋本町3-4-7 大三新日本橋ビル,肉のハナマサ 新日本橋店,その他スーパー,35.6890489,139.7750724
中央区,晴海3丁目,-,東京都中央区晴海3-9-1,東武ストア 晴海三丁目店,その他スーパー,35.6543679,139.7797085
中央区,豊海町3丁目,-,東京都中央区豊海町12-12,株式会社ホウスイ 豊海第一冷蔵庫,社会関連,35.6521724,139.77016
中央区,豊海町3丁目,-,東京都中央区豊海町3-16,クイーンズ伊勢丹お客さま相談担当,その他スーパー,35.6530864,139.7709188
中央区,日本橋横山町4丁目,-,東京都中央区日本橋横山町4-7,フレスコベンガベンガ日本橋横山町店,その他スーパー,35.6917914,139.7822521
港区,南麻布4丁目,-,東京都港区南麻布4-11-22 南麻布T&Fビル,肉のハナマサ 南麻布店,その他スーパー,35.6471568,139.728206
港区,東麻布2丁目,-,東京都港区東麻布2-32-13,日進ワールドデリカテッセン,その他スーパー,35.6560562,139.7399289
港区,港南4丁目,-,東京都港区港南4-6-7,マルエツ 港南ワールドシティ店,その他スーパー,35.6277276,139.7505302
港区,赤坂2丁目,赤坂,東京都港区赤坂2-15-18-1F,ファミリーデパート 吉池 食品専門店,その他スーパー,35.6717105,139.7383908
港区,三田5丁目,-,東京都港区三田5-11-12,サミットストア 三田店,その他スーパー,35.6458712,139.7384394
港区,白金台3丁目,-,東京都港区白金台3-16-8,いなげや 白金台店,その他スーパー,35.636135,139.7230929
港区,北青山3丁目,-,東京都港区北青山3-11-7 AoビルB1F,KINOKUNIYA INTERNATIONAL(紀ノ国屋インターナショナル),その他スーパー,35.6638119,139.7106551
港区,六本木7丁目,六本木,東京都港区六本木7-15-14 塩業会館ビル 1F,明治屋六本木ストアー,その他スーパー,35.6624995,139.7297974
港区,麻布十番2丁目,-,東京都港区麻布十番2-9-2,Bio c' Bon(ビオ セ ボン) 麻布十番店,その他スーパー,35.6550314,139.7344271
港区,白金1丁目,-,東京都港区白金1-17-2,クイーンズ伊勢丹白金高輪店,その他スーパー,35.6443931,139.7339013
港区,芝浦3丁目,-,東京都港区芝浦3-1-21 msb Tamachi 田町ステーションタワーS棟 1階,ライフ ムスブ田町店,その他スーパー,35.6450558,139.7492755
港区,白金1丁目,-,東京都港区白金1丁目2番1号,リンコス 白金ザ・スカイ店,その他スーパー,35.6461468,139.7352462
港区,芝浦4丁目,-,東京都港区芝浦4-22-2 芝浦アイランド,ピーコックストア 芝浦アイランド店,その他スーパー,35.6413002,139.7522005
港区,芝5丁目,-,東京都港区芝5丁目36-4,オーケー 札の辻店,その他スーパー,35.6451419,139.7448066
港区,六本木,-,東京都港区六本木6 六本木ヒルズけやき坂通り内,信濃屋 六本木ヒルズ店,その他スーパー,35.6602384,139.7300767
港区,赤坂1丁目,虎ノ門,東京都港区赤坂1-12-32 アーク森ビル1F,成城石井 赤坂アークヒルズ店,その他スーパー,35.6671134,139.740135
港区,麻布十番2丁目,-,東京都港区麻布十番2-5-9,ダイエー麻布十番店,ダイエー,35.6562104,139.7338102
港区,赤坂2丁目,赤坂,東京都港区赤坂2-12-32 ミリアレジデンス赤坂,肉のハナマサ 赤坂店,その他スーパー,35.6716831,139.7394564
港区,赤坂5丁目,赤坂,東京都港区赤坂5-3-1 赤坂Bizタワー,マルエツ プチ 赤坂Bizタワー店,その他スーパー,35.673049,139.7362794
港区,台場2丁目,-,東京都港区台場2-2-1,オーケー お台場店,その他スーパー,35.6302595,139.780145
港区,赤坂3丁目,赤坂,東京都港区赤坂3-16-11東海赤坂ビル,まいばすけっと 赤坂3丁目店,その他スーパー,35.6749413,139.7369602
港区,西麻布4丁目,-,東京都港区西麻布4-15-2 レジディア西麻布1F,成城石井 西麻布店,その他スーパー,35.6591378,139.72107
港区,港南4丁目,-,東京都港区港南4-2-5,マルエツ プチ 港南シティタワー店,その他スーパー,35.6309514,139.7480339
港区,高輪1丁目,-,東京都港区高輪1-27-37,リンコス 高輪店,その他スーパー,35.6361934,139.7319127
港区,銀座8丁目,-,東京都中央区銀座8-10先,肉のハナマサ 銀座店,その他スーパー,35.667122,139.7618936
港区,麻布十番3丁目,-,東京都港区麻布十番3丁目9-5,ナニワヤ,その他スーパー,35.6527052,139.7341278
港区,白金台4丁目,-,東京都港区白金台4-7-8KDXレジデンス白金1,マルエツ プチ 白金台店,その他スーパー,35.6379542,139.7258165
港区,白金1丁目,-,東京都港区白金1丁目2-1,リンコス白金ザ・スカイ店,その他スーパー,35.6461468,139.7352462
港区,東麻布2丁目,-,東京都港区東麻布2-22-5 ベルス麻布,まいばすけっと 東麻布2丁目店,その他スーパー,35.6565968,139.7406617
港区,麻布十番2丁目,-,東京都港区麻布十番2-2-10 麻布十番スクエア1F,成城石井 麻布十番店,その他スーパー,35.6555133,139.735585
港区,北青山3丁目,-,東京都港区北青山3-6-12 地下鉄表参道駅 改札内,OMO KINOKUNIYA(オモ キノクニヤ) エチカ表参道店,その他スーパー,35.6652511,139.7120921
港区,高輪1丁目,-,東京都港区高輪1-5-1,ピーコックストア 高輪魚籃坂店,その他スーパー,35.6434815,139.736235
港区,新橋5丁目,虎ノ門広域,東京都港区新橋5-15-5 交通ビル,まいばすけっと 新橋5丁目店,その他スーパー,35.6621014,139.7558298
港区,芝5丁目,-,東京都港区芝5-16-2 VORT三田,まいばすけっと 芝5丁目店,その他スーパー,35.648697,139.746003
港区,西麻布3丁目,-,東京都港区西麻布3-3-23 フィルドア西麻布,まいばすけっと 西麻布3丁目店,その他スーパー,35.6582534,139.727085
港区,南麻布2丁目,-,東京都港区南麻布2-11-10 OJビル,まいばすけっと 南麻布古川橋店,その他スーパー,35.6476839,139.7357842
港区,海岸1丁目,-,東京都港区海岸1-10-30 アトレ竹芝タワー棟1F,Bio c' Bon(ビオセボン) アトレ竹芝店,その他スーパー,35.6561616,139.762821
港区,六本木3丁目,六本木,東京都港区六本木3丁目7-1,Olympic六本木店,その他スーパー,35.6638952,139.734785
港区,六本木6丁目,六本木,東京都港区六本木6-2-31 六本木ヒルズノースタワー B1F,成城石井 六本木ヒルズ店,その他スーパー,35.661928,139.7301249
港区,南青山2丁目,-,東京都港区南青山2-27-25 ヒューリック南青山ビル1F,成城石井 南青山店,その他スーパー,35.6694095,139.7165157
港区,北青山2丁目,-,東京都港区北青山2-13-5 青山サンクレストビル 1F,ヴィル マルシェ 青山店,その他スーパー,35.6699713,139.71607
港区,芝4丁目,-,東京都港区芝4-10-3住友生命三田ビル,まいばすけっと 芝4丁目店,その他スーパー,35.6483072,139.7518317
港区,東麻布1丁目,-,東京都港区東麻布1-8-1 東麻布ISビル,まいばすけっと 東麻布1丁目店,その他スーパー,35.6570549,139.7430489
港区,台場1丁目,-,東京都港区台場1-1-3 都営台場1丁目アパート内,まいばすけっと 台場1丁目店,その他スーパー,35.6321576,139.7783889
港区,芝浦1丁目,-,東京都港区芝浦1-7-14 岡家寿ビル,まいばすけっと 芝浦1丁目店,その他スーパー,35.6480722,139.7542523
港区,虎ノ門3丁目,虎ノ門,東京都港区虎ノ門3-21-5 愛宕グリーンヒルズプラザ1F,成城石井 愛宕グリーンヒルズ店,その他スーパー,35.6621262,139.7475778
港区,赤坂5丁目,赤坂,東京都港区赤坂5-3-1 赤坂BizタワーB1F,成城石井 赤坂Bizタワー店,その他スーパー,35.673049,139.7362794
港区,東麻布2丁目,-,東京都港区東麻布2-29-1 コンフォリア麻布EAST 1F,成城石井 東麻布店,その他スーパー,35.655961,139.7419312
港区,海岸3丁目,-,東京都港区海岸3-2-15 パークフラッツ芝浦,まいばすけっと 海岸3丁目店,その他スーパー,35.6433245,139.7550657
港区,芝2丁目,-,東京都港区芝2-12-16 Ocean 1st,まいばすけっと 芝2丁目店,その他スーパー,35.6516455,139.7526933
港区,浜松町1丁目,-,東京都港区浜松町1-2-17ストークベル浜松町,まいばすけっと 浜松町1丁目店,その他スーパー,35.6597702,139.7559042
港区,白金6丁目,-,東京都港区白金6-21-8東幸ビル第1,まいばすけっと 白金6丁目店,その他スーパー,35.643903,139.7217561
港区,三田2丁目,-,東京都港区三田2-11-15 三田川崎ビル,まいばすけっと 三田2丁目店,その他スーパー,35.6503018,139.7445112
港区,南青山1丁目,-,東京都港区南青山1-3-2 青山1丁目タワー1階,まいばすけっと 青山一丁目店,その他スーパー,35.6716005,139.7255792
港区,西麻布3丁目,-,東京都港区西麻布3丁目13-14 LA・RES,まいばすけっと 西麻布店,その他スーパー,35.6570443,139.7240834
港区,芝浦3丁目,-,東京都港区芝浦3-14-19 相鉄フレッサイン東京田町ANNEX,まいばすけっと 芝浦3丁目店,その他スーパー,35.6427198,139.7478528
港区,虎ノ門3丁目,虎ノ門,東京都港区虎ノ門3-25-2虎ノ門ESビル,まいばすけっと 虎ノ門3丁目店,その他スーパー,35.662552,139.7458433
港区,六本木1丁目,虎ノ門,東京都港区六本木1-7-10パークコート六本木ヒルトップ,まいばすけっと 六本木1丁目店,その他スーパー,35.6638359,139.7401299
港区,芝大門2丁目,-,東京都港区芝大門2-12-10T&G浜松町ビル,まいばすけっと 芝大門2丁目店,その他スーパー,-,-
港区,台場1丁目,-,東京都港区台場1-5-3,マルエツ お台場店,その他スーパー,35.629781,139.7777409
港区,六本木1丁目,虎ノ門,東京都港区六本木1-4-5 アークヒルズサウスタワー B1F アークキッチン内,福島屋 六本木店,その他スーパー,35.6657028,139.7393806
港区,新橋5丁目,虎ノ門広域,東京都港区新橋5-1-9,マルエツプチ 新橋五丁目店,その他スーパー,35.6643418,139.7532325
港区,芝浦3丁目,-,東京都港区芝浦3-15-9 株式会社ジャパンミート芝浦ビル,肉のハナマサ 芝浦店,その他スーパー,35.6421781,139.7479991
港区,海岸1丁目,-,東京都港区海岸1-1-1,マルエツ プチ 汐留シオサイト店,その他スーパー,35.6581636,139.7587746
港区,三田2丁目,-,東京都港区三田2-14-5,マルエツ プチ 三田二丁目店,その他スーパー,35.6489894,139.7444062
港区,東麻布1丁目,-,東京都港区東麻布1-9-15 東麻布1丁目ビル,マルエツ プチ 東麻布店,その他スーパー,35.6576443,139.7441698
港区,芝4丁目,-,東京都港区芝4-16-2 カテリーナ三田イーストアーク101,マルエツ プチ 芝四丁目店,その他スーパー,35.6477001,139.7510332
港区,虎ノ門4丁目,虎ノ門,東京都港区虎ノ門4-1-17 神谷町プライムプレイスB1F,マルエツ プチ 城山ヒルズ店,その他スーパー,35.6648908,139.7441281
港区,白金台5丁目,-,東京都港区白金台5-2-25,マルエツ プチ 白金台プラチナ通り店,その他スーパー,35.6426316,139.7209231
港区,芝2丁目,-,東京都港区芝2-15-13,マルエツ プチ 芝二丁目店,その他スーパー,35.6507701,139.7526502
港区,新橋5丁目,虎ノ門広域,東京都港区新橋5-1-9,マルエツ プチ 新橋五丁目店,その他スーパー,35.6643418,139.7532325
港区,浜松町2丁目,-,東京都港区浜松町2-9-6,マルエツ プチ 浜松町二丁目店,その他スーパー,35.6539109,139.756387
港区,浜松町1丁目,-,東京都港区浜松町1丁目3-1 浜離宮 ザ タワー,マルエツ プチ 浜松町一丁目店,その他スーパー,35.6593467,139.757489
港区,南青山7丁目,-,東京都港区南青山7丁目4番19号,マルエツ プチ 南青山七丁目店,その他スーパー,35.6582163,139.7152495
港区,虎ノ門1丁目,虎ノ門,東京都港区虎ノ門1-17-1 虎ノ門ヒルズ・ビジネスタワーB1F,福島屋 虎ノ門ヒルズ ビジネスタワー店,その他スーパー,35.6678347,139.7500377
港区,新橋5丁目,虎ノ門広域,東京都港区新橋5丁目8-3,全日食チェーンしろいち,その他スーパー,35.6637076,139.7553452
港区,南青山7丁目,-,東京都港区南青山7-3-1,東食品株式会社,社会関連,35.6587921,139.715691
港区,六本木5丁目,六本木,東京都港区六本木5-16-52,有限会社平正商店 六本木支店,その他スーパー,35.6616225,139.7352478
港区,浜松町1丁目,-,東京都港区浜松町1-27-1,フォトエコー,社会関連,35.6576824,139.7551627
港区,南青山5丁目,-,東京都港区南青山5-11-9 レキシントン青山1F,Bio c' Bon(ビオセボン) 骨董通り店,その他スーパー,35.6618985,139.7125227
港区,高輪3丁目,-,東京都港区高輪3-26-27,東急ストア フードステーションミニエキュート品川,その他スーパー,35.6285405,139.7380593
港区,西新橋2丁目,虎ノ門,東京都港区西新橋2-23-1 第3東洋海事ビル,肉のハナマサ 西新橋店,その他スーパー,35.6655375,139.7531093
港区,新橋,-,東京都港区新橋2 東口地下街1 ウィング新橋 B1F,もとまちユニオン ウィング新橋店,その他スーパー,35.6663291,139.7591275
港区,三田4丁目,-,東京都港区三田4-9-7 コンフォリア三田伊皿子坂 1F,ピーコックストア 三田伊皿子店,その他スーパー,35.6414329,139.7378198
港区,高輪4丁目,-,東京都港区高輪4丁目11-16,京急ストア高輪店,その他スーパー,35.6268146,139.7373153
港区,北青山3丁目,-,東京都港区北青山3丁目6-12,KINOKUNIYA entreeエチカ表参道店,その他スーパー,35.6650459,139.7118407
港区,元麻布1丁目,-,東京都港区元麻布1丁目1-11,メトロマーケット,その他スーパー,35.655425,139.7327708
新宿区,新宿7丁目,-,東京都新宿区新宿7-26-38,三徳 新宿本店,その他スーパー,35.7006355,139.7090479
新宿区,余丁町6丁目,-,東京都新宿区余丁町6-15,業務スーパー 東新宿店,その他スーパー,35.6968464,139.7133569
新宿区,西新宿1丁目,-,東京都新宿区西新宿1-1-5 ルミネ新宿店 ルミネ1 B2F,成城石井 ルミネ新宿ルミネ1店,その他スーパー,35.689145,139.699274
新宿区,大久保3丁目,-,東京都新宿区大久保3-10-1,マルエツ オレンジコート店,その他スーパー,35.708575,139.7051178
新宿区,下落合4丁目,-,東京都新宿区下落合4-21-18,オーケー 下落合店,その他スーパー,35.721715,139.6967613
新宿区,神楽河岸1丁目,-,東京都新宿区神楽河岸1-1 RAMLA(飯田橋ラムラ)内,Miuraya(ミウラヤ) 飯田橋ラムラ店,その他スーパー,35.7006268,139.7437103
新宿区,新宿6丁目,-,東京都新宿区新宿6-27-29,マルエツ 新宿六丁目店,その他スーパー,35.6959019,139.7082946
新宿区,北新宿4丁目,-,東京都新宿区北新宿4-8-16,いなげや 新宿小滝橋店,その他スーパー,35.7093825,139.6934483
新宿区,若松町10丁目,-,東京都新宿区若松町28-5,ライフ 若松河田駅前店,その他スーパー,35.6997947,139.7188232
新宿区,新小川町4丁目,-,東京都新宿区新小川町4-11,いなげや 飯田橋店,その他スーパー,35.7057556,139.74275
新宿区,富久町8丁目,-,東京都新宿区富久町17-2,ヨークフーズ 新宿富久店,その他スーパー,35.6926179,139.7131374
新宿区,-,-,東京都 新宿区西新宿5-1-1-101,イオンフードスタイル西新宿店,ダイエー,35.6957504,139.6877075
新宿区,水道町,-,東京都新宿区水道町4番13号,マルエツ 江戸川橋店,その他スーパー,35.7083953,139.736343
新宿区,高田馬場2丁目,-,東京都新宿区高田馬場2-13-2 プライムゲート1F,成城石井 高田馬場店,その他スーパー,35.712286,139.7075375
新宿区,大久保1丁目,-,東京都新宿区大久保1-10-15 レックスマンション,肉のハナマサ 大久保店,その他スーパー,35.7009587,139.7045
新宿区,高田馬場3丁目,-,東京都新宿区高田馬場3-12-10,オオゼキ 高田馬場店,その他スーパー,35.7126636,139.7001618
新宿区,上落合3丁目,-,東京都新宿区上落合3丁目5-16,スーパーみらべる中井店,その他スーパー,35.712478,139.685195
新宿区,西新宿8丁目,-,東京都新宿区西新宿8-5-10 新宿グロウビル,まいばすけっと 西新宿8丁目店,その他スーパー,35.6952962,139.6929522
新宿区,百人町2丁目,-,東京都新宿区百人町2-1-2,チョンガーネ,その他スーパー,35.7016135,139.7020267
新宿区,西落合2丁目,-,東京都新宿区西落合2-7-16 プルミエ,まいばすけっと 西落合2丁目店,その他スーパー,35.7203143,139.6783561
新宿区,市谷薬王寺町八零丁目,-,東京都新宿区市谷薬王寺町80-1,ライフ 市谷薬王寺店,その他スーパー,35.6960875,139.7262855
新宿区,下落合3丁目,-,東京都新宿区下落合3-14-21,ピーコックストア 目白店,その他スーパー,35.7220587,139.700112
新宿区,百人町2丁目,-,東京都新宿区百人町2-11-25 新戸山ビル,まいばすけっと 新大久保駅前店,その他スーパー,35.7018212,139.6991546
新宿区,四谷3丁目,-,東京都新宿区四谷3-5,Bio c' Bon(ビオ セボン) 四谷三丁目店,その他スーパー,35.6878916,139.7217038
新宿区,住吉町3丁目,-,東京都新宿区住吉町3-17 グランリドー,まいばすけっと 新宿住吉町店,その他スーパー,35.6920675,139.7196991
新宿区,早稲田町,-,東京都新宿区早稲田町74,ヨークフーズ 早稲田店,その他スーパー,35.70589,139.7219956
新宿区,百人町2丁目,-,東京都新宿区百人町2-15-1,業務スーパー 新宿大久保店,その他スーパー,35.7019022,139.6986846
新宿区,北新宿4丁目,-,東京都新宿区北新宿4-8-18ライオンズマンション北新宿,まいばすけっと 北新宿4丁目店,その他スーパー,35.709276,139.6938073
新宿区,東五軒町6丁目,-,東京都新宿区東五軒町6-31 ライオンズマンション飯田橋,まいばすけっと 東五軒町店,その他スーパー,35.7080688,139.7404144
新宿区,西早稲田1丁目,-,東京都新宿区西早稲田1-9-22 ワセダハウス,まいばすけっと 西早稲田1丁目店,その他スーパー,35.7111358,139.7205989
新宿区,四谷4丁目,-,東京都新宿区四谷4-1-1細井ビル,まいばすけっと 四谷4丁目店,その他スーパー,35.6874401,139.7182863
新宿区,市谷薬王寺町,-,東京都新宿区市谷薬王寺町59 レジディア市谷薬王寺,まいばすけっと 市谷薬王寺町店,その他スーパー,35.6960477,139.7254274
新宿区,北新宿1丁目,-,東京都新宿区北新宿1-20-13 アーバネックス西新宿,まいばすけっと 北新宿税務署通り店,その他スーパー,35.6973159,139.6925384
新宿区,原町3丁目,-,東京都新宿区原町3-30 タカビル,まいばすけっと 新宿原町3丁目店,その他スーパー,35.7001004,139.721816
新宿区,下落合3丁目,-,東京都新宿区下落合3-19-2 フイユ・ドール目白,まいばすけっと 目白駅西店,その他スーパー,35.7230214,139.7034428
新宿区,天神町,-,東京都新宿区天神町14神楽坂藤井ビル,まいばすけっと 神楽坂駅西店,その他スーパー,35.7044768,139.7320501
新宿区,西五軒町8丁目,-,東京都新宿区西五軒町8-8 サンセール神楽坂,まいばすけっと 西五軒町店,その他スーパー,35.7071834,139.7371389
新宿区,市ヶ谷甲良町2丁目,-,東京都新宿区市ヶ谷甲良町2-17,まいばすけっと 牛込柳町駅東店,その他スーパー,35.6992616,139.7283913
新宿区,新宿5丁目,-,東京都新宿区新宿5-11-22 中島ビル,まいばすけっと 新宿5丁目店,その他スーパー,35.6932329,139.7079309
新宿区,大久保2丁目,-,東京都新宿区大久保2-6-10 新宿第2アルプスマンション,まいばすけっと 東新宿駅北店,その他スーパー,35.7016921,139.7079309
新宿区,住吉町5丁目,-,東京都新宿区住吉町5-5 寿光ビル,まいばすけっと 曙橋駅前店,その他スーパー,35.693305,139.7209181
新宿区,百人町2丁目,-,東京都新宿区百人町2-27-7 ハンドレッドサーカスイーストタワー1階,まいばすけっと 大久保店,その他スーパー,35.7023334,139.6955248
新宿区,早稲田鶴巻町,-,東京都新宿区早稲田鶴巻町564 ハウゼタカスギ,まいばすけっと 早稲田鶴巻町店,その他スーパー,35.7090898,139.7262096
新宿区,西早稲田3丁目,-,東京都新宿区西早稲田3-20-2 sola西早稲田,まいばすけっと 西早稲田3丁目店,その他スーパー,35.7111418,139.7117809
新宿区,細工町3丁目,-,東京都新宿区細工町3-15 石黒ビル,まいばすけっと 牛込神楽坂駅西店,その他スーパー,35.6995259,139.7329304
新宿区,北新宿2丁目,-,東京都新宿区北新宿2-2-24,まいばすけっと 北新宿2丁目店,その他スーパー,35.697718,139.6905292
新宿区,西落合2丁目,-,東京都新宿区西落合2-20-6,まいばすけっと 新井薬師前駅北店,その他スーパー,35.7201244,139.6747674
新宿区,四谷4丁目,-,東京都新宿区四谷4-28-8PALTビル,まいばすけっと 新宿外苑西通り店,その他スーパー,35.6884674,139.7152779
新宿区,高田馬場1丁目,-,東京都新宿区高田馬場1-2-15 早稲田永谷マンション1階,まいばすけっと 西早稲田駅前店,その他スーパー,35.7095562,139.7091277
新宿区,百人町2丁目,-,東京都新宿区百人町2-6-7ライズ高踏園,まいばすけっと 百人町文化通り店,その他スーパー,35.7040545,139.7002087
新宿区,山吹町,-,東京都新宿区山吹町333 江戸川橋アクセス,まいばすけっと 山吹町店,その他スーパー,35.70761,139.7302963
新宿区,北新宿1丁目,-,東京都新宿区北新宿1-1-10 岩田ビル,まいばすけっと 北新宿1丁目店,その他スーパー,35.6984519,139.6967015
新宿区,四谷三栄町6丁目,-,東京都新宿区四谷三栄町15-5 アークランド四ツ谷ビル,まいばすけっと 新宿三栄町店,その他スーパー,35.69903,139.7648086
新宿区,百人町3丁目,-,東京都新宿区百人町3-21-11 グリーンコープ,まいばすけっと 新宿百人町3丁目店,その他スーパー,35.7052338,139.6999325
新宿区,歌舞伎町2丁目,-,東京都新宿区歌舞伎町2-2-15ヒルコート東新宿,まいばすけっと 東新宿駅南店,その他スーパー,35.6962969,139.7068138
新宿区,富久町9丁目,-,東京都新宿区富久町9-11ハイホーム本陣,まいばすけっと 新宿富久町店,その他スーパー,35.691146,139.7153722
新宿区,上落合3丁目,-,東京都新宿区上落合3-10-1宮越マンション,まいばすけっと 落合駅前店,その他スーパー,35.7103316,139.6835999
新宿区,西早稲田3丁目,-,東京都新宿区西早稲田3-6-4パークフラッツ西早稲田,まいばすけっと 面影橋駅東店,その他スーパー,35.7126298,139.7168308
新宿区,西新宿7丁目,-,東京都新宿区西新宿7-22-38グランヒルズ西新宿,まいばすけっと 西新宿7丁目店,その他スーパー,35.6961289,139.6961829
新宿区,百人町2丁目,-,東京都新宿区百人町2-26-9NCスクエア新宿,まいばすけっと 新宿百人町2丁目店,その他スーパー,35.7043355,139.6952456
新宿区,四谷1丁目,-,東京都新宿区四谷1-6-1 地下1階,ライフ コモレ四谷店,その他スーパー,35.6874753,139.7291073
新宿区,東榎町一零丁目,-,東京都新宿区東榎町10-3,業務スーパー 新宿榎店,その他スーパー,35.7050807,139.7293983
新宿区,四谷1丁目,-,東京都新宿区四谷1-5-25 アトレ四谷1F,成城石井 アトレ四谷店,その他スーパー,35.6861981,139.7301684
新宿区,西新宿3丁目,-,東京都新宿区西新宿3-13-11,マルエツ プチ 西新宿三丁目店,その他スーパー,35.6851464,139.6879867
新宿区,荒木町1丁目,-,東京都新宿区荒木町1-11LA GRACIA四谷,まいばすけっと 四谷三丁目駅東店,その他スーパー,35.6853727,139.7287997
新宿区,新宿1丁目,-,東京都新宿区新宿1-36-12サンカテリーナ,まいばすけっと 新宿1丁目店,その他スーパー,35.6908494,139.710564
新宿区,西落合1丁目,-,東京都新宿区西落合1-1-1,まいばすけっと 西落合1丁目店,その他スーパー,35.7211049,139.6859328
新宿区,荒木町5丁目,-,東京都新宿区荒木町23-4,ダイエー四谷荒木町店,ダイエー,35.6918574,139.7219557
新宿区,新宿3丁目,-,東京都新宿区新宿3-30-13新宿マルイ本館地下1階,ライフ ビオラル新宿マルイ店,その他スーパー,35.6909029,139.7040704
新宿区,新宿3丁目,-,東京都新宿区新宿3-38-2 ルミネ新宿店 ルミネ2 1F,成城石井 ルミネ新宿ルミネ2店,その他スーパー,35.6894787,139.7010276
新宿区,西新宿3丁目,-,東京都新宿区西新宿3-20-2 東京オペラシティタワー B1F,成城石井 オペラシティ店,その他スーパー,35.682955,139.6867214
新宿区,高田馬場3丁目,-,東京都新宿区高田馬場3-23-1,マルエツ プチ 高田馬場店,その他スーパー,35.7123158,139.6985164
新宿区,揚場町2丁目,-,東京都新宿区揚場町2-20島田ビル,マルエツ プチ 飯田橋店,その他スーパー,35.7026948,139.7431487
新宿区,西新宿6丁目,-,東京都新宿区西新宿6-15-1,マルエツ プチ 西新宿六丁目店,その他スーパー,35.6922622,139.6886234
新宿区,中落合1丁目,-,東京都新宿区中落合1-6-13,マルエツ プチ 中落合一丁目店,その他スーパー,35.7166731,139.6904594
新宿区,四谷3丁目,-,東京都新宿区四谷3-12,丸正総本店,その他スーパー,35.6875501,139.7196213
新宿区,原町1丁目,-,東京都新宿区原町1-16-8,よしや SainE(セーヌ) 柳町店,その他スーパー,35.699025,139.7257823
新宿区,神楽坂6丁目,-,東京都新宿区神楽坂6-11-1,よしや 神楽坂店,その他スーパー,35.703019,139.7373009
新宿区,西早稲田3丁目,-,東京都新宿区西早稲田3-12-15,三徳西早稲田店,その他スーパー,35.7099483,139.7154117
新宿区,住吉町6丁目,-,東京都新宿区住吉町6-11,三徳住吉店,その他スーパー,35.6927634,139.7215831
新宿区,河田町3丁目,-,東京都新宿区河田町3-31,三徳?河田店,その他スーパー,35.696125,139.7217362
新宿区,馬場下,-,東京都新宿区馬場下60,三徳早稲田店,その他スーパー,35.7061254,139.720919
新宿区,中落合1丁目,-,東京都新宿区中落合1-1-25,マルエツ プチ 下落合駅前店,その他スーパー,35.7166951,139.6943633
新宿区,中井2丁目,-,東京都新宿区中井2-24-13,コープみらい ミニコープ落合店,コープ,35.7152594,139.6826229
新宿区,富久町4丁目,-,東京都新宿区富久町13-1,コープみらい ミニコープ富久店,コープ,35.692382,139.7147154
新宿区,四谷2丁目,-,東京都新宿区四谷2-1-1,マルエツ プチ 四谷二丁目店,その他スーパー,35.6863668,139.7269439
新宿区,新宿2丁目,-,東京都新宿区新宿2-3-10 新宿御苑ビル 1F,クック-Y 新宿店,その他スーパー,35.6893319,139.7076615
新宿区,市谷八幡町2丁目,-,東京都新宿区市谷八幡町2-1,マルエツ 市ケ谷見附店,その他スーパー,35.6923245,139.7348972
新宿区,西落合1丁目,-,東京都新宿区西落合1-19-7,ヨークフーズ with(ウィズ) ザ・ガーデン自由が丘 西落合店,その他スーパー,35.7205504,139.6809798
新宿区,西新宿3丁目,-,東京都新宿区西新宿3-20-2 東京オペラシティ地下1階,わくわく広場 東京オペラシティ店,その他スーパー,35.6829969,139.6868301
新宿区,百人町1丁目,-,東京都新宿区百人町1-11-1,mini(ミニ)ピアゴ 百人町1丁目店,その他スーパー,35.6998475,139.6995331
新宿区,箪笥町2丁目,-,東京都新宿区箪笥町11-1,キッチンコート 神楽坂店,その他スーパー,35.7007426,139.7346666
新宿区,新宿3丁目,-,東京都新宿区新宿3-22-12,三平ストア 新宿店,その他スーパー,35.6931623,139.7018671
新宿区,戸山2丁目,-,東京都新宿区戸山2-33-2,コープみらい コープ戸山店,コープ,35.7011979,139.7090474
新宿区,市ヶ谷船河原町,-,東京都新宿区市ヶ谷船河原町1 市ヶ谷エスワンビル,肉のハナマサ 市ヶ谷店,その他スーパー,35.6972398,139.7396959
新宿区,早稲田町,-,東京都新宿区早稲田町74,イトーヨーカドー 食品館早稲田店,イトーヨーカドー,35.70589,139.7219956
新宿区,新宿3丁目,-,東京都新宿区新宿3-38-2 ルミネ新宿・ルミネ2内,KINOKUNIYA entree(キノクニヤ アントレ) コンコースショップ ルミネ新宿店,その他スーパー,35.6894787,139.7010276
新宿区,西新宿7丁目,-,東京都新宿区西新宿7-7-19,オリンピック 新宿百人町店,その他スーパー,35.6974781,139.6966416
新宿区,歌舞伎町2丁目,-,東京都新宿区歌舞伎町2-21-3,株式会社塩田屋酒の塩田屋 新宿本店,コープ,35.696359,139.7041605
新宿区,高田馬場1丁目,-,東京都新宿区高田馬場1-28-7,ピーコックストア 高田馬場店,その他スーパー,35.7118783,139.7047394
新宿区,北新宿2丁目,-,東京都新宿区北新宿2-21-1 新宿フロントタワー 1F,もとまちユニオン 新宿店,その他スーパー,35.6961562,139.6894173
新宿区,北新宿3丁目,-,東京都新宿区北新宿3-9-4,Olympic(オリンピック) 北新宿店,その他スーパー,35.702106,139.6923738
新宿区,細工町1丁目,-,東京都新宿区細工町1-16 村田ビル 1F,食品スーパーマーケット三徳 牛込神楽坂店,その他スーパー,35.6990011,139.7334094
新宿区,原町3丁目,-,東京都新宿区原町3-61,三徳 夏目坂店,その他スーパー,35.7015045,139.7218758
新宿区,歌舞伎町2丁目,-,東京都新宿区歌舞伎町2-45-12 タケダビル,有限会社平正商店 新宿支店,その他スーパー,35.6971309,139.7006604
新宿区,富久町4丁目,-,東京都新宿区富久町13-1,コープみらい 富久店,各種団体/施設,35.692382,139.7147154
新宿区,大久保1丁目,-,東京都新宿区大久保1丁目11-3,業務用スーパーSHIODAYA新宿店,その他スーパー,35.6985639,139.7039814
新宿区,中井2丁目,-,東京都新宿区中井2-24-13,コープみらい 落合店,各種団体/施設,35.7152594,139.6826229
新宿区,戸山2丁目,-,東京都新宿区戸山2丁目33-2,コープみらい 戸山店,各種団体/施設,35.7011979,139.7090474
新宿区,西落合1丁目,-,東京都新宿区西落合1-19-7,ヨークフーズ With(ウィズ) ザ・ガーデン自由が丘 西落合店,その他スーパー,35.7205504,139.6809798
新宿区,細工町1丁目,-,東京都新宿区細工町1-16,Santoku牛込神楽坂店,その他スーパー,35.6990011,139.7334094
新宿区,左門町9丁目,-,東京都新宿区左門町9-5,MARUSHO総本店,その他スーパー,35.6864042,139.7214963
新宿区,新宿3丁目,-,東京都新宿区新宿3丁目22-12,三平ストア本部,その他スーパー,35.6931623,139.7018671
新宿区,百人町1丁目,-,東京都新宿区百人町1丁目20-5,グローバル-バザール,その他スーパー,35.7003938,139.6961829
江東区,南砂6丁目,-,東京都江東区南砂6-7-15,AEON STYLE(イオン スタイル) 南砂店,イオン,35.6716382,139.8360125
江東区,東雲1丁目,-,東京都江東区東雲1-9-10,イオン 東雲店,イオン,35.6488908,139.8021181
江東区,有明2丁目,-,東京都江東区有明2-1-8 住友不動産ショッピングシティ有明ガーデン内,AEON STYLE(イオンスタイル) 有明ガーデン,イオン,35.6381134,139.7924937
江東区,-,-,東京都 東京都江東区豊洲5-1-6,ダイエー豊洲店,ダイエー,35.6510195,139.7930694
江東区,-,-,東京都 江東区大島7-38-30,ダイエー東大島店,ダイエー,35.6908752,139.8426498
江東区,北砂2丁目,-,東京都江東区北砂2-17-1 アリオ北砂内,イトーヨーカドー アリオ北砂店,イトーヨーカドー,35.6824348,139.8258063
江東区,東陽4丁目,-,東京都江東区東陽4-12-30,西友 東陽町店,西友,35.6725728,139.8191428
江東区,木場1丁目,-,東京都江東区木場1-5-30,イトーヨーカドー 木場店,イトーヨーカドー,35.665535,139.8048473
江東区,門前仲町2丁目,-,東京都江東区門前仲町2-10-1,赤札堂 深川店,その他スーパー,35.6734883,139.7959648
江東区,石島,-,東京都江東区石島13番11号,業務スーパー 石島店,その他スーパー,35.6807295,139.8134274
江東区,豊洲4丁目,-,東京都江東区豊洲4-11-6,ライフ 豊洲店,その他スーパー,35.6519756,139.7999604
江東区,猿江2丁目,-,東京都江東区猿江2-16-8,ライフ 深川猿江店,その他スーパー,35.6859472,139.8164135
江東区,南砂1丁目,-,東京都江東区南砂1-8-1,オーケー 尾高橋店,その他スーパー,35.6794509,139.8223405
江東区,亀戸9丁目,-,東京都江東区亀戸9-4-5,オーケー 亀戸店,その他スーパー,35.6963229,139.8407905
江東区,白河4丁目,-,東京都江東区白河4-3-1-101,マルエツ 清澄白河店,その他スーパー,35.6819781,139.8075738
江東区,豊洲3丁目,-,東京都江東区豊洲3-4-8 スーパービバホーム豊洲2F,文化堂豊洲店,その他スーパー,35.6566739,139.7980051
江東区,牡丹2丁目,-,東京都江東区牡丹2-11-11,オオゼキ 門仲牡丹店,その他スーパー,35.670621,139.7955253
江東区,大島6丁目,-,東京都江東区大島6-1-8-101,ピーコックストア 大島店,その他スーパー,35.6898688,139.8327309
江東区,亀戸2丁目,-,東京都江東区亀戸2-11-8,業務スーパー 亀戸店,その他スーパー,35.7001025,139.8231021
江東区,平野2丁目,-,東京都江東区平野2-11-5,オーケー 平野店,その他スーパー,35.6780771,139.8041361
江東区,亀戸5丁目,-,東京都江東区亀戸5-15-1,肉のハナマサ 亀戸店,その他スーパー,35.699781,139.8257282
江東区,南砂2丁目,-,東京都江東区南砂2-3-12,オーケー 南砂店,その他スーパー,35.6711832,139.8215011
江東区,東雲1丁目,-,東京都江東区東雲1-5-19,東武ストア 東雲店,その他スーパー,35.6476927,139.8005979
江東区,豊洲2丁目,-,東京都江東区豊洲2-1-14東京都江東区豊洲2-1-14,フードストアあおき 東京豊洲店,その他スーパー,35.6560293,139.794127
江東区,東砂2丁目,-,東京都江東区東砂2-12-31,ライフ 東砂店,その他スーパー,35.6846461,139.8442392
江東区,東砂1丁目,-,東京都江東区東砂1-3-36,ヨークマート 東砂店,その他スーパー,35.6847958,139.8407305
江東区,東陽6丁目,-,東京都江東区東陽6-3-1,サミットストア イースト21店,その他スーパー,35.6752875,139.8142667
江東区,白河1丁目,-,東京都江東区白河1-7-13,赤札堂 清澄店,その他スーパー,35.682682,139.7991213
江東区,亀戸9丁目,-,東京都江東区亀戸9-24-17,ライフ 亀戸店,その他スーパー,35.6977653,139.841212
江東区,新大橋1丁目,-,東京都江東区新大橋1-3-11,オリンピック 森下店,その他スーパー,35.6874588,139.7938473
江東区,亀戸2丁目,-,東京都江東区亀戸2-6-2,新鮮市場亀戸店,その他スーパー,35.7002048,139.8224604
江東区,富岡2丁目,-,東京都江東区富岡2-4-1 京徳第一ビル,まいばすけっと 富岡八幡店,その他スーパー,35.6711856,139.8008794
江東区,常盤2丁目,-,東京都江東区常盤2-9-6,まいばすけっと 森下駅南店,その他スーパー,35.6859478,139.7981823
江東区,住吉2丁目,-,東京都江東区住吉2-7-13アーバネックス深川住吉2,まいばすけっと 住吉駅前店,その他スーパー,35.6882678,139.8155856
江東区,亀戸6丁目,-,東京都江東区亀戸6-13-7 ノーブルメゾン亀戸,まいばすけっと 江東亀戸6丁目店,その他スーパー,35.6947149,139.826138
江東区,新大橋1丁目,-,東京都江東区新大橋1-8-2 新大橋リバーサイドビル,まいばすけっと 新大橋1丁目店,その他スーパー,35.6890131,139.792588
江東区,東陽3丁目,-,東京都江東区東陽3-3-6前川ビル,まいばすけっと 木場駅前店,その他スーパー,35.6690954,139.8089741
江東区,東陽5丁目,-,東京都江東区東陽5-29-38 緑森ビル,まいばすけっと 東陽5丁目店,その他スーパー,35.6722366,139.813907
江東区,北砂5丁目,-,東京都江東区北砂5-17-29,まいばすけっと 北砂5丁目店,その他スーパー,35.6834175,139.8357127
江東区,毛利1丁目,-,東京都江東区毛利1-18-8 GRANDE深川,まいばすけっと 住吉駅北店,その他スーパー,35.69206,139.815176
江東区,東砂7丁目,-,東京都江東区東砂7-18-10 ヴィラロイヤル南砂,まいばすけっと 東砂7丁目店,その他スーパー,35.6756871,139.8370298
江東区,北砂3丁目,-,東京都江東区北砂3-30-10 川田ビル,まいばすけっと 砂町銀座西店,その他スーパー,35.6794625,139.8281567
江東区,扇橋3丁目,-,東京都江東区扇橋3-3-6 サンパティオ,まいばすけっと 江東扇橋3丁目店,その他スーパー,35.6828268,139.8188031
江東区,亀戸5丁目,-,東京都江東区亀戸5-33-18 ハウスガスコン,まいばすけっと 江東亀戸5丁目店,その他スーパー,35.6980853,139.830533
江東区,東砂5丁目,-,東京都江東区東砂5-4-15,まいばすけっと 江東東砂5丁目店,その他スーパー,35.6764777,139.8403506
江東区,大島9丁目,-,東京都江東区大島9-4-1 東大島ファミールハイツ1号館,まいばすけっと 東大島駅前店,その他スーパー,35.6912239,139.8446891
江東区,亀戸7丁目,-,東京都江東区亀戸7-58-4 東陽マンション,まいばすけっと 江東亀戸7丁目店,その他スーパー,35.6959058,139.8362924
江東区,東砂5丁目,-,東京都江東区東砂5-3-13 NV東砂5(MB),まいばすけっと 江東旧葛西橋店,その他スーパー,35.6755022,139.8413003
江東区,亀戸6丁目,-,東京都江東区亀戸6-56-15 ビジョナリー4,まいばすけっと 亀戸駅東口店,その他スーパー,35.6971442,139.8307752
江東区,大島1丁目,-,東京都江東区大島1-34-12 菅沼ビル,まいばすけっと 大島1丁目店,その他スーパー,35.6881897,139.8261979
江東区,大島6丁目,-,東京都江東区大島6-8-20 岡澤ビル,まいばすけっと 大島駅前店,その他スーパー,35.6899529,139.834913
江東区,南砂2丁目,-,東京都江東区南砂2-28-3 アズ東陽町レジデンス,まいばすけっと 南砂2丁目店,その他スーパー,35.6755862,139.8217409
江東区,大島5丁目,-,東京都江東区大島5-34-20 第2宍戸マンション,まいばすけっと 大島駅南店,その他スーパー,35.6892277,139.8354328
江東区,北砂4丁目,-,東京都江東区北砂4-41-8 ディ・リエネッソ,まいばすけっと 北砂丸八通り店,その他スーパー,35.6787302,139.8343133
江東区,深川2丁目,-,東京都江東区深川2-30-9 ウガイビル,まいばすけっと 深川2丁目店,その他スーパー,35.676208,139.7996876
江東区,亀戸1丁目,-,東京都江東区亀戸1-13-27 亀戸クリーンハイツ,まいばすけっと 江東亀戸1丁目店,その他スーパー,35.6943505,139.8211014
江東区,清澄1丁目,-,東京都江東区清澄1-3-9 プレノ清澄庭園,まいばすけっと 清澄1丁目店,その他スーパー,35.6812807,139.793737
江東区,塩浜2丁目,-,東京都江東区塩浜2-12-7 グリーンハイツ青葉,まいばすけっと 塩浜2丁目店,その他スーパー,35.6631728,139.8106299
江東区,東陽1丁目,-,東京都江東区東陽1-25-2 掛川ビル,まいばすけっと 東陽1丁目店,その他スーパー,35.6672431,139.8112493
江東区,北砂4丁目,-,東京都江東区北砂4-26-6ママダビル,まいばすけっと 北砂4丁目店,その他スーパー,35.6798242,139.8334138
江東区,-,-,東京都 江東区新砂3丁目4番31号,ダイエー南砂町スナモ店イオンフードスタイル,ダイエー,35.665144,139.8352129
江東区,大島4丁目,-,東京都江東区大島4-1-1 UR都市機構大島4丁目団地,Big-A 江東大島団地店,その他スーパー,35.6875327,139.8289901
江東区,亀戸2丁目,-,東京都江東区亀戸2-36-12 エスプリ亀戸,まいばすけっと 亀戸2丁目店,その他スーパー,35.70019,139.8251586
江東区,亀戸6丁目,-,東京都江東区亀戸6-31-6カメイドクロック地下1階,ライフ カメイドクロック店,その他スーパー,35.6959716,139.8292575
江東区,常盤1丁目,-,東京都江東区常盤1-6-5コンフォリア森下リバーサイド,まいばすけっと 森下万年橋通り店,その他スーパー,35.6858727,139.7943058
江東区,富岡1丁目,-,東京都江東区富岡1-26-18 ISM門前仲町,まいばすけっと 江東富岡1丁目店,その他スーパー,35.6731909,139.7979728
江東区,白河3丁目,-,東京都江東区白河3-1-12アーバネックス清澄白河,まいばすけっと 白河3丁目店,その他スーパー,35.6814528,139.8044757
江東区,亀戸3丁目,-,東京都江東区亀戸3-21-14クラシヲ亀戸,まいばすけっと 江東亀戸3丁目店,その他スーパー,35.7046404,139.8213451
江東区,東砂7丁目,-,東京都江東区東砂7-1-1ライオンズマンション南砂町,まいばすけっと 江東東砂店,その他スーパー,35.6700803,139.8381316
江東区,佐賀2丁目,-,東京都江東区佐賀2-8-6ウエリスアーバン水天宮前,まいばすけっと 江東佐賀2丁目店,その他スーパー,35.6781241,139.7921293
江東区,富岡2丁目,-,東京都江東区富岡2-9-6,まいばすけっと 江東富岡2丁目店,その他スーパー,35.6723252,139.8019783
江東区,豊洲1丁目,-,東京都江東区豊洲1-2-39 パークアクシス豊洲,まいばすけっと 豊洲1丁目店,その他スーパー,35.6600512,139.7927773
江東区,永代2丁目,-,東京都江東区永代2-37-28澁澤シティプレイス永代,まいばすけっと 江東永代2丁目店,その他スーパー,35.6747977,139.7916905
江東区,塩浜1丁目,-,東京都江東区塩浜1-1-13ファミール浜園,まいばすけっと 塩浜1丁目店,その他スーパー,35.6595223,139.7998014
江東区,木場5丁目,-,東京都江東区木場5-10-11宍倉ビル,まいばすけっと 木場駅北店,その他スーパー,35.6696362,139.807595
江東区,東雲1丁目,-,東京都江東区東雲1-9-10 イオン東雲店ショッピングセンター内,AEONBIKE(イオンバイク) 東雲店,自転車販売/修理,35.6485619,139.8021524
江東区,亀戸5丁目,-,東京都江東区亀戸5-1-1 アトレ亀戸内,成城石井 SELECT(セレクト) アトレ亀戸店,その他スーパー,35.6977655,139.8264978
江東区,亀戸3丁目,-,東京都江東区亀戸3-61-18,オリンピック 亀戸店,その他スーパー,35.7023049,139.8250187
江東区,辰巳1丁目,-,東京都江東区辰巳1-1-34,Y'smart(ワイズマート) 辰巳店,その他スーパー,35.6476694,139.8090282
江東区,東砂7丁目,-,東京都江東区東砂7-19-12,ワイズディスカ 東砂店,その他スーパー,35.6729987,139.8364523
江東区,豊洲5丁目,-,東京都江東区豊洲5-5-1 シエルタワー1F,サカガミ グランルパ豊洲店,その他スーパー,35.6534772,139.795894
江東区,亀戸5丁目,-,東京都江東区亀戸5-1-1 アトレ亀戸 B1F,成城石井 アトレ亀戸店,その他スーパー,35.6977655,139.8264978
江東区,潮見2丁目,-,東京都江東区潮見2-7-9,マルエツ 潮見店,その他スーパー,35.6584527,139.8172243
江東区,常盤2丁目,-,東京都江東区常盤2-12-6,アコレ 江東常盤店,その他スーパー,35.6851078,139.7975883
江東区,亀戸5丁目,-,東京都江東区亀戸5-30-3,マックスバリュエクスプレス 亀戸センタープラザ店,その他スーパー,35.6987371,139.8290162
江東区,豊洲2丁目,-,東京都江東区豊洲2-2-1 三井ショッピングパーク アーバンドックららぽーと豊洲 B1F B1100,成城石井 ららぽーと豊洲店,その他スーパー,35.6555823,139.7926634
江東区,亀戸5丁目,-,東京都江東区亀戸5-1-1 アトレ亀戸1F,成城石井 成城石井 SELECT アトレ亀戸店,その他スーパー,35.6977655,139.8264978
江東区,亀戸2丁目,-,東京都江東区亀戸2-1-1,コモディイイダ 食彩館亀戸店,その他スーパー,35.6973992,139.8200222
江東区,富岡2丁目,-,東京都江東区富岡2-9-6,大黒屋 門前仲町店,その他スーパー,35.6723252,139.8019783
江東区,亀戸5丁目,-,東京都江東区亀戸5-8-12,大黒屋 亀戸店,その他スーパー,35.6984337,139.8286165
江東区,大島6丁目,-,東京都江東区大島6丁目26-7,グリーンマート大友,その他スーパー,35.6911049,139.8375018
江東区,有明1丁目,-,東京都江東区有明1-4-20 ブリリア有明スカイタワー102,フレッシュフードストア 文化堂 有明店,その他スーパー,35.6363161,139.7861988
江東区,塩浜1丁目,-,東京都江東区塩浜1-1-13,赤札堂 塩浜店,その他スーパー,35.6597841,139.8002438
江東区,北砂4丁目,-,東京都江東区北砂4-25-2,赤札堂 砂町店,その他スーパー,35.6795841,139.8324543
江東区,大島5丁目,-,東京都江東区大島5-48-15,mini(ミニ)ピアゴ 大島5丁目店,その他スーパー,35.6890864,139.8379516
江東区,北砂4丁目,-,東京都江東区北砂4-9-10,mini(ミニ)ピアゴ 北砂4丁目店,その他スーパー,35.6793392,139.8291575
江東区,豊洲4丁目,-,東京都江東区豊洲4-6-2,たつみチェーン豊洲店,その他スーパー,35.6554285,139.7982759
江東区,南砂2丁目,-,東京都江東区南砂2-6-3 サンライズ東陽ビル1F,タイヨー イキイキ ミニ,その他スーパー,35.6723183,139.8199422
江東区,深川1丁目,-,東京都江東区深川1-6-2 ホームセンターコーナン江東深川店内,食品館あおば 深川店,その他スーパー,35.6773325,139.7959621
江東区,亀戸5丁目,-,東京都江東区亀戸5-1-1 アトレ亀戸内,QUEEN'S ISETAN KAMEIDO(クイーンズ イセタン カメイド) アトレ亀戸店,その他スーパー,35.6977655,139.8264978
江東区,有明2丁目,-,東京都江東区有明2丁目1-8,ライフビオラル有明ガーデン店,その他スーパー,35.6371642,139.7930882
江東区,有明1丁目,-,東京都江東区有明1丁目4-20,スーパー文化堂有明店,その他スーパー,35.6363824,139.7857375
江東区,富岡2丁目,-,東京都江東区富岡2丁目1-11,エンゼルファミリー門前仲町店,その他スーパー,35.6702681,139.8005598
江東区,亀戸3丁目,-,東京都江東区亀戸3丁目61-18,Olympic亀戸店,その他スーパー,35.7023049,139.8250187
江東区,有明2丁目,-,東京都江東区有明2丁目1-8,KITANO ACE有明ガーデン店,その他スーパー,35.6371642,139.7930882
江東区,亀戸7丁目,-,東京都江東区亀戸7-41-13,miniピアゴ亀戸7丁目店,その他スーパー,35.6970176,139.8375918
品川区,中延3丁目,-,東京都品川区中延3-11-10,フレッシュフードストア 文化堂 荏原店,その他スーパー,35.6066617,139.7100852
品川区,小山3丁目,-,東京都品川区小山3-22-3,Ozeki(オオゼキ) 武蔵小山店,その他スーパー,35.6192121,139.7057766
品川区,東品川4丁目,-,東京都品川区東品川4-12-5,イオンスタイル品川シーサイド,イオン,35.610994,139.749077
品川区,大井1丁目,-,東京都品川区大井1-3-6,イトーヨーカドー 大井町店,イトーヨーカドー,35.6071707,139.7339881
品川区,八潮5丁目,-,東京都品川区八潮5-5-3 パトリア品川店内,SuperValue(スーパーバリュー) 品川八潮店,その他スーパー,35.599607,139.7502522
品川区,南大井6丁目,-,東京都品川区南大井6-27-25,西友 大森店,西友,35.5883262,139.7303162
品川区,荏原4丁目,-,東京都品川区荏原4-17-6,サミットストア 荏原4丁目店,その他スーパー,35.6139798,139.7056845
品川区,戸越5丁目,-,東京都品川区戸越5-15-4,オーケー 戸越店,その他スーパー,35.60981,139.7152339
品川区,旗の台4丁目,-,東京都品川区旗の台4-3-3,オオゼキ旗の台店,その他スーパー,35.6039179,139.7064448
品川区,東大井5丁目,-,東京都品川区東大井5-18-1,西友 大井町店,西友,35.6062161,139.7359039
品川区,南品川3丁目,-,東京都品川区南品川3-4-1,オーケー 青物横丁店,その他スーパー,35.6076335,139.743555
品川区,荏原2丁目,-,東京都品川区荏原2-17-19,業務スーパー 武蔵小山店,その他スーパー,35.6164059,139.7087591
品川区,大崎4丁目,-,東京都品川区大崎4-13-2,ライフ 大崎百反通店,その他スーパー,35.6182058,139.7191824
品川区,大崎1丁目,-,東京都品川区大崎1-11-1 ゲートシティプラザ B1F,成城石井 ゲートシティ大崎店,その他スーパー,35.6188486,139.7313854
品川区,西大井5丁目,-,東京都品川区西大井5-5-34 ベルヴィル品川西大井,まいばすけっと 西大井5丁目店,その他スーパー,35.5995807,139.7155114
品川区,中延5丁目,-,東京都品川区中延5-3-11KOTII EBARAMACHI,まいばすけっと 荏原町駅前店,その他スーパー,35.6033963,139.7087886
品川区,大井6丁目,-,東京都品川区大井6-9-36 シャルール大井,まいばすけっと 大井6丁目店,その他スーパー,35.5980541,139.7306754
品川区,中延3丁目,-,東京都品川区中延3-2-13,まいばすけっと 中延3丁目店,その他スーパー,35.6085326,139.7120203
品川区,大崎2丁目,-,東京都品川区大崎2-11 大崎ウィズシティテラス,まいばすけっと 大崎駅前店,その他スーパー,35.6168805,139.7296676
品川区,南品川1丁目,-,東京都品川区南品川1-4-20 ルミエール品川橋,まいばすけっと 南品川1丁目店,その他スーパー,35.61605,139.7445057
品川区,南品川5丁目,-,東京都品川区南品川5-16-3アーバネックス大井仙台坂,まいばすけっと 青物横丁駅西店,その他スーパー,35.6089759,139.7417921
品川区,小山5丁目,-,東京都品川区小山5-22-11 松正ビル,まいばすけっと 西小山駅前店,その他スーパー,35.6156315,139.6994937
品川区,西五反田6丁目,-,東京都品川区西五反田6-21-9 S・Kビル2,まいばすけっと 西五反田6丁目店,その他スーパー,35.6207369,139.715586
品川区,旗の台2丁目,-,東京都品川区旗の台2-7-12 アベイト103号室,まいばすけっと 旗の台2丁目店,その他スーパー,35.6066639,139.7041838
品川区,戸越3丁目,-,東京都品川区戸越3-9-20,まいばすけっと 戸越3丁目店,その他スーパー,35.6119751,139.7157708
品川区,東中延2丁目,-,東京都品川区東中延2-7-20,まいばすけっと 東中延店,その他スーパー,35.6077437,139.7123793
品川区,西中延3丁目,-,東京都品川区西中延3-6-20 鏑木第一マンション,まいばすけっと 西中延3丁目店,その他スーパー,35.607122,139.7087288
品川区,大井2丁目,-,東京都品川区大井2-1-5,まいばすけっと 大井2丁目店,その他スーパー,35.6065531,139.7298972
品川区,南品川3丁目,-,東京都品川区南品川3-6-53 レジディア南品川,まいばすけっと 南品川3丁目店,その他スーパー,35.6099635,139.7443322
品川区,上大崎2丁目,-,東京都品川区上大崎2-13-22 シーアイマンション白金,まいばすけっと 目黒駅東店,その他スーパー,35.6349399,139.7188631
品川区,平塚3丁目,-,東京都品川区平塚3-13-10 福井マンション,まいばすけっと 品川平塚3丁目店,その他スーパー,35.6134505,139.7121599
品川区,北品川1丁目,-,東京都品川区北品川1-2-9,まいばすけっと 北品川駅東店,その他スーパー,35.622287,139.7397461
品川区,南大井1丁目,-,東京都品川区南大井1-4-10 石原屋ビル1階,まいばすけっと 立会川店,その他スーパー,35.5968454,139.7387179
品川区,南品川6丁目,-,東京都品川区南品川6-15-28 ゼームス坂ヒルトップ,まいばすけっと ゼームス坂店,その他スーパー,35.6088643,139.73772
品川区,南大井5丁目,-,東京都品川区南大井5-9-6 寺澤南大井ビル,まいばすけっと 立会川駅西店,その他スーパー,35.5981907,139.7355148
品川区,南大井1丁目,-,東京都品川区南大井1-8-23スカイハイツ,まいばすけっと しながわ区民公園北店,その他スーパー,35.5963611,139.7394777
品川区,西大井4丁目,-,東京都品川区西大井4-25-2 平井ビル,まいばすけっと 山王銀座店,その他スーパー,35.5923384,139.7192422
品川区,西五反田3丁目,-,東京都品川区西五反田3-6-20 いちご西五反田ビル,まいばすけっと 西五反田3丁目店,その他スーパー,35.6278831,139.7192023
品川区,南大井6丁目,-,東京都品川区南大井6-17-15 第2タジマビル1階,まいばすけっと 大森駅北口店,その他スーパー,35.5898249,139.7295394
品川区,大井4丁目,-,東京都品川区大井4-1-3 TOKOビル,まいばすけっと 大井町駅南店,その他スーパー,35.6039175,139.7331699
品川区,南品川5丁目,-,東京都品川区南品川5-3-13 コスモグランス南品川,まいばすけっと 青物横丁店,その他スーパー,35.6111373,139.7418365
品川区,南大井3丁目,-,東京都品川区南大井3-8-18 コスモリード大森,まいばすけっと 南大井店,その他スーパー,35.5914157,139.7337709
品川区,旗の台4丁目,-,東京都品川区旗の台4-4-1 カーサ旗の台1階,まいばすけっと 旗の台店,その他スーパー,35.6036728,139.7058564
品川区,東大井2丁目,-,東京都品川区東大井2-22-13,まいばすけっと 立会川駅北店,その他スーパー,35.5995237,139.7388177
品川区,戸越5丁目,-,東京都品川区戸越5-18-14 ノアール1F,まいばすけっと 戸越公園店,その他スーパー,35.6088851,139.7176162
品川区,-,-,東京都 品川区東五反田2-10-1,foodium東五反田,ダイエー,35.6242903,139.7272831
品川区,南大井3丁目,-,東京都品川区南大井3-15-2 誠ビル,まいばすけっと 南大井3丁目店,その他スーパー,35.5898012,139.7348366
品川区,二葉4丁目,-,東京都品川区二葉4-16-2リマールコート西大井,まいばすけっと 二葉4丁目店,その他スーパー,35.6021229,139.7184043
品川区,上大崎2丁目,-,東京都品川区上大崎2-21-13 東高目黒ペアシティ,まいばすけっと 上大崎2丁目店,その他スーパー,35.6374008,139.714084
品川区,北品川1丁目,-,東京都品川区北品川1-24-14 越前屋ビル,まいばすけっと 北品川1丁目店,その他スーパー,35.6208752,139.7409133
品川区,東品川1丁目,-,東京都品川区東品川1-5-10 Kiinu Blanc,まいばすけっと 東品川1丁目店,その他スーパー,35.6224457,139.7439068
品川区,西大井1丁目,-,東京都品川区西大井1-16-19ザ・パークハビオ西大井,まいばすけっと 西大井1丁目店,その他スーパー,35.6006569,139.7259824
品川区,南大井6丁目,-,東京都品川区南大井6-6-4 メゾンクレマツ,まいばすけっと 南大井6丁目店,その他スーパー,35.5922805,139.7323735
品川区,東品川2丁目,-,東京都品川区東品川2-2-20 天王洲オーシャンスクエア,まいばすけっと 天王洲アイル店,その他スーパー,35.6221232,139.7501399
品川区,東五反田5丁目,-,東京都品川区東五反田5-22-33TK池田山ビル,まいばすけっと 東五反田5丁目店,その他スーパー,35.6280794,139.7221951
品川区,大崎4丁目,-,東京都品川区大崎4-2-3大崎広小路サニーマンション,まいばすけっと 大崎広小路駅前店,その他スーパー,35.622271,139.7234122
品川区,二葉2丁目,-,東京都品川区二葉2-4-20グレイスビル,まいばすけっと 二葉2丁目店,その他スーパー,35.6049234,139.7256769
品川区,北品川2丁目,-,東京都品川区北品川2-24-7JMFレジデンス北品川,まいばすけっと 北品川2丁目店,その他スーパー,35.6181061,139.7436543
品川区,西五反田2丁目,-,東京都品川区西五反田2-18-2Cocoro Gotanda Bldg.,まいばすけっと 西五反田2丁目店,その他スーパー,35.626606,139.720902
品川区,東品川3丁目,-,東京都品川区東品川3-21-10ヤダビル,まいばすけっと 東品川3丁目店,その他スーパー,35.6132392,139.7473803
品川区,大井6丁目,-,東京都品川区大井6-9-34,トップパルケ 鹿島店,その他スーパー,35.5977864,139.7304762
品川区,大崎1丁目,-,東京都品川区大崎1-6-4 5号館,ライフ 大崎ニューシティ店,その他スーパー,35.6196856,139.7295254
品川区,豊町6丁目,-,東京都品川区豊町6-11-9,Big-A 品川豊町店,その他スーパー,35.6053024,139.7181449
品川区,大井1丁目,-,東京都品川区大井1-2-1 アトレ大井町1F,成城石井 アトレ大井町店,その他スーパー,35.6062656,139.7348665
品川区,西五反田5丁目,-,東京都品川区西五反田5-9-2,マルエツ プチ 不動前店,その他スーパー,35.6255654,139.7146336
品川区,北品川1丁目,-,東京都品川区北品川1-3-16,マルエツ プチ 北品川一丁目店,その他スーパー,35.6227183,139.740095
品川区,東五反田2丁目,-,東京都品川区東五反田2-19-6,ライフ 東五反田店,その他スーパー,35.6249445,139.7297227
品川区,北品川5丁目,-,東京都品川区北品川5-4-1,ライフ ドラッグプラス品川御殿山店,その他スーパー,35.6217741,139.7317528
品川区,小山2丁目,-,東京都品川区小山2-7-14,ライフ 武蔵小山店,その他スーパー,35.6205026,139.7080858
品川区,荏原3丁目,-,東京都品川区荏原3-5-4 かなめのもりのビル102,成城石井 武蔵小山店,その他スーパー,35.6168284,139.7080803
品川区,東五反田1丁目,-,東京都品川区東五反田1-26-14 アトレ五反田1 1F,成城石井 アトレ五反田1店,その他スーパー,35.6261039,139.7234201
品川区,上大崎3丁目,-,東京都品川区上大崎3-1-1 アトレ目黒2 1F,成城石井 アトレ目黒2店,その他スーパー,35.6331486,139.7157921
品川区,西大井1丁目,-,東京都品川区西大井1-4-25 コアスターレ西大井第一ビル,マルエツ プチ 西大井駅前店,その他スーパー,35.6021911,139.7224772
品川区,東五反田1丁目,-,東京都品川区東五反田1-24-2 東五反田1丁目ビル,マルエツ プチ 五反田店,その他スーパー,35.6259529,139.7274029
品川区,南大井4丁目,-,東京都品川区南大井4-14-6,そうてつローゼン 品川南大井店,その他スーパー,35.5948191,139.7356988
品川区,西五反田4丁目,-,東京都品川区西五反田4-8-8,オオゼキ 目黒不動前店,その他スーパー,35.6263906,139.7123993
品川区,上大崎2丁目,-,東京都品川区上大崎2-24-13,東急ストア 目黒店,その他スーパー,35.6352193,139.7145538
品川区,東五反田1丁目,-,東京都品川区東五反田1-13-12 COI五反田ビル6F-601,キョウダイ マーケット,その他スーパー,35.626698,139.7246094
品川区,戸越4丁目,-,東京都品川区戸越4-9-18,オオゼキ戸越公園店,その他スーパー,35.6108539,139.7191025
品川区,西五反田5丁目,-,東京都品川区西五反田5-1-28,東急ストア 不動前店,その他スーパー,35.6266812,139.7147938
品川区,小山3丁目,-,東京都品川区小山3-4-8 武蔵小山駅ビル 2F,東急ストア 武蔵小山駅ビル,その他スーパー,35.620585,139.7044601
品川区,東五反田2丁目,-,東京都品川区東五反田2-1-2 五反田スクエア1F、B1F,東急ストア 五反田店,その他スーパー,-,-
品川区,中延2丁目,-,東京都品川区中延2-8-1,荏原中延 東急ストア,その他スーパー,35.6099618,139.7119604
品川区,中延4丁目,-,東京都品川区中延4-5-7,東急ストアフードステーション中延店,その他スーパー,35.6056874,139.7128427
品川区,東大井5丁目,-,東京都品川区東大井5-2-3 かんべ土地K-15ビル地下1階,肉のハナマサ 大井町店,その他スーパー,35.6080383,139.7357044
品川区,小山6丁目,-,東京都品川区小山6-4-5,サミットストア 西小山店,その他スーパー,35.6152346,139.6993541
品川区,旗の台5丁目,-,東京都品川区旗の台5-5-6,東急ストア フードステーション 旗の台,その他スーパー,35.6047191,139.7020267
品川区,小山3丁目,-,東京都品川区小山3-14-1 シティタワー武蔵小山 1F,ビオセボン 武蔵小山店,その他スーパー,35.6207475,139.7056936
品川区,小山6丁目,-,東京都品川区小山6-3-11 西小山第2駅ビル2F,東急ストアフードステーション西小山店,その他スーパー,35.6157401,139.6989153
品川区,東品川2丁目,-,東京都品川区東品川2-2-20 天王洲オーシャンスクエア1階,わくわく広場 天王洲アイル店,その他スーパー,35.6221232,139.7501399
品川区,西大井2丁目,-,東京都品川区西大井2-3-4,文化堂 西大井店,その他スーパー,35.6000283,139.721816
品川区,八潮5丁目,-,東京都品川区八潮5丁目2-2,シティマーケット品川八潮店,その他スーパー,35.604446,139.7534287
品川区,上大崎2丁目,-,東京都品川区上大崎2-16-9 アトレ目黒1・2F,ザ・ガーデン自由が丘 アトレ目黒店,その他スーパー,35.6340241,139.715916
品川区,平塚2丁目,-,東京都品川区平塚2-18-9,スーパーオオゼキ戸越銀座店,その他スーパー,35.6157185,139.7138788
品川区,戸越1丁目,-,東京都品川区戸越1-17-8,文化堂 戸越銀座店,その他スーパー,35.6149512,139.7195215
品川区,勝島1丁目,-,東京都品川区勝島1-6-16 ウィラ大井 2F,フレッシュフードストア 文化堂 ウィラ大井店,その他スーパー,35.5969387,139.7446525
品川区,上大崎3丁目,-,東京都品川区上大崎3-1-1,プレッセ 目黒店,その他スーパー,35.6334096,139.7167483
品川区,勝島1丁目,-,東京都品川区勝島1丁目6-16,スーパー文化堂ウィラ大井店,その他スーパー,35.5971412,139.7446058
品川区,旗の台2丁目,-,東京都品川区旗の台2丁目7-2,ビオセボン旗の台店,その他スーパー,35.605677,139.7039216
品川区,戸越6丁目,-,東京都品川区戸越6丁目7-3,スーパーオオゼキ戸越六丁目店,その他スーパー,35.6084827,139.7181839
品川区,二葉4丁目,-,東京都品川区二葉4丁目9-9,丸正食品株式会社 店舗 二葉町店,その他スーパー,35.6023328,139.7174067
品川区,南品川2丁目,-,東京都品川区南品川2丁目7-12,株式会社平野屋堀江商店,その他スーパー,35.6107284,139.7438473
渋谷区,広尾5丁目,-,東京都渋谷区広尾5-6-6,MEIDI-YA STORE広尾ストアー,その他スーパー,35.6500534,139.72194
渋谷区,初台2丁目,-,東京都渋谷区初台2-5-7,オーケー 初台店,その他スーパー,35.6743251,139.6863875
渋谷区,富ヶ谷1丁目,-,東京都渋谷区富ヶ谷1-35-20,肉のハナマサ 富ヶ谷店,その他スーパー,35.6673317,139.6883456
渋谷区,神宮前3丁目,-,東京都渋谷区神宮前3-42-2,ビオセボン 外苑西通り店,その他スーパー,35.6705418,139.7139886
渋谷区,恵比寿4丁目,-,東京都渋谷区恵比寿4-20-7 恵比寿ガーデンプレイス センタープラザB2,ライフ セントラルスクエア恵比寿ガーデンプレイス店,その他スーパー,35.642814,139.714064
渋谷区,本町4丁目,-,東京都渋谷区本町4-22-10,サミットストア 渋谷本町店,その他スーパー,35.6877633,139.6790498
渋谷区,千駄ヶ谷3丁目,-,東京都渋谷区千駄ヶ谷3-33-2,オーケー 千駄ケ谷店,その他スーパー,35.6771728,139.7067081
渋谷区,笹塚2丁目,-,東京都渋谷区笹塚2-26-2,業務スーパー 笹塚店,その他スーパー,35.6733149,139.6623085
渋谷区,広尾4丁目,-,東京都渋谷区広尾4-1-11,ナショナル麻布 広尾ガーデンヒルズ,その他スーパー,35.6547669,139.7205391
渋谷区,東1丁目,-,東京都渋谷区東1-26-22,ライフ 渋谷東店,その他スーパー,35.6548649,139.7076516
渋谷区,渋谷2丁目,-,東京都渋谷区渋谷2-24-12 渋谷スクランブルスクエア B1,Gourmand Market KINOKUNIYA(ゲルマンマーケットキノクニヤ) 渋谷スクランブルスクエア店,その他スーパー,35.6584638,139.7022621
渋谷区,幡ヶ谷2丁目,-,東京都渋谷区幡ヶ谷2-17-1,ライフ 幡ケ谷店,その他スーパー,35.6772843,139.6753854
渋谷区,富ヶ谷1丁目,-,東京都渋谷区富ヶ谷1-49-21,Bio c'Bon(ビオセボン) 富ヶ谷店,その他スーパー,35.6683703,139.688172
渋谷区,代々木2丁目,-,東京都渋谷区代々木2-23-1 ニューステイトメナー,まいばすけっと 新宿駅南店,その他スーパー,35.6854384,139.6980776
渋谷区,代々木4丁目,-,東京都渋谷区代々木4-31-6西新宿松屋ビル,まいばすけっと 代々木4丁目店,その他スーパー,35.682824,139.6893427
渋谷区,幡ヶ谷1丁目,-,東京都渋谷区幡ヶ谷1-3-1,ダイエー幡ケ谷店,ダイエー,35.6767844,139.6761032
渋谷区,神山町一零丁目,-,東京都渋谷区神山町10-7 渋谷ダイカンプラザシティ,まいばすけっと 渋谷神山町店,その他スーパー,35.663304,139.6950063
渋谷区,渋谷1丁目,-,東京都渋谷区渋谷1-23-21渋谷キャスト内1F,東急ストア フードステーション渋谷キャスト店,その他スーパー,35.6625258,139.7028806
渋谷区,笹塚1丁目,-,東京都渋谷区笹塚1-57-10,ライフ 笹塚店,その他スーパー,35.6739368,139.6669728
渋谷区,広尾5丁目,-,東京都渋谷区広尾5-21-5ライツェント広尾,まいばすけっと 広尾5丁目店,その他スーパー,35.6487157,139.7186437
渋谷区,元代々木町5丁目,-,東京都渋谷区元代々木町5-5 宇佐見ビル,まいばすけっと 代々木八幡駅西店,その他スーパー,35.6698316,139.6868501
渋谷区,円山町7丁目,-,東京都渋谷区円山町16-4 Loop138渋谷,まいばすけっと 神泉駅前店,その他スーパー,35.6576205,139.6938895
渋谷区,本町6丁目,-,東京都渋谷区本町6-18-6 レジデンス初台,まいばすけっと 渋谷本町6丁目店,その他スーパー,35.6819991,139.6786651
渋谷区,本町2丁目,-,東京都渋谷区本町2-4-12 アルファサイト,まいばすけっと 渋谷本町2丁目店,その他スーパー,35.6841586,139.6840585
渋谷区,代々木4丁目,-,東京都渋谷区代々木4-5-7 参宮橋ビル,まいばすけっと 参宮橋駅前店,その他スーパー,35.6785696,139.6930718
渋谷区,神宮前2丁目,-,東京都渋谷区神宮前2-19-13 VORT原宿,まいばすけっと 神宮前2丁目商店街店,その他スーパー,35.6736233,139.710419
渋谷区,初台1丁目,-,東京都渋谷区初台1-10-2パークホームズ初台,まいばすけっと 初台駅南店,その他スーパー,35.6788512,139.6869498
渋谷区,本町1丁目,-,東京都渋谷区本町1-7-16初台ハイツ,まいばすけっと 初台駅西店,その他スーパー,35.6804852,139.6842379
渋谷区,笹塚1丁目,-,東京都渋谷区笹塚1-20-5 ドルチェ京王1,まいばすけっと 笹塚駅南店,その他スーパー,35.6728206,139.6687868
渋谷区,幡ヶ谷2丁目,-,東京都渋谷区幡ヶ谷2-35-1,サンディ 幡ケ谷店,その他スーパー,35.6772163,139.6707603
渋谷区,代々木1丁目,-,東京都渋谷区代々木1-39-11 1F,マルマンストア 南新宿店,その他スーパー,35.6825424,139.7003712
渋谷区,代々木4丁目,-,東京都渋谷区代々木4-50-8,マルマンストア 参宮橋店,その他スーパー,35.678136,139.691636
渋谷区,広尾5丁目,-,東京都渋谷区広尾5-1-32,スーパーマーケット Rico's(リコス) 広尾5丁目店,その他スーパー,35.6491468,139.7189983
渋谷区,道玄坂1丁目,-,東京都渋谷区道玄坂1-12-1 渋谷マークシティB1F,成城石井 SELECT 渋谷 東急フードショー店,その他スーパー,35.6581085,139.6986263
渋谷区,恵比寿南1丁目,-,東京都渋谷区恵比寿南1-5-5 アトレ恵比寿3F,成城石井 アトレ恵比寿店,その他スーパー,35.6470185,139.709775
渋谷区,富ヶ谷1丁目,-,東京都渋谷区富ヶ谷1-18-8,マルエツ プチ 富ケ谷一丁目店,その他スーパー,35.6660084,139.6922342
渋谷区,富ヶ谷1丁目,-,東京都渋谷区富ヶ谷1-3-8,マルマンストア 代々木八幡店,その他スーパー,35.6691679,139.6891233
渋谷区,恵比寿南1丁目,-,東京都渋谷区恵比寿南1-6-1 アトレ恵比寿西館内,ザ・ガーデン自由が丘 アトレ恵比寿店,その他スーパー,35.646568,139.7096458
渋谷区,千駄ヶ谷2丁目,-,東京都渋谷区千駄ヶ谷2-1-8 Barbizon8 1F,成城石井 千駄ケ谷店,その他スーパー,35.6755639,139.7068831
渋谷区,恵比寿南1丁目,-,東京都渋谷区恵比寿南1-6-1 アトレ恵比寿西館4F,成城石井 アトレ恵比寿西館店,その他スーパー,35.646568,139.7096458
渋谷区,笹塚1丁目,-,東京都渋谷区笹塚1-47-1 メルクマール京王笹塚1F,成城石井 フレンテ笹塚店,その他スーパー,35.6737674,139.6681454
渋谷区,富ヶ谷1丁目,-,東京都渋谷区富ヶ谷1-9-16 代々木コーポ1F,成城石井 富ケ谷店,その他スーパー,35.6680264,139.6906987
渋谷区,円山町8丁目,-,東京都渋谷区円山町26-7TKフラッツ渋谷,マルエツ プチ 渋谷神泉店,その他スーパー,35.655788,139.6939692
渋谷区,鶯谷町7丁目,-,東京都渋谷区鶯谷町7-9,マルエツ プチ 渋谷鶯谷町店,その他スーパー,35.6540016,139.7016972
渋谷区,上原1丁目,-,東京都渋谷区上原1-18-12,マルエツ 代々木上原店,その他スーパー,35.668732,139.6826428
渋谷区,千駄ヶ谷1丁目,-,東京都渋谷区千駄ヶ谷1-5-1,mini(ミニ)ピアゴ 千駄ヶ谷1丁目店,その他スーパー,35.6786434,139.7092275
渋谷区,本町5丁目,-,東京都渋谷区本町5-39-2,mini(ミニ)ピアゴ 渋谷本町5丁目店,その他スーパー,35.6818101,139.6753655
渋谷区,西原3丁目,-,東京都渋谷区西原3-8-5 アコルデ代々木上原1階,Odakyu OX(オダキュウ オーエックス) アコルデ代々木上原店,その他スーパー,35.6694668,139.6807104
渋谷区,代々木1丁目,-,東京都渋谷区代々木1-9-6,mini(ミニ)ピアゴ 代々木1丁目店,その他スーパー,35.6819436,139.6973197
渋谷区,本町2丁目,-,東京都渋谷区本町2-33-2,FRESCO VengaVenga(フレスコ ベンガベンガ) ダイヤ店,その他スーパー,35.6838285,139.6827026
渋谷区,笹塚2丁目,-,東京都渋谷区笹塚2-12-11,サミットストア 笹塚店,その他スーパー,35.6750979,139.66781
渋谷区,本町3丁目,-,東京都渋谷区本町3-52-6,mini(ミニ)ピアゴ 渋谷本町3丁目店,その他スーパー,35.6867392,139.6840585
渋谷区,幡ヶ谷2丁目,-,東京都渋谷区幡ヶ谷2-3-10,Santoku(サントク) 幡ヶ谷店,その他スーパー,35.6793664,139.6773991
渋谷区,道玄坂1丁目,-,東京都渋谷区道玄坂1-12-1 渋谷マークシティ B1F,北野エース 渋谷 東急フードショー店,その他スーパー,35.6581085,139.6986263
渋谷区,笹塚1丁目,-,東京都渋谷区笹塚1-47-1 フレンテ笹塚 1F,九州屋 京王フレンテ笹塚店,その他スーパー,35.6736032,139.6679062
渋谷区,千駄ヶ谷5丁目,-,東京都渋谷区千駄ヶ谷5-24-55 NEWoMan Shinjuku・エキナカ内,MINI by FOOD&COMPANY(ミニ バイ フード アンド カンパニー) ニュウマン新宿店,その他スーパー,35.6884017,139.7006979
渋谷区,恵比寿4丁目,-,東京都渋谷区恵比寿4-3-1 クイズ 2F,Bio c' Bon(ビオ セ ボン) 恵比寿店,その他スーパー,35.646071,139.7112073
渋谷区,恵比寿4丁目,-,東京都渋谷区恵比寿4-20-7 恵比寿ガーデンプレイス・センタープラザ内,明治屋 恵比寿ストアー 恵比寿ガーデンプレイス店,その他スーパー,35.642814,139.714064
渋谷区,渋谷3丁目,-,東京都渋谷区渋谷3-21-3 渋谷ストリーム内 2F,プレッセ渋谷ストリーム,その他スーパー,35.6572693,139.7031288
渋谷区,鉢山町,-,東京都渋谷区鉢山町13ー18,サミットストア 代官山鉢山町店,その他スーパー,35.6518166,139.6959602
渋谷区,恵比寿1丁目,-,東京都渋谷区恵比寿1丁目8-14,杉の木屋恵比寿店,その他スーパー,35.6477014,139.7099313
渋谷区,笹塚3丁目,-,東京都渋谷区笹塚3丁目9-3,地産マルシェ笹塚店,その他スーパー,35.6773261,139.6693848
渋谷区,西原3丁目,-,東京都渋谷区西原3丁目8-5,OdakyuOX代々木上原店,その他スーパー,35.6696004,139.680826
渋谷区,広尾3丁目,-,東京都渋谷区広尾3丁目12-33,若羽食品,その他スーパー,35.652997,139.7136062
渋谷区,幡ヶ谷2丁目,-,東京都渋谷区幡ヶ谷2-17-1,株式会社ライフコーポレーション 幡ヶ谷店,その他スーパー,35.6772843,139.6753854
渋谷区,本町2丁目,-,東京都渋谷区本町2-33-2,株式会社ファミリーセンターダイヤ,社会関連,35.6838285,139.6827026
渋谷区,恵比寿南2丁目,-,東京都渋谷区恵比寿南2-3-3-101,ピーコックストア 恵比寿南店,その他スーパー,35.6453695,139.7078511
渋谷区,恵比寿西1丁目,-,東京都渋谷区恵比寿西1-6-1,ピーコックストア 恵比寿店,その他スーパー,35.6482157,139.7083298
渋谷区,千駄ヶ谷5丁目,-,東京都渋谷区千駄ヶ谷5-24-2 新宿高島屋 B1F食料品フロア,KINOKUNIYA(キノクニヤ) 新宿高島屋店,その他スーパー,35.6876335,139.7022399
渋谷区,代官山町8丁目,-,東京都渋谷区代官山町17-6 代官山アドレス・ディセ 1F,ピーコックストア 代官山店,その他スーパー,35.6492745,139.7031867
渋谷区,西原3丁目,-,東京都渋谷区西原3-8-5 アコルデ代々木上原1階,自然食品F&Fアコルデ代々木上原店,その他スーパー,35.6694668,139.6807104
渋谷区,笹塚1丁目,-,東京都渋谷区笹塚1丁目56-18,Una casita笹塚店,その他スーパー,35.6737978,139.6673562
渋谷区,西原3丁目,-,東京都渋谷区西原3-20-7,丸正食品株式会社 店舗 代々木上原駅前店,その他スーパー,35.6702832,139.6812077
渋谷区,広尾5丁目,-,東京都渋谷区広尾5丁目1-32,miniピアゴ広尾5丁目店,その他スーパー,35.6491468,139.7189983
渋谷区,西原2丁目,-,東京都渋谷区西原2丁目31-7,全日食チェーンエフマートほしの,その他スーパー,35.675986,139.6773443
