指標名,スポーツ施設,,,,,,
出典,NAVITIME,,,,,,
年次,2023/1/17 取得,,,,,,
URL,https://www.navitime.co.jp/,,,,,,
備考,（2020年度：423件、2021年度：912件、2022年度：959件）,,,,,,
,,,,,,,
区,町丁目,エリア,住所,施設名,種類,緯度,経度
千代田区,神田相生町,-,東京都千代田区神田相生町1 秋葉原センタープレイスビルB1,jump one Akihabara(ジャンプワン秋葉原),スポーツクラブ/フィットネスクラブ,35.699291,139.773958
千代田区,内神田二丁目,-,東京都千代田区内神田2-1-8,千代田区立スポーツセンター,スポーツ施設/運動公園,35.689136,139.767684
千代田区,五番町,-,東京都千代田区五番先,外濠公園総合グラウンド,スポーツ施設/運動公園,35.689718,139.733908
千代田区,内神田一丁目,-,東京都千代田区内神田1-8-1 三井ビル 1F,ラフィネ ランニングスタイル神田店,スポーツ施設/運動公園,35.690123,139.766677
千代田区,丸の内二丁目,大丸有,東京都千代田区丸の内2-5-2 三菱ビル地下 1F,ASICS RUN TOKYO MARUNOUCHI(アシックス ラン トウキョウマルノウチ),スポーツクラブ/フィットネスクラブ,35.679879,139.7638
千代田区,有楽町一丁目,大丸有,東京都千代田区有楽町1-2-2 日比谷シャンテ別館B1-B2階,メガロス日比谷シャンテ,スポーツクラブ/フィットネスクラブ,35.673128,139.759877
千代田区,大手町一丁目,大丸有,東京都千代田区大手町1-9-2 大手町フィナンシャルシティ グランキューブ B1F,SPA大手町FITNESS CLUB,スポーツクラブ/フィットネスクラブ,35.688405,139.764749
千代田区,皇居外苑,-,東京都千代田区皇居外苑,パレスサイクリングコース,スポーツ施設/運動公園,35.679628,139.758819
千代田区,神田相生町,-,東京都千代田区相生町1 センタープレイスビル B1F,BurnesStyle AKIHABARA(バーネススタイル アキハバラ),スポーツクラブ/フィットネスクラブ,35.699291,139.773958
千代田区,神田神保町一丁目,-,東京都千代田区神田神保町1-4日商第一ビル2F,神保町ゴルフスクール,ゴルフ練習場,35.696315,139.759737
千代田区,内神田一丁目,-,東京都千代田区内神田1-13-1 豊島屋ビル B2F,BOULCOM(ボルコム) 東京店,スポーツクラブ/フィットネスクラブ,35.691033,139.765168
千代田区,神田岩本町,-,東京都千代田区岩本町1-6-3 プライム岩本町ビル 1F,エニタイムフィットネス 千代田岩本町店,スポーツクラブ/フィットネスクラブ,35.696151,139.775072
千代田区,外神田二丁目,-,東京都千代田区外神田2-5-12 タカラビル1F-B1,エニタイムフィットネス 秋葉原店,スポーツクラブ/フィットネスクラブ,35.700219,139.768982
千代田区,飯田橋一丁目,-,東京都千代田区飯田橋1-12-12 九段大和エステート 1-3F,エニタイムフィットネス 九段下店,スポーツクラブ/フィットネスクラブ,35.698456,139.748937
千代田区,麹町四丁目,-,東京都千代田区麹町4-8 麹町クリスタルシティ 1F,エニタイムフィットネス 麹町店,スポーツクラブ/フィットネスクラブ,35.684453,139.737141
千代田区,内神田一丁目,-,東京都千代田区内神田1-15-2 神田オーシャンビル B1F,エニタイムフィットネス 内神田店,スポーツクラブ/フィットネスクラブ,35.691586,139.765787
千代田区,六番町,-,東京都千代田区六番町13番地2 桃園学園ビル,ゴールドジム 四ツ谷東京,スポーツクラブ/フィットネスクラブ,35.686236,139.732112
千代田区,神田和泉町,-,東京都千代田区神田和泉町1-8-2 八木ビル102,ファイトフィット秋葉原,スポーツクラブ/フィットネスクラブ,35.699687,139.77705
千代田区,丸の内二丁目,大丸有,東京都千代田区丸の内2-6-1 Marunouchi BRICK SQUARE 4F,TIPNESS MARUNOUCHI STYLE(ティップネスマルノウチスタイル),スポーツクラブ/フィットネスクラブ,35.678881,139.76272
千代田区,富士見二丁目,-,東京都千代田区富士見2-10-2 飯田橋グラン・ブルーム サクラテラス 1F,セントラルスポーツ ジムスタ 飯田橋サクラテラス,スポーツクラブ/フィットネスクラブ,35.698979,139.743628
千代田区,永田町二丁目,赤坂,東京都千代田区永田町2-13-10 プルデンシャルタワー2F,スポーツクラブNAS 赤坂店,スポーツクラブ/フィットネスクラブ,35.675921,139.738578
千代田区,内神田二丁目,-,東京都千代田区内神田2-10-7 プレミアステージ内神田2F,ジムセントラル24神田,スポーツクラブ/フィットネスクラブ,35.691128,139.767868
千代田区,内神田一丁目,-,東京都千代田区内神田1-11-4 藤吉ビル B1,NGCニューゴルフクリニック,ゴルフ練習場,35.691001,139.766027
千代田区,神田駿河台二丁目,-,東京都千代田区神田駿河台2-10-6 VORT御茶ノ水 BF,Private Practice Range(プライベート プラクティス レンジ),ゴルフ練習場,35.698887,139.764124
千代田区,岩本町一丁目,-,東京都千代田区岩本町1-9-1 アイアンビルヂング 5F,ボクシングスタジオTRINITY(トリニティ),スポーツクラブ/フィットネスクラブ,35.692547,139.777379
千代田区,丸の内一丁目,大丸有,東京都千代田区丸の内1-6-1 丸の内センタービルディング1F,Bridgestone Golf Garden Tokyo(ブリヂストンゴルフガーデン東京),ゴルフ練習場,35.684079,139.765864
千代田区,神田東紺屋町,-,東京都千代田区神田東紺屋町30 サンハイツ神田キタムラビル3F,24/7Workout 秋葉原・神田店,スポーツクラブ/フィットネスクラブ,35.693029,139.774564
千代田区,丸の内一丁目,大丸有,東京都千代田区丸の内1-8-2 鉄鋼ビルディング南館5F,THE JEXER TOKYO Annex(ジェクサートウキョウアネックス),スポーツクラブ/フィットネスクラブ,35.682273,139.769801
千代田区,大手町一丁目,大丸有,東京都千代田区大手町1-8-1 KDDI大手町ビル2F,ゴルフテック 大手町,ゴルフ練習場,35.687792,139.764329
千代田区,紀尾井町,赤坂,東京都千代田区紀尾井町7-1,上智大学真田堀運動場,スポーツ施設/運動公園,35.684196,139.732754
千代田区,西神田一丁目,-,東京都千代田区内神田2-3-9 翔和第7神田ビル B1,Body Produce AXIS 大手町店,スポーツクラブ/フィットネスクラブ,35.699467,139.756524
千代田区,外神田六丁目,-,東京都千代田区外神田6-14-8,ヨガ教室ノア 秋葉原校,スポーツクラブ/フィットネスクラブ,35.703467,139.771538
千代田区,一ツ橋一丁目,-,東京都千代田区一ツ橋1-1-1 パレスサイドビル1F,Run Pit by au Smart Sports(ランピット バイ エーユー スマート スポーツ),スポーツ施設/運動公園,35.690919,139.757461
千代田区,紀尾井町,赤坂,東京都千代田区紀尾井町1-2,SPA & FITNESS KIOI(スパ アンド フィットネス キオイ),スポーツクラブ/フィットネスクラブ,35.679993,139.737936
千代田区,日比谷公園,-,東京都千代田区日比谷公園1-5,SPORTS STATION Hibiya Park(スポーツ ステーション ヒビヤ パーク),スポーツ施設/運動公園,35.672372,139.754008
千代田区,神田駿河台四丁目,-,東京都千代田区神田駿河台4-3 お茶の水サンクレール 1F,Dr.stretch(ドクター ストレッチ) お茶の水店,スポーツクラブ/フィットネスクラブ,35.699082,139.764849
千代田区,神田須田町一丁目,-,東京都千代田区神田須田町1-18 5F,体育・スポーツ家庭教師ファースト 東京本社,スポーツスクール/体験,35.696034,139.769681
千代田区,九段南四丁目,-,東京都千代田区九段南4-3-13 麹町秀永ビル B1F,クラヴマガ 市ヶ谷トレーニングセンター,スポーツクラブ/フィットネスクラブ,35.691761,139.740115
千代田区,一番町,-,東京都千代田区一番町6-8 B1F,GOLF FUNP(ゴルフ ファンプ),ゴルフ練習場,35.687546,139.741799
千代田区,外神田五丁目,-,東京都千代田区外神田5-1-10 千住ビル B1-4F,1/3rd Fitness(ワンサード フィットネス) 秋葉原店,スポーツクラブ/フィットネスクラブ,35.703445,139.772377
千代田区,内幸町一丁目,-,東京都千代田区内幸町1-1-6 NTT日比谷ビル B1F,ARスポーツセンター HADO ARENA(ハドーアリーナ) 日比谷店,スポーツクラブ/フィットネスクラブ,35.671302,139.757358
千代田区,神田花岡町,-,東京都千代田区神田花岡町1-1 ヨドバシカメラマルチメディアAkiba 9F,Akiba Golf Studio(アキバゴルフスタジオ),ゴルフ練習場,35.698975,139.774692
千代田区,神田三崎町二丁目,-,東京都千代田区三崎町2-6-6 光建ビル 3-5F,格闘技ジム アカデミア・アーザ,スポーツクラブ/フィットネスクラブ,35.700232,139.753878
千代田区,神田小川町二丁目,-,東京都千代田区神田小川町2-4-6 OUTDOOR PLAZA 5F,RDC BASE(アールディーシ- ベ-ス) 神田小川町店,スポーツ施設/運動公園,35.694618,139.76432
千代田区,富士見二丁目,-,東京都千代田区富士見2-4-9 千代田富士見スカイマンション 209,Y personal training gym(ワイ パーソナル トレーニング ジム) ワイジム,スポーツクラブ/フィットネスクラブ,35.6998,139.745943
千代田区,神田三崎町二丁目,-,東京都千代田区神田三崎町2-17-9 ACN水道橋駅前ビル B1F,ACN GOLF RANGE(エーシーエヌ ゴルフ レンジ) 水道橋,ゴルフ練習場,35.701358,139.753379
千代田区,丸の内一丁目,大丸有,東京都千代田区丸の内1-5-1 新丸の内ビルディング(新丸ビル)B1F,MARUNOUCHI Bike&Run(マルノウチ バイクアンドラン),スポーツクラブ/フィットネスクラブ,35.682621,139.764244
千代田区,有楽町二丁目,大丸有,東京都千代田区有楽町2-10-1 東京交通会館 1F,STEPGOLF PREMIUM YURAKUCHO(ステップゴルフ プレミアム ユウラクチョウ),ゴルフ練習場,35.67489,139.764331
千代田区,六番町,-,東京都千代田区六番町1-7,MTX ACADEMY(アカデミー),スポーツクラブ/フィットネスクラブ,35.68761,139.734687
千代田区,麹町二丁目,-,東京都千代田区麹町2-8-5 麹町285ビル B1F,キャピタルゴルフレンジ,ゴルフ練習場,35.685051,139.740195
千代田区,神田岩本町,-,東京都千代田区神田岩本町1-1 岩本町ビル 3F,Bodyke(ボディーク) 秋葉原本店,スポーツクラブ/フィットネスクラブ,35.696151,139.775072
千代田区,神田須田町二丁目,-,東京都千代田区神田須田町2-1-3 BP秋葉原ビル 2F,パーソナルトレーニングジムREAL WORKOUT(リアルワークアウト) 秋葉原・神田店,スポーツクラブ/フィットネスクラブ,35.695848,139.773734
千代田区,神田神保町一丁目,-,東京都千代田区神田神保町1-103 東京パークタワー1F,LoungeRange(ラウンジレンジ) 神保町,ゴルフ練習場,35.694206,139.759218
千代田区,鍛冶町二丁目,-,東京都千代田区鍛冶町2-9-4 日宝神田イーストII 5F,Apple GYM(アップルジム) 神田店,スポーツクラブ/フィットネスクラブ,35.693044,139.771907
千代田区,神田松永町,-,東京都千代田区神田松永町18-2 秋葉原NORTH COURT 5F,Apple GYM(アップルジム) 秋葉原店,スポーツクラブ/フィットネスクラブ,35.7005,139.775133
千代田区,神田東松下町,-,東京都千代田区神田東松下町39 神田トーセイビル1F,ゴルフパフォーマンス 神田店,ゴルフ練習場,35.694076,139.772759
千代田区,岩本町三丁目,-,東京都千代田区岩本町3-3-6 井門岩本町ビルB1F,ゴルフパフォーマンス 秋葉原店,ゴルフ練習場,35.695314,139.776424
千代田区,大手町一丁目,大丸有,東京都千代田区大手町2-1-1,グランサイズ大手町,スポーツクラブ/フィットネスクラブ,35.685715,139.762952
千代田区,神田神保町二丁目,-,東京都千代田区神田神保町2-10-31 iwビル6F,studio Body Link(スタジオ ボディ リンク),スポーツスクール/体験,35.697278,139.755924
千代田区,神田猿楽町二丁目,-,東京都千代田区神田猿楽町2丁目8-8,エスフォルタ水道橋,スポーツクラブ/フィットネスクラブ,35.700731,139.757931
千代田区,飯田橋四丁目,-,東京都千代田区飯田橋4丁目5-6,極真会館飯田橋道場,スポーツスクール/体験,35.70046,139.747141
千代田区,外神田三丁目,-,東京都千代田区外神田3-6-2F H協和スクエア502号,パーソナルトレーニングジム ティーバランス秋葉原店,スポーツクラブ/フィットネスクラブ,35.702304,139.769621
千代田区,平河町二丁目,-,東京都千代田区平河町2-4-5,HYPERION GOLF STUDIO(ヒューぺリオン ゴルフ スタジオ) 麹町店,ゴルフ練習場,35.682143,139.738399
千代田区,内神田二丁目,-,東京都千代田区内神田2丁目1-8,千代田区立スポーツセンター弓道場,スポーツ施設/運動公園,35.689136,139.767684
千代田区,丸の内三丁目,大丸有,東京都千代田区丸の内3丁目2,セントラルスポーツジム&ラン丸の内二重橋,スポーツクラブ/フィットネスクラブ,35.677942,139.761055
千代田区,三番町,-,東京都千代田区三番町1,セントラルスポーツジム24三番町,スポーツクラブ/フィットネスクラブ,35.689366,139.744929
千代田区,神田須田町二丁目,-,東京都千代田区神田須田町2丁目1-1,PHOENIXキックボクシング&ムエタイジム,スポーツ施設/運動公園,35.69595,139.771506
千代田区,永田町二丁目,赤坂,東京都千代田区永田町2丁目4-11,フレンドシップカントリークラブ,ゴルフ場,35.672126,139.742171
千代田区,神田神保町一丁目,-,東京都千代田区神田神保町1丁目58,ハイテクスポーツ塾,スポーツ施設/運動公園,35.698513,139.757281
千代田区,神田駿河台一丁目,-,東京都千代田区神田駿河台1丁目5-6,トレードウインドマリーン,スポーツスクール/体験,35.698799,139.761096
千代田区,神田小川町三丁目,-,東京都千代田区神田小川町3丁目24-15,スポーツオーパ、ハング・パラスクール,スポーツスクール/体験,35.695505,139.762802
千代田区,神田小川町三丁目,-,東京都千代田区神田小川町3-28-13,ナビゲーションスクール,スポーツスクール/体験,35.695755,139.763171
千代田区,神田三崎町三丁目,-,東京都千代田区神田三崎町3丁目6-12,レックゴルフスクール水道橋,スポーツスクール/体験,35.701735,139.751367
千代田区,永田町二丁目,赤坂,東京都千代田区永田町2丁目13-10,WOW’D赤坂店,スポーツクラブ/フィットネスクラブ,35.676043,139.738706
千代田区,神田駿河台一丁目,-,東京都千代田区神田駿河台1-8-11,YWCAフィットネスワオ,スポーツ施設/運動公園,35.697851,139.762852
千代田区,外神田一丁目,-,東京都千代田区外神田1丁目3-13,N・Sゴルフスクール秋葉原スタジオ,スポーツスクール/体験,35.698475,139.769821
千代田区,神田神保町一丁目,-,東京都千代田区神田神保町1丁目60,加圧リハビット,スポーツ施設/運動公園,35.695378,139.759458
千代田区,九段南三丁目,-,東京都千代田区九段南3-9-11,インドアゴルフ坂の上,ゴルフ練習場,35.692221,139.741301
千代田区,神田小川町二丁目,-,東京都千代田区神田小川町2-4-6,ヒワラニ,スポーツクラブ/フィットネスクラブ,35.694618,139.76432
千代田区,神田錦町一丁目,-,東京都千代田区神田錦町1丁目14-7,東京ナビゲーション,スポーツスクール/体験,35.693831,139.76423
千代田区,飯田橋一丁目,-,東京都千代田区飯田橋1丁目3-7,パーソナルスタジオBee,スポーツクラブ/フィットネスクラブ,35.698087,139.749895
千代田区,飯田橋一丁目,-,東京都千代田区飯田橋1丁目7-4,パーソナルトレーニングジムgis,スポーツクラブ/フィットネスクラブ,35.699155,139.748539
千代田区,神田小川町三丁目,-,東京都千代田区神田小川町3丁目16-1,BoogieWonderFitnessClub.,スポーツクラブ/フィットネスクラブ,35.696746,139.760386
千代田区,麹町二丁目,-,東京都千代田区麹町2丁目5-20,ゴルフ医科学研究所,スポーツスクール/体験,35.683426,139.740434
千代田区,西神田二丁目,-,東京都千代田区西神田2丁目2-13,わたしのゴルフ水道橋店,スポーツスクール/体験,35.698807,139.755888
中央区,日本橋浜町二丁目,-,東京都中央区日本橋浜町2-59-1,中央区総合スポーツセンター,スポーツ施設/運動公園,35.687799,139.789413
中央区,銀座二丁目,-,東京都中央区銀座2-11-8 ラウンドクロス銀座2丁目 5F,ライザップ 銀座店,スポーツクラブ/フィットネスクラブ,35.672134,139.768982
中央区,日本橋一丁目,日八京,東京都中央区日本橋1-16-3 日本橋木村ビル 2F,ライザップゴルフ 日本橋店,ゴルフ練習場,35.682292,139.77683
中央区,八丁堀三丁目,-,東京都中央区八丁堀3-17-9,京華スクエア,スポーツ施設/運動公園,35.675083,139.775312
中央区,日本橋小伝馬町,-,東京都中央区日本橋小伝馬町5-1,十思スクエア,スポーツ施設/運動公園,35.69111,139.776994
中央区,月島一丁目,-,東京都中央区月島1-9-2,月島スポーツプラザ,スポーツ施設/運動公園,35.66514,139.782981
中央区,豊海町,-,東京都中央区豊海町3-19,豊海テニス場,スポーツ施設/運動公園,35.6534,139.77129
中央区,銀座一丁目,-,東京都中央区銀座1-2-1 東京都高速道路紺屋ビル 2F,ゴールドジム 銀座東京,スポーツクラブ/フィットネスクラブ,35.67519,139.767851
中央区,銀座三丁目,-,東京都中央区銀座3丁目4-12 文祥堂銀座ビルB1・B2F,ゴールドジム 銀座中央,スポーツクラブ/フィットネスクラブ,35.672581,139.765488
中央区,京橋三丁目,日八京,東京都中央区京橋3-7-1 京橋相互館110タワー B1F,FEELCYCLE(フィールサイクル) 銀座京橋,スポーツクラブ/フィットネスクラブ,35.675748,139.77008
中央区,銀座四丁目,-,東京都中央区銀座4-4-1 銀座清水ビル B1F,jump one Ginza.4(ジャンプ ワン ギンザフォー),スポーツクラブ/フィットネスクラブ,35.672317,139.765008
中央区,銀座四丁目,-,東京都中央区銀座4-9-5 銀昭ビル B1F,EXPA(エクスパ) 銀座店,スポーツクラブ/フィットネスクラブ,35.670611,139.767066
中央区,銀座四丁目,-,東京都中央区銀座4-4-1 八光ビルB1F,PLA YGROUND(プレイ グラウンド) 銀座,スポーツクラブ/フィットネスクラブ,35.672394,139.765178
中央区,銀座五丁目,-,東京都中央区晴海5丁目9番,中央区立晴海運動場,スポーツ施設/運動公園,35.670374,139.765785
中央区,八重洲一丁目,日八京,東京都中央区八重洲2-1 八重洲地下街内,Dr.(ドクター)ストレッチ 八重洲地下街店,スポーツスクール/体験,35.680353,139.769219
中央区,銀座二丁目,-,東京都中央区銀座2-6-5 銀座トレシャス8F,サーフフィットスタジオ,スポーツクラブ/フィットネスクラブ,35.673648,139.767151
中央区,銀座五丁目,-,東京都中央区銀座5-4-9 ニューギンザ5ビル 5F,Luxool(ラグール)銀座,スポーツクラブ/フィットネスクラブ,35.671374,139.762792
中央区,湊一丁目,-,東京都中央区湊1-1-2 桜川屋上公園内,桜川ゲートボール場,スポーツ施設/運動公園,35.673499,139.77891
中央区,日本橋本町一丁目,日八京,東京都中央区日本橋本町1-4-9 ミヤギ日本橋ビル 1-2F,エニタイムフィットネス 日本橋本町店,スポーツクラブ/フィットネスクラブ,35.686526,139.776331
中央区,日本橋馬喰町二丁目,-,東京都中央区日本橋馬喰町2-3-2 セントピアビル 1F,エニタイムフィットネス 日本橋馬喰町店,スポーツクラブ/フィットネスクラブ,35.695445,139.782262
中央区,八丁堀三丁目,-,東京都中央区八丁堀3-14-2 東八重洲シティービル B1F,エニタイムフィットネス 八丁堀店,スポーツクラブ/フィットネスクラブ,35.675777,139.775791
中央区,銀座七丁目,-,東京都中央区銀座7-16-21 木挽ビル B1,エニタイムフィットネス 東銀座店,スポーツクラブ/フィットネスクラブ,35.667002,139.765667
中央区,日本橋浜町三丁目,-,東京都中央区日本橋浜町3-3-1 トルナーレ日本橋浜町 1F(113),エニタイムフィットネス 日本橋浜町店,スポーツクラブ/フィットネスクラブ,35.684803,139.788005
中央区,築地三丁目,-,東京都中央区築地3-9-10 築地ビルディング 2階,FASTGYM24 築地店,スポーツクラブ/フィットネスクラブ,35.668082,139.773018
中央区,日本橋人形町一丁目,-,東京都中央区日本橋人形町1-4-10 人形町センタービル 2階,FASTGYM24 人形町店,スポーツクラブ/フィットネスクラブ,35.685783,139.781783
中央区,銀座四丁目,-,東京都中央区銀座4-3-1 並木館銀座8F,ミットネス 銀座店,スポーツクラブ/フィットネスクラブ,35.672547,139.764689
中央区,銀座五丁目,-,東京都中央区銀座5-8-9 BINO銀座B2F,FEELCYCLE Ginza,スポーツクラブ/フィットネスクラブ,35.670099,139.764546
中央区,銀座七丁目,-,東京都中央区銀座7-13-12 サクセス銀座7ビル2F,ライザップ 汐留店,スポーツクラブ/フィットネスクラブ,35.667422,139.763926
中央区,銀座四丁目,-,東京都中央区銀座4-8-4 三原ビルディング 3F,GOLFTEC(ゴルフテック) 銀座ANNEX店,ゴルフ練習場,35.670797,139.766765
中央区,晴海一丁目,-,東京都中央区晴海1-3-29,月島運動場,スポーツ施設/運動公園,35.65915,139.786347
中央区,明石町,-,東京都中央区明石町8-1 聖路加タワー B2F,東急スポーツオアシス聖路加ガーデン店,スポーツクラブ/フィットネスクラブ,35.666942,139.778492
中央区,八丁堀四丁目,-,東京都中央区八丁堀4-9-13 ニチレックビル 2階,FASTGYM24 八丁堀店,スポーツクラブ/フィットネスクラブ,35.674238,139.777009
中央区,銀座二丁目,-,東京都中央区銀座2-2-14,ビューティーテラス マロニエゲート銀座1店,スポーツクラブ/フィットネスクラブ,35.674322,139.765448
中央区,新川二丁目,-,東京都中央区新川2-6-3,武神館 手塚道場,スポーツスクール/体験,35.676493,139.781486
中央区,銀座四丁目,-,東京都中央区銀座4-2-17 銀座111レジャービル13F,ストレッチ専門店Dr.ストレッチ 銀座数寄屋橋店,スポーツスクール/体験,35.672815,139.76415
中央区,銀座三丁目,-,東京都中央区銀座3-3-1 ZOE銀座 4F,ホットヨガスタジオLAVA(ラバ) 銀座本店,スポーツスクール/体験,35.673405,139.765839
中央区,月島三丁目,-,東京都中央区月島3-13-7 マルベリー月島 2F,Fit Bit(フィット ビット) 月島店,スポーツスクール/体験,35.66177,139.780794
中央区,佃二丁目,-,東京都中央区佃2-2-9,フィットネス&スパNAS(ナス) リバーシティ21,スポーツクラブ/フィットネスクラブ,35.669075,139.786377
中央区,新富一丁目,-,東京都中央区新富1-6-17 TDKビル,PREMIUM LIFE FITNESS(プレミアムライフフィットネス) 新富町店,スポーツクラブ/フィットネスクラブ,35.672875,139.773405
中央区,銀座二丁目,-,東京都中央区銀座2-8-12 ユニデン銀座ビル 9F・10F,b-monster GINZA studio(ビーモンスター ギンザ スタジオ),スポーツクラブ/フィットネスクラブ,35.672518,139.767704
中央区,銀座八丁目,-,東京都中央区銀座8-11-13エリザベスビル3F,SKY GOLF SCHOOL(スカイゴルフスクール),ゴルフ練習場,35.667789,139.762796
中央区,日本橋人形町一丁目,-,東京都中央区日本橋人形町1-17-7 ナンヤビル 5F,櫻井ゴルフスタジオ,ゴルフ練習場,35.685197,139.782961
中央区,銀座六丁目,-,東京都中央区銀座6-10-1 GINZA SIX内,BEAUTY TERRACE GINZA -DRESS CIRCLE-(ビューティー テラス ギンザ ドレス サークル) GINZA SIX店,スポーツクラブ/フィットネスクラブ,35.669656,139.763988
中央区,銀座四丁目,-,東京都中央区銀座4-2-17 銀座111レジャービル 11-13F,美健LABO フィットネス館,スポーツクラブ/フィットネスクラブ,35.672815,139.76415
中央区,勝どき一丁目,-,東京都中央区勝どき1-1 プラザ勝どき A棟2F,スポーツクラブNAS 勝どき,スポーツクラブ/フィットネスクラブ,35.661231,139.77647
中央区,銀座四丁目,-,東京都中央区銀座4-3-1 並木館10F,LOIVE-plus-(ロイブプラス) 銀座店,スポーツクラブ/フィットネスクラブ,35.672547,139.764689
中央区,築地一丁目,-,東京都中央区築地1-13-1 銀座松竹スクエア 2F,PGM ゴルフアカデミー 銀座,スポーツスクール/体験,35.668154,139.769481
中央区,日本橋二丁目,日八京,東京都中央区日本橋2-5-1 日本橋高島屋S.C.新館4F,ニュートラルワークス.ニホンバシ 日本橋高島屋S.C.店,スポーツクラブ/フィットネスクラブ,35.68128,139.773788
中央区,銀座一丁目,-,東京都中央区銀座1-8-19 3F,Face Lift Lesson(フェイス レフト レッスン) スタジオ,スポーツクラブ/フィットネスクラブ,35.674358,139.768724
中央区,日本橋二丁目,日八京,東京都中央区日本橋2-2-20 日本橋仲通りビル 6F,CREBIQ(クレビック) 東京日本橋店,スポーツクラブ/フィットネスクラブ,35.682031,139.772017
中央区,銀座三丁目,-,東京都中央区銀座3-9-2,ヨガ教室ノア 銀座校,スポーツクラブ/フィットネスクラブ,35.671928,139.768133
中央区,八丁堀二丁目,-,東京都中央区八丁堀2-30-16 T&Yビル 2・3F,TRY Fitness & Sports Space(トライ フィットネス アンド スポーツ スペース),スポーツクラブ/フィットネスクラブ,35.675963,139.778807
中央区,銀座四丁目,-,東京都中央区銀座4-1 西銀座 B2F,エクササイズコーチ 銀座店,スポーツクラブ/フィットネスクラブ,35.673064,139.763533
中央区,銀座四丁目,-,東京都中央区銀座4-14-6 ウイント銀座8ヒル4F,RDC GYM(アールディーシージム),スポーツクラブ/フィットネスクラブ,35.66916,139.768902
中央区,日本橋人形町三丁目,-,東京都中央区日本橋人形町3-2-3 セイビ人形町ビル別館 1F・3F,SALUTEM GYM & STRETCH(ソルテム ジム アンド ストレッチ),スポーツクラブ/フィットネスクラブ,35.686273,139.780005
中央区,日本橋蛎殻町二丁目,-,東京都中央区日本橋蛎殻町2-6-8 森田ビル 2F,BODY CONTROL(ボディ コントロール) 水天宮スタジオ,スポーツクラブ/フィットネスクラブ,35.683886,139.785957
中央区,月島一丁目,-,東京都中央区月島1-22-1 ミッドタワーグランド1F 112区画,Dr.stretch(ドクターストレッチ) 月島店,スポーツクラブ/フィットネスクラブ,35.663543,139.782303
中央区,日本橋室町一丁目,日八京,東京都中央区日本橋室町1-4-1 日本橋三越本店 新館9F,三越カルチャーサロン,スポーツスクール/体験,35.685062,139.774131
中央区,銀座六丁目,-,東京都中央区銀座6-4-6 646ビル B1F,BurnesStyle GINZA(バーネススタイル ギンザ),スポーツクラブ/フィットネスクラブ,35.671337,139.761714
中央区,銀座一丁目,-,東京都中央区銀座1-15-13 VORT銀座レジデンス,1on1 YOGA(ワンオンワン ヨガ) 銀座,スポーツクラブ/フィットネスクラブ,35.673708,139.769992
中央区,銀座一丁目,-,東京都中央区銀座1-7-17 ヒューリック銀座1丁目ガス灯通りビル 3F,PRGR GINZA EX(プロギア ギンザ イーエックス),ゴルフ練習場,35.674573,139.767981
中央区,銀座三丁目,-,東京都中央区銀座3-6-1 松屋銀座 5F,GYM CLOUD(ジム クラウド) 松屋銀座店,スポーツクラブ/フィットネスクラブ,35.672262,139.766653
中央区,新富二丁目,-,東京都中央区新富2-13-1 榮ビル 3F,Lani Garden(ラニ ガーデン),スポーツクラブ/フィットネスクラブ,35.670771,139.774423
中央区,銀座一丁目,-,東京都中央区銀座1-18-2 辰ビル1F,ストレッチ専門店Dr.ストレッチ 銀座一丁目店,スポーツスクール/体験,35.673954,139.771488
中央区,銀座二丁目,-,東京都中央区銀座2-7-18 メルサ銀座2丁目店 3F,ストレッチ専門店Dr.ストレッチ 銀座二丁目店,スポーツスクール/体験,35.673453,139.767816
中央区,銀座七丁目,-,東京都中央区銀座7-2-4 アンジェリックフォセッテビル4F,パーソナルジムASPI(アスピ)銀座有楽町店,スポーツクラブ/フィットネスクラブ,35.671012,139.760636
中央区,銀座四丁目,-,東京都中央区銀座4-1 西銀座 B2F,トレーナーズ 西銀座店,スポーツクラブ/フィットネスクラブ,35.673064,139.763533
中央区,築地二丁目,-,東京都中央区築地2-10-4 エミタ銀座イーストビル 6F,Bios(ビオス) 銀座築地店,スポーツクラブ/フィットネスクラブ,35.668995,139.773415
中央区,銀座二丁目,-,東京都中央区銀座2-9-13 GINZA-2ビル7F,APFCLUB 銀座 (エーピーエフクラブ),スポーツクラブ/フィットネスクラブ,35.672571,139.768103
中央区,日本橋蛎殻町一丁目,-,東京都中央区日本橋蛎殻町1-13-7 日本橋岡村ビル B1F,Bios(ビオス) 人形町店,スポーツクラブ/フィットネスクラブ,35.684002,139.782355
中央区,東日本橋三丁目,-,東京都中央区東日本橋3-8-1 東日本橋コーポラス3F,I&Bゴルフスクール 東日本橋店,スポーツスクール/体験,35.691317,139.784
中央区,日本橋小伝馬町,-,東京都中央区日本橋小伝馬町3-10 上嘉ビル 3F,JIKUBUREBU(ジクブレブ),スポーツクラブ/フィットネスクラブ,35.69055,139.777867
中央区,銀座三丁目,-,東京都中央区銀座3-12-5 宏和ビル 3F,パーソナルトレーニングジム JOHNNY STYLE(ジョニー スタイル) 銀座店,スポーツクラブ/フィットネスクラブ,35.670775,139.769261
中央区,日本橋横山町,-,東京都中央区日本橋横山町3-14,オビフィットネス,スポーツクラブ/フィットネスクラブ,35.692002,139.781937
中央区,銀座二丁目,-,東京都中央区銀座2-8-18 グランベル銀座ビル601,CREBIQ(クレビック)銀座店,スポーツ施設/運動公園,35.673081,139.767944
中央区,銀座三丁目,-,東京都中央区銀座3-12-7 原町ビル5F,eviGym(エビジム) 銀座3rd店,スポーツクラブ/フィットネスクラブ,35.670519,139.768982
中央区,銀座四丁目,-,東京都中央区銀座4-10-6 G4ビル3・4F,eviGym(エビジム) 銀座店,スポーツクラブ/フィットネスクラブ,35.670165,139.767236
中央区,銀座三丁目,-,東京都中央区銀座3-14-17 kobikissGINZA 9,プライベートパーソナルトレーニングジム ゴーズジム 銀座店,スポーツクラブ/フィットネスクラブ,35.67031,139.769596
中央区,日本橋人形町一丁目,-,東京都中央区日本橋人形町1-18-6 日宝人形町ビル4・5F,Apple GYM(アップルジム) 人形町店,スポーツクラブ/フィットネスクラブ,35.685874,139.782461
中央区,銀座五丁目,-,東京都中央区銀座5-10-6 第一銀座ビル6F,Apple GYM(アップルジム) 銀座店,スポーツクラブ/フィットネスクラブ,35.669624,139.765307
中央区,銀座一丁目,-,東京都中央区銀座 1-15-13 VORT銀座residence 504号,パーソナルトレーニングジム ティーバランス銀座店,スポーツクラブ/フィットネスクラブ,35.673714,139.77006
中央区,日本橋二丁目,日八京,東京都中央区日本橋2-1-20 ディア日本橋タワー 12F,リボーンマイセルフ 東京店,スポーツスクール/体験,35.681861,139.774234
中央区,勝どき二丁目,-,東京都中央区勝どき2-9-12,ライラプス東京北星ジム,スポーツクラブ/フィットネスクラブ,35.659222,139.778128
中央区,日本橋大伝馬町,-,東京都中央区日本橋大伝馬町6-5,ビッグスギゴルフアカデミー,ゴルフ練習場,35.689584,139.778899
中央区,銀座一丁目,-,東京都中央区銀座1-2-2,ワウディーTOKYO,スポーツクラブ/フィットネスクラブ,35.675167,139.76793
中央区,銀座四丁目,-,東京都中央区銀座4丁目11-2,富士ヘルスアンドカントリークラブ,ゴルフ場,35.670265,139.768123
中央区,銀座五丁目,-,東京都中央区銀座5-10-6,TRTゴルフスクール,スポーツスクール/体験,35.669624,139.765307
中央区,日本橋本町二丁目,日八京,東京都中央区日本橋本町2,ARM TOKYO(エー アール エム トウキョウ),スポーツクラブ/フィットネスクラブ,35.68785,139.775751
中央区,銀座六丁目,-,東京都中央区銀座6-13-7,22club銀座,スポーツスクール/体験,35.66887,139.764869
中央区,八丁堀二丁目,-,東京都中央区八丁堀2-6-1,住地ゴルフスクール本部,スポーツスクール/体験,35.677316,139.775694
中央区,銀座二丁目,-,東京都中央区銀座2-11-15,BASIピラティス銀座スタジオ,スポーツスクール/体験,35.672161,139.768782
中央区,日本橋本町四丁目,日八京,東京都中央区日本橋本町4丁目2-11,マレア東京,スポーツスクール/体験,35.689536,139.773984
中央区,新川二丁目,-,東京都中央区新川2-8-4,空手之道世界連盟(NPO法人),スポーツスクール/体験,35.675719,139.779945
中央区,佃一丁目,-,東京都中央区佃1-11-5,ミミフィットネスクラブリバーシティ,スポーツクラブ/フィットネスクラブ,35.66912,139.783435
中央区,東日本橋三丁目,-,東京都中央区東日本橋3丁目8-1,SPORTSINSYNC.,スポーツクラブ/フィットネスクラブ,35.69196,139.783211
中央区,銀座四丁目,-,東京都中央区銀座4丁目12-17,アスリーダーズ銀座本店,スポーツクラブ/フィットネスクラブ,35.669532,139.767504
中央区,銀座四丁目,-,東京都中央区銀座4丁目14-6,BASIピラティススタジオ新橋店,スポーツスクール/体験,35.669113,139.768852
中央区,勝どき三丁目,-,東京都中央区勝どき3丁目3-19,ベイリズム勝どき,スポーツスクール/体験,35.659585,139.775092
中央区,日本橋本町四丁目,日八京,東京都中央区日本橋本町4丁目6-10,合気道錬身会,スポーツスクール/体験,35.690266,139.774933
中央区,銀座八丁目,-,東京都中央区銀座8-7,YOKOTAGOLFBASE銀座,スポーツスクール/体験,35.668233,139.760706
中央区,日本橋本町二丁目,日八京,東京都中央区日本橋本町2丁目3-5,LBodymakeStudio,スポーツクラブ/フィットネスクラブ,35.68765,139.775416
中央区,銀座一丁目,-,東京都中央区銀座1丁目19-3,アトランティス東京店,スポーツスクール/体験,35.673572,139.771393
中央区,日本橋人形町一丁目,-,東京都中央区日本橋人形町1丁目2-3,キックボクシングジムFAITH,スポーツ施設/運動公園,35.685191,139.780664
中央区,銀座二丁目,-,東京都中央区銀座2丁目8-19,UNDEUX銀座スタジオ,スポーツ施設/運動公園,35.6732,139.768082
中央区,日本橋蛎殻町一丁目,-,東京都中央区日本橋蛎殻町1丁目18-2,わたしのゴルフ日本橋蛎殻町店,スポーツスクール/体験,35.682218,139.782891
中央区,八丁堀四丁目,-,東京都中央区八丁堀4丁目11-3,Gスタジオ&合田洋ゴルフクリニック,ゴルフ場,35.673959,139.777209
中央区,築地二丁目,-,東京都中央区築地2丁目7-6,わたしのゴルフ築地店,スポーツスクール/体験,35.669524,139.772856
中央区,銀座八丁目,-,東京都中央区銀座8丁目7,カルドGINZA9,スポーツクラブ/フィットネスクラブ,35.668233,139.760706
中央区,日本橋人形町一丁目,-,東京都中央区日本橋人形町1丁目16-1,Resort1st,スポーツ施設/運動公園,35.684419,139.783371
港区,南青山三丁目,-,東京都港区南青山3-8-40 青山センタービル1F/B1F,b-monster AOYAMA(ビーモンスターアオヤマ),スポーツクラブ/フィットネスクラブ,35.667425,139.715132
港区,芝公園三丁目,虎ノ門,東京都港区芝公園3-6-7,芝給水所公園運動場多目的運動広場,スポーツ施設/運動公園,35.661355,139.745215
港区,港南五丁目,-,東京都港区港南5-4-38 松岡品川埠頭ビル103,ロッキーボルダリングクラブ 品川,スポーツ施設/運動公園,35.627387,139.7565
港区,芝浦一丁目,-,東京都港区芝浦1-16-1 みなとパーク芝浦内,港区スポーツセンター,スポーツ施設/運動公園,35.646589,139.751787
港区,海岸三丁目,-,東京都港区海岸3-33-20,芝浦南ふ頭公園運動広場(かいがんぱ-く),スポーツ施設/運動公園,35.637222,139.76
港区,台場一丁目,-,東京都港区台場1-7-1 アクアシティお台場 東エリア 5F,HADO ARENA(ハドー アリーナ) お台場店,スポーツクラブ/フィットネスクラブ,35.627948,139.773834
港区,港南一丁目,-,東京都港区港南1丁目4番1号,芝浦中央公園運動場,スポーツ施設/運動公園,35.634131,139.746722
港区,六本木六丁目,六本木,東京都港区六本木6-2-31 六本木ヒルズノースタワー 1F,ルルレモン 六本木ヒルズ,スポーツクラブ/フィットネスクラブ,35.661681,139.729857
港区,南青山三丁目,-,東京都港区南青山3-13-18 313南青山ビル B1F,FEELCYCLE OMS(フィールサイクル オモテサンドウ)店,スポーツクラブ/フィットネスクラブ,35.665517,139.71336
港区,芝公園二丁目,-,東京都港区芝公園2-7-2,アクアフィールド芝公園(芝公園多目的運動場),スポーツ施設/運動公園,35.654572,139.750634
港区,南麻布五丁目,-,東京都港区南麻布5丁目6-33,港区立 麻布運動場,スポーツ施設/運動公園,35.652478,139.727807
港区,南青山二丁目,-,東京都港区南青山2丁目21番12号,青山運動場,スポーツ施設/運動公園,35.668976,139.718564
港区,六本木六丁目,六本木,東京都港区六本木6-4-1 六本木ヒルズ・メトロハット/ハリウッドプラザ3F,フィールサイクル 六本木ヒルズ店,スポーツクラブ/フィットネスクラブ,35.661533,139.729614
港区,赤坂四丁目,赤坂,東京都港区赤坂4-3-6 A-FLAG3F,ミットネス赤坂店,スポーツスクール/体験,35.674417,139.736132
港区,赤坂四丁目,赤坂,東京都港区赤坂4丁目18番13号 赤坂コミュニティーぷらざ6階,健康増進センター(ヘルシーナ),スポーツ施設/運動公園,35.674725,139.731753
港区,麻布十番一丁目,-,東京都港区麻布十番1-7-1 MGB麻布十番3F,basi(バシ)ピラティス 麻布十番スタジオ,スポーツクラブ/フィットネスクラブ,35.656668,139.734527
港区,六本木七丁目,六本木,東京都港区六本木7-12-3 パワーハウスビルB-2B,Polish(ポリッシュ) 六本木スタジオ,スポーツスクール/体験,35.664236,139.730416
港区,港南四丁目,-,東京都港区港南4-6-49 報知新聞社 本社ビル 3F,文武一道塾 志道館 港南道場,スポーツ施設/運動公園,35.626668,139.750754
港区,西麻布一丁目,-,東京都港区西麻布1丁目15-4,西麻布ゴルフ倶楽部,ゴルフ練習場,35.661602,139.723093
港区,三田一丁目,-,東京都港区三田1-3-31 フォーキャスト三田 1F,エニタイムフィットネス 三田店,スポーツクラブ/フィットネスクラブ,35.654553,139.743608
港区,海岸一丁目,-,東京都港区海岸1-1-1 アクティ汐留 2F,エニタイムフィットネス 浜松町汐留店,スポーツクラブ/フィットネスクラブ,35.658166,139.758775
港区,芝浦四丁目,-,東京都港区芝浦4-17-3 芝浦ビル 2F,エニタイムフィットネス 芝浦店,スポーツクラブ/フィットネスクラブ,35.637015,139.747127
港区,芝五丁目,-,東京都港区芝5-20-17 ルシマン田町 3F,エニタイムフィットネス 田町店,スポーツクラブ/フィットネスクラブ,35.647606,139.747041
港区,六本木三丁目,六本木,東京都港区六本木3-16-33 青葉六本木ビルディング 2F,エニタイムフィットネス 六本木店,スポーツクラブ/フィットネスクラブ,35.661988,139.736375
港区,赤坂五丁目,赤坂,東京都港区赤坂5-4-7 THE HEXAGON 2F,エニタイムフィットネス 赤坂店,スポーツクラブ/フィットネスクラブ,35.672089,139.735879
港区,新橋四丁目,虎ノ門広域,東京都港区新橋4-9-1 新橋プラザビル 2F,エニタイムフィットネス 新橋店,スポーツクラブ/フィットネスクラブ,35.664268,139.756558
港区,南麻布四丁目,-,東京都港区南麻布4-12-4 プラチナコート広尾 B1,エニタイムフィットネス 広尾店,スポーツクラブ/フィットネスクラブ,35.647481,139.72437
港区,南麻布二丁目,-,東京都港区南麻布2-11-10 OJビル 1F-B1,エニタイムフィットネス 南麻布2丁目店,スポーツクラブ/フィットネスクラブ,35.647684,139.735784
港区,南麻布三丁目,-,東京都港区南麻布3-19-23 オーク南麻布ビル1F,エニタイムフィットネス 南麻布3丁目店,スポーツクラブ/フィットネスクラブ,35.647387,139.730037
港区,芝二丁目,-,東京都港区芝2-5-10 芝公園NDビル 1F,エニタイムフィットネス 芝浜松町店,スポーツクラブ/フィットネスクラブ,35.652792,139.752191
港区,三田三丁目,-,東京都港区三田3-11-22 国際興業三田泉岳寺ビル 2F,エニタイムフィットネス 泉岳寺駅前店,スポーツクラブ/フィットネスクラブ,35.640457,139.741427
港区,赤坂三丁目,赤坂,"東京都港区赤坂3丁目13-14 赤坂TATSUMIビル3,4階",JOYFIT24赤坂,スポーツクラブ/フィットネスクラブ,35.673506,139.737161
港区,麻布十番二丁目,-,東京都港区麻布十番2-16-4 プラスワンビル2階,JOYFIT 麻布十番,スポーツクラブ/フィットネスクラブ,35.65423,139.735605
港区,南青山七丁目,-,東京都港区南青山7丁目12-12 南青山モワビル2F・3F,JOYFIT24南青山,スポーツクラブ/フィットネスクラブ,35.657837,139.718404
港区,赤坂五丁目,赤坂,東京都港区赤坂5-4-7 ヘキサゴンビル B1F,FEELCYCLE AKS(フィールサイクル アカサカ)店,スポーツクラブ/フィットネスクラブ,35.672089,139.735879
港区,南青山五丁目,-,東京都港区南青山5-12-19 EIGHTEENビル102号室,Royal Pilates Studio A-Core(ロイヤル ピラティス スタジオ アコア),スポーツクラブ/フィットネスクラブ,35.660794,139.712459
港区,芝公園四丁目,-,東京都港区芝公園4-8-4,芝公園 野球場兼競技場,スポーツ施設/運動公園,35.655563,139.749111
港区,虎ノ門二丁目,虎ノ門,東京都港区虎ノ門2-10-4 ホテルオークラ 1F,オークラヘルスクラブ,スポーツクラブ/フィットネスクラブ,35.667087,139.745524
港区,高輪三丁目,-,東京都港区高輪3-10-4 ブレスド高輪101,ballesonance Tokyo Baleet Studio(バレゾナンス トウキョウ バレエ スタジオ) 品川高輪教室,スポーツスクール/体験,35.63187,139.731733
港区,赤坂九丁目,六本木,東京都港区赤坂9丁目6-29 パシフィック乃木坂B1F,JOYFIT24乃木坂,スポーツクラブ/フィットネスクラブ,35.666664,139.728205
港区,南青山六丁目,-,東京都港区南青山6-2-2 南青山ホームズB1F,ゴールドジム 南青山東京,スポーツクラブ/フィットネスクラブ,35.661156,139.715192
港区,海岸一丁目,-,東京都港区海岸1-2-3 汐留芝離宮ビルディング2階,ゴールドジム 浜松町東京,スポーツクラブ/フィットネスクラブ,35.657206,139.758637
港区,北青山二丁目,-,東京都港区北青山 2-7-22 H・T・神宮外苑ビル 5F,B.E.A.T(ビート)外苑前,スポーツクラブ/フィットネスクラブ,35.671321,139.717258
港区,港南二丁目,-,東京都港区港南2-16-2 太陽生命品川ビル B1F,サウスゴルフアカデミー,スポーツクラブ/フィットネスクラブ,35.627165,139.740534
港区,南青山一丁目,-,東京都港区南青山1-11-26 シャンプラ-ジュ南青山 1F,SUGATA(スガタ) 青山店,スポーツスクール/体験,35.669659,139.723911
港区,六本木六丁目,六本木,東京都港区六本木6-6-9 ピラミデビルB1F,TIPNESS(ティップネス) 六本木店,スポーツクラブ/フィットネスクラブ,35.66201,139.731211
港区,北青山三丁目,-,東京都港区北青山3-5-20 FURLA 青山本店4階,FURLA yoga(フルラヨガ),スポーツクラブ/フィットネスクラブ,35.665757,139.712752
港区,六本木七丁目,六本木,東京都港区六本木7-4-4 アートシェルビル 3F,Magma spastudio insea(マグマスパスタジオインシー) 六本木店,スポーツクラブ/フィットネスクラブ,35.665588,139.728784
港区,高輪三丁目,-,東京都港区高輪3-25-33 長田ビル 5F,ライザップ 品川店,スポーツクラブ/フィットネスクラブ,35.631973,139.73794
港区,北青山二丁目,-,東京都港区北青山2-8-44 TEPIA B2F,東急スポーツオアシス青山店,スポーツクラブ/フィットネスクラブ,35.673069,139.716908
港区,六本木三丁目,六本木,東京都港区六本木3-17-10 六本木デュープレックスタワー B1F,ライザップ 六本木店,スポーツクラブ/フィットネスクラブ,35.661769,139.736932
港区,赤坂九丁目,六本木,東京都港区赤坂9-5-12 パークサイドシックスC棟1F,nature body house(ネイチャーボディハウス) 六本木,スポーツクラブ/フィットネスクラブ,35.667463,139.729698
港区,六本木七丁目,六本木,東京都港区六本木7-4-4 六本木アートシェル,サンクチュアリ六本木店,ゴルフ練習場,35.665588,139.728784
港区,港南一丁目,-,東京都港区港南1-2-70 品川シーズンテラス2F,RUN CUBE(ラン キューブ) 品川シーズンテラス,スポーツ施設/運動公園,35.63249,139.743003
港区,東麻布三丁目,-,東京都港区東麻布3-7-11 パークサイドビル2F・201,DIETA(ディエタ) 麻布十番店,スポーツスクール/体験,35.656303,139.738289
港区,南麻布五丁目,-,東京都港区南麻布5-16-8 エルスール広尾1F,ストレッチ専門店Dr.ストレッチ 広尾店,スポーツスクール/体験,35.651144,139.723352
港区,赤坂八丁目,赤坂,東京都港区赤坂8-11-19,JOHAN VOS SPORT SCHOOL(ヨハンボススポーツスクール),スポーツスクール/体験,35.66858,139.728982
港区,白金台四丁目,-,東京都港区白金台4-5-7 サンストン白金台203,ボディバランシング 白金台,スポーツクラブ/フィットネスクラブ,35.638643,139.727064
港区,赤坂四丁目,赤坂,東京都港区赤坂4-9-19 赤坂T.O.ビル1F,アズ・ゴルフスタジオ 赤坂,ゴルフ練習場,35.675051,139.732611
港区,赤坂三丁目,赤坂,東京都港区赤坂3-4-3 号赤坂マカベビルB1,ゴルフスタジオZAMET インドアレッスン赤坂,ゴルフ練習場,35.674174,139.738343
港区,北青山二丁目,-,東京都港区北青山2-7-28 NAビルB1F,ビタミン GOLF,ゴルフ練習場,35.671815,139.717059
港区,麻布十番一丁目,-,東京都港区麻布十番1-7-5 フェスタ麻布B2F,オレンジセオリー・フィットネス麻布十番,スポーツクラブ/フィットネスクラブ,35.655823,139.736494
港区,麻布十番二丁目,-,東京都港区麻布十番2-13-5,メガロスルフレ麻布十番,スポーツクラブ/フィットネスクラブ,35.654664,139.735165
港区,芝浦二丁目,-,東京都港区芝浦2-16-7 中野第3ビル3F,ファイトフィット 田町芝浦,スポーツスクール/体験,35.64443,139.752051
港区,南青山五丁目,-,東京都港区南青山5-12-27 WISE512ビル 401,チャームボディ表参道本店,スポーツクラブ/フィットネスクラブ,35.661503,139.712619
港区,麻布十番一丁目,-,東京都港区麻布十番1-7-1 ヨーロッパハウス5F,ヨガ・瞑想トレーニングサロン transtyle(トランスタイル),スポーツスクール/体験,35.656627,139.734601
港区,麻布台三丁目,-,東京都港区麻布台3-5-7,ワールドウィング麻布,スポーツクラブ/フィットネスクラブ,35.659912,139.740334
港区,西新橋二丁目,虎ノ門,東京都港区西新橋2-16-6,KITAERU CrossFit Toranomon(キタエル クロスフィット トラノモン),スポーツクラブ/フィットネスクラブ,35.66635,139.750441
港区,東新橋一丁目,虎ノ門広域,東京都港区東新橋1-9-1 東京汐留ビルディング Pedi汐留内 2F,FEELCYCLE(フィールサイクル) 汐留,スポーツクラブ/フィットネスクラブ,35.662931,139.761318
港区,白金台三丁目,-,東京都港区白金台3-16-8 クレール白金台1F・2F,メガロス 白金台,スポーツクラブ/フィットネスクラブ,35.636135,139.723093
港区,赤坂三丁目,赤坂,東京都港区赤坂3-13-4 第三吉田ビル B1F,エースゴルフクラブ赤坂,ゴルフ練習場,35.673173,139.737668
港区,高輪一丁目,-,東京都港区高輪1-5-21 ルート高輪ビル B1F,FITLABOx4(フィットラボ クロスフォー) 白金高輪店,スポーツクラブ/フィットネスクラブ,35.641024,139.73756
港区,麻布十番二丁目,-,東京都港区麻布十番2-9-2 B1F,美コア東京スタジオ POWERED BY Reebok(パワード バイ リーボック),スポーツクラブ/フィットネスクラブ,35.655031,139.734427
港区,六本木三丁目,六本木,東京都港区六本木3-7-1 ザ・六本木東京プラザ 2F,GOLFTEC by GDO(ゴルフテック バイ ジーディーオー) 六本木店,ゴルフ練習場,35.663726,139.734727
港区,虎ノ門三丁目,虎ノ門,東京都港区虎ノ門3-7-14 AMビルディング 3F,フィジオセンター,スポーツクラブ/フィットネスクラブ,35.664533,139.746057
港区,南麻布五丁目,-,東京都港区南麻布5-1-11 B1F・B2F,広尾ゴルフインパクト,スポーツスクール/体験,35.654895,139.722624
港区,六本木七丁目,六本木,東京都港区六本木7-18-8 第3大栄ビル 4F,BODY ARCHI(ボディアーキ) 六本木店,スポーツクラブ/フィットネスクラブ,35.662168,139.729201
港区,芝五丁目,-,東京都港区芝5-1-13 三ツ輪三田ビルB1F,カルペディエム 三田,スポーツスクール/体験,35.650026,139.745063
港区,南青山三丁目,-,東京都港区南青山3-3-3 リビエラ南青山ビル A館 3F,アコーディア・ガーデン 南青山,ゴルフ練習場,35.668124,139.716755
港区,麻布十番三丁目,-,東京都港区麻布十番3-1-2 プロポンス麻布 2F,トーマス体操スクール 麻布校,スポーツスクール/体験,35.65364,139.736506
港区,赤坂六丁目,赤坂,東京都港区赤坂6-4-10 赤坂ZENビル 1F,SIXPAD STATION(シックスパッド ステーション) 赤坂,スポーツクラブ/フィットネスクラブ,35.670094,139.734736
港区,虎ノ門四丁目,虎ノ門,東京都港区虎ノ門4-3-1 城山トラストタワー 3F,The Premier Club(ザ プリミア クラブ),スポーツクラブ/フィットネスクラブ,35.664708,139.743381
港区,南青山六丁目,-,東京都港区南青山6-1-3 コレッツィオーネ B1F,セントラルフィットネスクラブ 南青山,スポーツクラブ/フィットネスクラブ,35.662549,139.716429
港区,南青山三丁目,-,東京都港区南青山3-12-11,FACE LIFT GYM(フェイス リフト ジム) 青山店,スポーツクラブ/フィットネスクラブ,35.666099,139.713726
港区,西麻布四丁目,-,東京都港区西麻布4-22-11 MIC 西麻布ビル 2F,皆思道場,スポーツスクール/体験,35.657367,139.718484
港区,赤坂三丁目,赤坂,東京都港区赤坂3-10-4 月世界ビル B1F,TRI-FORCE(トライフォース)赤坂,スポーツクラブ/フィットネスクラブ,35.676045,139.736742
港区,三田四丁目,-,東京都港区三田4-1-9,キックボクシングジムRIKIX(リキックス) 三田GONZ店,スポーツクラブ/フィットネスクラブ,35.64774,139.741871
港区,北青山三丁目,-,東京都港区北青山3-15-9 AOYAMA101ビル B1F,クラヴマガ 青山トレーニングセンター,スポーツクラブ/フィットネスクラブ,35.664096,139.709135
港区,高輪二丁目,-,東京都港区高輪2-17-11,ヤマハゴルフスタジオ高輪,ゴルフ練習場,35.639252,139.739895
港区,三田五丁目,-,東京都港区三田5-6-8 ナカムラビル 4F,ロコムーブ,スポーツクラブ/フィットネスクラブ,35.646609,139.739847
港区,東麻布三丁目,-,東京都港区東麻布3-3-12 小林ビルB1,BEYOND(ビヨンド) 麻布十番店,スポーツクラブ/フィットネスクラブ,35.657176,139.738485
港区,六本木三丁目,六本木,東京都港区六本木3-15-22 陽光セントラルビル 1F,Dr.stretch(ドクターストレッチ) 六本木店,スポーツクラブ/フィットネスクラブ,35.662227,139.735164
港区,六本木三丁目,六本木,東京都港区六本木3-6-8 谷川ビル 2F&3F,Sanitas(サニタス) 六本木店,スポーツクラブ/フィットネスクラブ,35.663324,139.736268
港区,六本木三丁目,六本木,東京都港区六本木3-16-33 青葉六本木ビル B1,データフィットネス六本木,スポーツクラブ/フィットネスクラブ,35.662092,139.736386
港区,虎ノ門一丁目,虎ノ門,東京都港区虎ノ門1-2-18 虎之門興業ビル 5F,StudioFit(スタジオフィット),スポーツクラブ/フィットネスクラブ,35.669387,139.747466
港区,赤坂八丁目,赤坂,東京都港区赤坂8-12-16 NOZY赤坂601,Functional training gym NEXUS(ファンクショナル トレーニング ジム ネクサス) 赤坂店,スポーツクラブ/フィットネスクラブ,35.669931,139.730482
港区,赤坂九丁目,六本木,東京都港区赤坂9-7-2 東京ミッドタウン プラザ B1F,Dr.stretch(ドクターストレッチ) 東京ミッドタウン店,スポーツクラブ/フィットネスクラブ,35.66612,139.731289
港区,東麻布二丁目,-,東京都港区東麻布2-22-5 ベルス麻布 3F,CoCoDakara Body Design(ココダカラ ボディー デザイン) 麻布十番店,スポーツクラブ/フィットネスクラブ,35.656597,139.740662
港区,西新橋三丁目,虎ノ門,東京都港区西新橋3-23-16,Majesty -onarimon club-(マジェスティ オナリモン クラブ),スポーツクラブ/フィットネスクラブ,35.662049,139.751253
港区,南青山三丁目,-,東京都港区南青山3-3-16 IQビルディング GF,Sky Pilates Tokyo(スカイ ピラティス トウキョウ),スポーツスクール/体験,35.667625,139.716858
港区,赤坂三丁目,赤坂,東京都港区赤坂3-21-12 赤坂一ツ木ビル 2F,パーソナルジムLOOKSLIKE 赤坂見附 BLUE(パーソナルジム ルックスライク アカサカミツケ ブルー),スポーツクラブ/フィットネスクラブ,35.676493,139.735734
港区,南青山五丁目,-,東京都港区南青山5-18-10 コーポラス明石 201,Women's Studio Flugel(ウーマンズ スタジオ フリューゲル) 表参道スタジオ,スポーツクラブ/フィットネスクラブ,35.660029,139.713783
港区,六本木四丁目,六本木,東京都港区六本木4-5-14 アーバンビル 401,Women's Studio Flugel(ウーマンズ スタジオ フリューゲル) 六本木スタジオ,スポーツクラブ/フィットネスクラブ,35.665004,139.732441
港区,元赤坂一丁目,赤坂,東京都港区元赤坂1-1-18 大原ビル 1・2F,StrategicGym89(ストラテジックジムエイトナイン),スポーツクラブ/フィットネスクラブ,35.677929,139.734222
港区,新橋一丁目,虎ノ門広域,東京都港区新橋1-5-6 銀座第3誠和ビル 7F受付 8F,24/7(トゥエンティーフォーセブン)ワークアウト 新橋・銀座店,スポーツクラブ/フィットネスクラブ,35.667695,139.759877
港区,西麻布四丁目,-,東京都港区西麻布4-10-3 B1F,HYPhysio. Lab.(ハイフィジオ ラボ) パーソナルジム・鍼灸,スポーツクラブ/フィットネスクラブ,35.657553,139.723013
港区,新橋五丁目,虎ノ門広域,東京都港区新橋5-35-8,Bios(ビオス) 西新橋店,スポーツクラブ/フィットネスクラブ,35.662905,139.753209
港区,東麻布三丁目,-,東京都港区東麻布3-7-11 パーク サイド ビル 2F,Bios(ビオス) 麻布十番店,スポーツクラブ/フィットネスクラブ,35.656303,139.738289
港区,赤坂四丁目,赤坂,東京都港区赤坂4-1-2 シントミ赤坂一ツ木ビル B1F,GOLFERS24(ゴルファーズ) 赤坂店,ゴルフ練習場,35.676842,139.735285
港区,東新橋一丁目,虎ノ門広域,東京都港区東新橋1-9-1 コンラッド東京 29F,水月スパ&フィットネス,スポーツクラブ/フィットネスクラブ,35.66294,139.761215
港区,海岸三丁目,-,東京都港区海岸3-26-1 バーク芝浦7F,Golf&Fitness Point(ゴルフアンドフィットネスポイント) 芝浦,ゴルフ練習場,35.645307,139.758579
港区,港南四丁目,-,東京都港区港南4-2-6 シティタワー品川 東棟 2F,ベイリズム品川,スポーツクラブ/フィットネスクラブ,35.631158,139.748079
港区,芝公園四丁目,-,東京都港区芝公園4-2-6 東京タワーフットタウン 3F,ランナーズサロン LOVESPO TOKYO,スポーツクラブ/フィットネスクラブ,35.65857,139.745484
港区,六本木六丁目,六本木,東京都港区六本木6-10-3 グランドハイアット東京 5F,NAGOMISPA AND FITNESS(ナゴミスパアンドフィットネス),スポーツクラブ/フィットネスクラブ,35.659805,139.728417
港区,六本木六丁目,六本木,東京都港区六本木6-4-1 六本木ヒルズ・メトロハット/ハリウッドプラザB2F,トータル・ワークアウト 六本木ヒルズ店,スポーツクラブ/フィットネスクラブ,35.661533,139.729614
港区,六本木七丁目,六本木,東京都港区六本木7-18-5 屋上,六本木ゴルフ練習場,ゴルフ練習場,35.662103,139.728738
港区,虎ノ門三丁目,虎ノ門,東京都港区虎ノ門3-7-7 虎ノ門A3ビル1F,ヒルズゴルフアカデミー 虎ノ門,ゴルフ練習場,35.66513,139.746368
港区,麻布十番二丁目,-,東京都港区麻布十番2-5-3 グリーンヒル麻布十番2F,ストレッチ専門店Dr.ストレッチ 麻布十番店,スポーツスクール/体験,35.656371,139.733609
港区,赤坂四丁目,赤坂,東京都港区赤坂4-2-3 ディアシティ赤坂一ツ木館1F,ストレッチ専門店Dr.ストレッチ 赤坂店,スポーツスクール/体験,35.675884,139.735625
港区,芝五丁目,-,東京都港区芝5-20-12 芝五ビル 3F,パーソナルトレーニングジムREAL WORKOUT(リアルワークアウト) 三田・田町店,スポーツクラブ/フィットネスクラブ,35.647419,139.74749
港区,南青山五丁目,-,東京都港区南青山5-5-4 ルーチェ南青山A棟 B1F,Private Gym Dand.A(プライベ-ト ジム ダンドエ-) 表参道店,スポーツクラブ/フィットネスクラブ,35.66328,139.713516
港区,南青山二丁目,-,東京都港区南青山2-27-18 パサージュ青山 1F,BETTER BODIES HI(ベター ボディーズ ハイ),スポーツクラブ/フィットネスクラブ,35.668977,139.716819
港区,高輪三丁目,-,東京都港区高輪3-25-27 アベニュー高輪/前川ビル 3F 312号室,CREBIQ(クレビック)品川店,スポーツ施設/運動公園,35.631471,139.73794
港区,南青山五丁目,-,東京都港区南青山5-4-51 シャトー青山第一204号室,eviGym(エビジム) 表参道店,スポーツクラブ/フィットネスクラブ,35.6633,139.714414
港区,赤坂九丁目,六本木,東京都港区赤坂9-6-19 A-Ninth BUILDING 1F,eviGym(エビジム) 六本木店,スポーツクラブ/フィットネスクラブ,35.666792,139.729103
港区,東麻布一丁目,-,東京都港区東麻布1-29-9 プリンセスコート東麻布205号室,Apple GYM(アップルジム) 麻布十番店,スポーツクラブ/フィットネスクラブ,35.655475,139.743268
港区,赤坂五丁目,赤坂,東京都港区赤坂5-1-5 菅野ビルB1F,ゴルフパフォーマンス 赤坂店,ゴルフ練習場,35.673943,139.736727
港区,東麻布二丁目,-,東京都港区東麻布2-15-5 アルカディア東麻布B1F,ゴルフパフォーマンス 六本木麻布店,ゴルフ練習場,35.657321,139.741432
港区,麻布十番二丁目,-,東京都港区麻布十番2-5-11 麻布メゾン602号室,パーソナルトレーニングジム ティーバランス麻布十番店,スポーツクラブ/フィットネスクラブ,35.656214,139.733317
港区,三田二丁目,-,東京都港区三田2-7-7 ザ・パームス三田 201号,パーソナルトレーニングジム ティーバランス三田店,スポーツクラブ/フィットネスクラブ,35.651541,139.744326
港区,芝三丁目,-,東京都港区芝3-43-16 KDX三田ビル1F,スイング24 三田店,ゴルフ練習場,35.650663,139.7452
港区,六本木三丁目,六本木,東京都港区六本木3-8-7,加圧トレーニングジム アルター 六本木ルーム,スポーツクラブ/フィットネスクラブ,35.663244,139.734647
港区,南青山二丁目,-,東京都港区南青山2-27-22 青山安田ビル7F,パーソナルジムCHART,スポーツクラブ/フィットネスクラブ,35.669104,139.716303
港区,南青山五丁目,-,東京都港区南青山5-6-23 スパイラル 6F,Studio Beaura(スタジオ ビューラ),スポーツクラブ/フィットネスクラブ,35.663681,139.711596
港区,六本木三丁目,六本木,東京都港区六本木3-8-7 palビル 3F,ALTERR(アルター) 六本木ルーム,スポーツクラブ/フィットネスクラブ,35.663244,139.734647
港区,南青山二丁目,-,東京都港区南青山2-13-7 MATRICE B1,AtoZ(エートゥーゼット),スポーツクラブ/フィットネスクラブ,35.670651,139.720401
港区,赤坂二丁目,赤坂,東京都港区赤坂2-13-6 赤坂田町ビル 1F,HYPERION GOLF STUDIO(ヒューペリオン ゴルフ スタジオ) 赤坂店,ゴルフ練習場,35.672457,139.738686
港区,新橋二丁目,虎ノ門広域,東京都港区新橋2-12-15,新橋ゴルフアカデミー,ゴルフ練習場,35.667286,139.754786
港区,高輪四丁目,-,東京都港区高輪4丁目10-30,高輪ゴルフセンター,ゴルフ練習場,35.628289,139.736996
港区,赤坂六丁目,赤坂,東京都港区赤坂6丁目6-14,氷川武道場,スポーツ施設/運動公園,35.669713,139.737505
港区,六本木一丁目,虎ノ門,東京都港区六本木1-6-1,マイゴルフスタイル六本木,ゴルフ練習場,35.66462,139.739955
港区,麻布十番四丁目,-,東京都港区麻布十番4丁目5-1,新広尾公園投球場,スポーツ施設/運動公園,35.653882,139.737545
港区,北青山三丁目,-,東京都港区北青山3-12-7 カプリース青山 1204号室,Apple GYM(アップルジム) 表参道店,スポーツクラブ/フィットネスクラブ,35.663371,139.710305
港区,芝五丁目,-,東京都港区芝5-22-5,岩盤ピラティス&ホットヨガスタジオ WAYAN RESORT YOGA(ワヤン リゾート ヨガ),スポーツスクール/体験,35.648209,139.746368
港区,南青山五丁目,-,東京都港区南青山5-3-25 OHビル 3F,PilatesAoyama(ピラティスアオヤマ),スポーツスクール/体験,35.663377,139.714701
港区,麻布十番三丁目,-,東京都港区麻布十番3-7-5 マスコビル弐番館304,麻布ボディメイキングボックス,スポーツクラブ/フィットネスクラブ,35.653652,139.735036
港区,港南一丁目,-,東京都港区港南1丁目4-1,芝浦中央公園運動場フットサル場,スポーツ施設/運動公園,35.634131,139.746722
港区,芝五丁目,-,東京都港区芝5丁目27-1,ルネサンス田町・三田,スポーツクラブ/フィットネスクラブ,35.647094,139.745764
港区,六本木一丁目,虎ノ門,東京都港区六本木1-6-1,エスフォルタ六本木,スポーツクラブ/フィットネスクラブ,35.66462,139.739955
港区,赤坂九丁目,六本木,東京都港区赤坂9丁目1-7,空手世田谷支部,スポーツスクール/体験,35.668055,139.732763
港区,南麻布二丁目,-,東京都港区南麻布2-10-2,グリーンスポット,ゴルフ練習場,35.648239,139.735245
港区,赤坂八丁目,赤坂,東京都港区赤坂8丁目5-26,エスフォルタ赤坂,スポーツクラブ/フィットネスクラブ,35.671016,139.726787
港区,元麻布一丁目,-,東京都港区元麻布1-5-10,合気道麻布道場,スポーツスクール/体験,35.652669,139.732831
港区,新橋五丁目,虎ノ門広域,東京都港区新橋5-29-2,極真カラテ六本木・新橋道場,スポーツスクール/体験,35.662551,139.755794
港区,新橋一丁目,虎ノ門広域,東京都港区新橋1-5-5,全日本空手道一友会,スポーツスクール/体験,35.667572,139.760197
港区,芝公園三丁目,虎ノ門,東京都港区芝公園3-5-23,日本拳法協会,スポーツスクール/体験,35.660022,139.744945
港区,新橋二丁目,虎ノ門広域,東京都港区新橋2-12-7,住地ゴルフスクール 新橋校,スポーツスクール/体験,35.667135,139.754946
港区,芝浦一丁目,-,東京都港区芝浦1-13-10,住地ゴルフスクール 田町校,スポーツスクール/体験,35.646249,139.753229
港区,白金一丁目,-,東京都港区白金1-17-1,エフ・テニススクール,スポーツスクール/体験,35.644583,139.733509
港区,芝浦一丁目,-,東京都港区芝浦1丁目2-1,ゼロイン,スポーツ施設/運動公園,35.649977,139.756982
港区,芝浦四丁目,-,東京都港区芝浦4丁目20-3,CLUB芝浦アイランド,スポーツクラブ/フィットネスクラブ,35.639891,139.751872
港区,白金六丁目,-,東京都港区白金6丁目14-28,スギプロダイビングスクール,スポーツスクール/体験,35.641746,139.723712
港区,南麻布五丁目,-,東京都港区南麻布5-6-41,東京ローンテニスクラブ(一般財団法人),スポーツ施設/運動公園,35.652907,139.727882
港区,麻布十番一丁目,-,東京都港区麻布十番1-11-3,オズ-麻布,スポーツクラブ/フィットネスクラブ,35.655862,139.736363
港区,芝浦四丁目,-,東京都港区芝浦4丁目22-2,ボートライセンスミナモ,スポーツスクール/体験,35.641227,139.752356
港区,芝浦三丁目,-,東京都港区芝浦3丁目6-3,プラスケア,スポーツ施設/運動公園,35.643533,139.748877
港区,六本木七丁目,六本木,東京都港区六本木7丁目19-9,BASIピラティス六本木スタジオ,スポーツスクール/体験,35.662141,139.727948
港区,赤坂八丁目,赤坂,東京都港区赤坂8丁目4-14,フェリーチェスポーツクラブ(一般社団法人),スポーツスクール/体験,35.67269,139.726325
港区,西麻布二丁目,-,東京都港区西麻布2-10-2,九重ファンクラブ,スポーツスクール/体験,35.662024,139.721498
港区,新橋二丁目,虎ノ門広域,東京都港区新橋2-21-1,ジャパンゴルフマネージメント,ゴルフ場,35.66554,139.759032
港区,芝五丁目,-,東京都港区芝5丁目22-4,デイフィット田町店,スポーツクラブ/フィットネスクラブ,35.648237,139.746513
港区,南麻布三丁目,-,東京都港区南麻布3丁目3-25,加圧トレーニングスタジオバイタル(studioVital),スポーツクラブ/フィットネスクラブ,35.649871,139.73154
港区,芝浦三丁目,-,東京都港区芝浦3丁目11-8,加圧スタジオB&B田町スタジオ,スポーツクラブ/フィットネスクラブ,35.642817,139.749816
港区,新橋二丁目,虎ノ門広域,東京都港区新橋2-12-15,新橋フィットネススタジオ,スポーツクラブ/フィットネスクラブ,35.667286,139.754786
港区,新橋二丁目,虎ノ門広域,東京都港区新橋2-21-1,JGMホールディングス,ゴルフ場,35.66554,139.759032
港区,虎ノ門一丁目,虎ノ門,東京都港区虎ノ門1-1-21,虎ノ門ゴルフプラザ,ゴルフ練習場,35.670368,139.750485
港区,芝浦四丁目,-,東京都港区芝浦4丁目22-2,tokyo・harbour・b.l.s.,スポーツスクール/体験,35.641227,139.752356
港区,南青山三丁目,-,東京都港区南青山3-14-2,BODYDirector,スポーツクラブ/フィットネスクラブ,35.665731,139.714574
港区,南麻布五丁目,-,東京都港区南麻布5-1-11,MyGym広尾校,スポーツスクール/体験,35.654895,139.722624
港区,麻布十番一丁目,-,東京都港区麻布十番1丁目5-18,スタジオボディデザイン,スポーツ施設/運動公園,35.656561,139.733677
港区,南麻布四丁目,-,東京都港区南麻布4-10-21,RTA,スポーツスクール/体験,35.648229,139.725028
港区,麻布十番三丁目,-,東京都港区麻布十番3丁目7-11,THEPOPEYEPersonalClub本店,スポーツクラブ/フィットネスクラブ,35.653587,139.734806
港区,麻布十番一丁目,-,東京都港区麻布十番1-10-10,麻布十番ストレッチ&ゴルフスタジオ,スポーツスクール/体験,35.656045,139.736712
港区,西麻布四丁目,-,東京都港区西麻布4-11-4,TAKEITEASY,スポーツクラブ/フィットネスクラブ,35.65891,139.722953
港区,南麻布五丁目,-,東京都港区南麻布5丁目1-11,カルペディエム広尾,スポーツ施設/運動公園,35.654895,139.722624
港区,高輪四丁目,-,東京都港区高輪4丁目21-13,GO’sGYM,スポーツクラブ/フィットネスクラブ,35.626368,139.736802
港区,高輪一丁目,-,東京都港区高輪1丁目27-37,R.Bゴルフ倶楽部高輪,ゴルフ練習場,35.635903,139.732352
港区,東新橋二丁目,虎ノ門広域,東京都港区東新橋2-3-17,D-MAXSTUDIO,スポーツクラブ/フィットネスクラブ,35.662196,139.758103
港区,芝五丁目,-,東京都港区芝5-1-5,ファイティングラボ田町,スポーツ施設/運動公園,35.65003,139.745346
港区,西麻布三丁目,-,東京都港区西麻布3丁目20-3,トレーニングジムメクスター,スポーツクラブ/フィットネスクラブ,35.660148,139.726305
港区,西新橋二丁目,虎ノ門,東京都港区西新橋2-39-3,Tウォール新橋店,スポーツ施設/運動公園,35.664828,139.75295
港区,三田一丁目,-,東京都港区三田1-2-16,B-FIT・AZABU,スポーツクラブ/フィットネスクラブ,35.654939,139.741033
港区,赤坂二丁目,赤坂,東京都港区赤坂2丁目12-13,ロングブレススタジオ,スポーツクラブ/フィットネスクラブ,35.670874,139.740794
港区,白金台五丁目,-,東京都港区白金台5-14-1,そらよんボルダリングジム,スポーツクラブ/フィットネスクラブ,35.63859,139.722774
港区,赤坂三丁目,赤坂,東京都港区赤坂3丁目1-6,アコーディアゴルフスタジオ赤坂,スポーツスクール/体験,35.677038,139.736768
港区,芝五丁目,-,東京都港区芝5丁目31-7,R.Bゴルフ倶楽部田町,ゴルフ練習場,35.646872,139.746642
港区,芝三丁目,-,東京都港区芝3丁目20-5,THE・FITNESS芝,スポーツ施設/運動公園,35.651747,139.747366
港区,赤坂五丁目,赤坂,東京都港区赤坂5丁目4-6,XBODYLab赤坂,スポーツクラブ/フィットネスクラブ,35.672202,139.736034
港区,六本木三丁目,六本木,東京都港区六本木3丁目11-10,CANDYGYM,スポーツクラブ/フィットネスクラブ,35.663288,139.73297
港区,南青山一丁目,-,東京都港区南青山1丁目2-6,フットトレーナーズ,スポーツスクール/体験,35.672216,139.725509
港区,新橋五丁目,虎ノ門広域,東京都港区新橋5丁目32-6,VivaStudio,スポーツクラブ/フィットネスクラブ,35.662413,139.754618
港区,六本木三丁目,六本木,東京都港区六本木3丁目18-12,BEEFMANworkout,スポーツクラブ/フィットネスクラブ,35.661579,139.737287
港区,六本木四丁目,六本木,東京都港区六本木4丁目12-12,パーソナルジムボディーク(Bodyke)六本木店,スポーツ施設/運動公園,35.664772,139.731683
港区,六本木七丁目,六本木,東京都港区六本木7丁目10-3,SIXPAD・STATION六本木,スポーツクラブ/フィットネスクラブ,35.664657,139.729209
港区,高輪一丁目,-,東京都港区高輪1丁目2-16,サウスフィットネスクラブ事務局,スポーツクラブ/フィットネスクラブ,35.644241,139.735205
港区,新橋一丁目,虎ノ門広域,東京都港区新橋1丁目5-5,日本空手道振興協会(一般財団法人),スポーツスクール/体験,35.667572,139.760197
港区,六本木七丁目,六本木,東京都港区六本木7丁目18-8,エナジーフィット六本木店,スポーツクラブ/フィットネスクラブ,35.662168,139.729201
港区,西麻布三丁目,-,東京都港区西麻布3丁目22-9,パーソナルトレーニングジムメクスター代々木店,スポーツ施設/運動公園,35.659236,139.724749
港区,西麻布一丁目,-,東京都港区西麻布1丁目4-46,8GYM,スポーツ施設/運動公園,35.662146,139.726044
港区,南青山一丁目,-,東京都港区南青山1丁目23-13,次世代パーソナルトレーニングジムCHANGE南青山店,スポーツクラブ/フィットネスクラブ,35.666672,139.725193
港区,南青山三丁目,-,東京都港区南青山3丁目15-7,リジュビネートピラティス(Re-JuvenatePilates),スポーツクラブ/フィットネスクラブ,35.66502,139.715571
港区,赤坂二丁目,赤坂,東京都港区赤坂2丁目7-2,マイゴルフレンジ,ゴルフ場,35.672218,139.739764
港区,赤坂二丁目,赤坂,東京都港区赤坂2丁目15-18,わたしのゴルフ赤坂店,スポーツスクール/体験,35.67163,139.738306
港区,新橋二丁目,虎ノ門広域,東京都港区新橋2丁目5-6,ゴルバニジュウヨン(GOLBA24)新橋店,ゴルフ練習場,35.667455,139.755871
港区,海岸三丁目,-,東京都港区海岸3丁目26-1,SPORTSLABOSHIBAURA,スポーツクラブ/フィットネスクラブ,35.645307,139.758579
港区,東麻布一丁目,-,東京都港区東麻布1丁目28-5,パーソナルジムBemore麻布店,スポーツクラブ/フィットネスクラブ,35.655462,139.744087
新宿区,新宿六丁目,-,東京都新宿区新宿6-27-30 新宿イーストサイドスクエア B1F,TIPNESS(ティップネス) 東新宿店,スポーツクラブ/フィットネスクラブ,35.696585,139.708872
新宿区,百人町二丁目,-,東京都新宿区百人町2-23-25,GENスポーツアカデミー,スポーツクラブ/フィットネスクラブ,35.704164,139.696602
新宿区,霞ヶ丘町,-,東京都新宿区霞ケ丘町11-1,明治神宮外苑アイススケート場,スケート場/スケートリンク,35.680188,139.714993
新宿区,戸山三丁目,-,東京都新宿区戸山3-18-1,元気館,スポーツ施設/運動公園,35.706649,139.709207
新宿区,新宿三丁目,-,"東京都新宿区新宿3-27-5 ケースリビルB1,B2",jump one Shinjuku.East(ジャンプワン新宿),スポーツクラブ/フィットネスクラブ,35.691221,139.701807
新宿区,大久保三丁目,-,東京都新宿区大久保3-5-1,新宿スポーツセンター,スポーツ施設/運動公園,35.707026,139.705418
新宿区,歌舞伎町二丁目,-,東京都新宿区歌舞伎町2-44-1 東京都健康プラザ ハイジア 5F,東急スポーツオアシス 新宿24Plus店,スポーツクラブ/フィットネスクラブ,35.696694,139.701115
新宿区,大久保三丁目,-,東京都新宿区大久保3-7-42,大久保スポーツプラザ,スポーツ施設/運動公園,35.706609,139.702253
新宿区,戸山三丁目,-,東京都新宿区戸山3-2,戸山多目的運動広場,スポーツ施設/運動公園,35.705129,139.714434
新宿区,新宿三丁目,-,東京都新宿区新宿3-29-1 M新宿ビル 屋上,GINZA de FUTSAL(ギンザ デ フットサル) 新宿ビックロスタジアム,スポーツ施設/運動公園,35.691361,139.703183
新宿区,西新宿二丁目,-,東京都新宿区西新宿2-11,新宿中央公園フットサル施設,スポーツ施設/運動公園,35.690124,139.689223
新宿区,西新宿八丁目,-,東京都新宿区西新宿8-16-2 新宿グランドウイング 1F(新宿税務署通り沿いが入口です),エニタイムフィットネス 西新宿店,スポーツクラブ/フィットネスクラブ,35.696855,139.692194
新宿区,上落合一丁目,-,東京都新宿区上落合1-5-2 羽場ビル 1F-B2F,エニタイムフィットネス 落合店,スポーツクラブ/フィットネスクラブ,35.711285,139.691496
新宿区,西新宿七丁目,-,東京都新宿区西新宿7-1 カレイドビル5-7F,ティップ.クロス TOKYO(トーキョー) 新宿,スポーツクラブ/フィットネスクラブ,35.694072,139.699314
新宿区,新宿三丁目,-,東京都新宿区新宿3-35-18 新宿ニュ-アサヒビル B1F,FEELCYCLE SJK(フィールサイクル シンジュク)店,スポーツクラブ/フィットネスクラブ,35.690035,139.703049
新宿区,揚場町,-,東京都新宿区揚場町,コナミスポーツクラブ 飯田橋,スポーツクラブ/フィットネスクラブ,35.702326,139.743169
新宿区,津久戸町,-,東京都新宿区津久戸町4-6,ZENゴルフ練習場,ゴルフ練習場,35.703208,139.740095
新宿区,西新宿七丁目,-,東京都新宿区西新宿7-5-20,エスカラード・クライミングジム,スポーツ施設/運動公園,35.695691,139.698565
新宿区,西早稲田一丁目,-,東京都新宿区西早稲田1-13-4,ワセダオートテニスプラザ,スポーツ施設/運動公園,35.71146,139.720848
新宿区,高田馬場四丁目,-,東京都新宿区高田馬場4丁目17-15,合気道養神館道場,スポーツスクール/体験,35.712309,139.700228
新宿区,新宿七丁目,-,東京都新宿区新宿7-3-29,新宿ここ・から広場多目的運動広場,スポーツ施設/運動公園,35.700835,139.712399
新宿区,北新宿三丁目,-,東京都新宿区北新宿3-20,北新宿多目的運動広場,スポーツ施設/運動公園,35.702324,139.688904
新宿区,西落合三丁目,-,東京都新宿区西落合3-8-19,エニタイムフィットネス 落合南長崎店,スポーツクラブ/フィットネスクラブ,35.723114,139.682244
新宿区,大久保一丁目,-,東京都新宿区大久保1-3-15 アクロス東新宿 2F,エニタイムフィットネス 東新宿店,スポーツクラブ/フィットネスクラブ,35.700762,139.707711
新宿区,榎町,-,東京都新宿区榎町43-1 ユニゾ神楽坂ビル 1F,エニタイムフィットネス 神楽坂店,スポーツクラブ/フィットネスクラブ,35.704506,139.72868
新宿区,西早稲田二丁目,-,東京都新宿区西早稲田2-18-18 TCKビル 1F,エニタイムフィットネス 早稲田店,スポーツクラブ/フィットネスクラブ,35.711042,139.711043
新宿区,上落合三丁目,-,東京都新宿区上落合3-2-4 東京トラフィック開発中井ビル,エニタイムフィットネス 新宿中井店,スポーツクラブ/フィットネスクラブ,35.713764,139.685853
新宿区,住吉町,-,東京都新宿区住吉町8-14 メゾンドK 1F-B1,エニタイムフィットネス 曙橋店,スポーツクラブ/フィットネスクラブ,35.69283,139.722235
新宿区,四谷四丁目,-,東京都新宿区四谷4-28-4 YKBエンサインビル 1F,エニタイムフィットネス 新宿御苑前店,スポーツクラブ/フィットネスクラブ,35.688612,139.715353
新宿区,市谷田町二丁目,-,東京都新宿区市谷田町2-17 八重洲市谷ビル B1,エニタイムフィットネス 市ケ谷店,スポーツクラブ/フィットネスクラブ,35.695428,139.738133
新宿区,下宮比町,-,東京都新宿区下宮比町2-1 第一勧銀稲垣ビル B1,エニタイムフィットネス 飯田橋店,スポーツクラブ/フィットネスクラブ,35.702961,139.743767
新宿区,西新宿八丁目,-,東京都新宿区西新宿8-3-32 CARMEL 403,B-FIT(ビーフィット) 西新宿本店,スポーツクラブ/フィットネスクラブ,35.696316,139.694508
新宿区,河田町,-,東京都新宿区河田町3-52 1F,エニタイムフィットネス 新宿河田町店,スポーツクラブ/フィットネスクラブ,35.695793,139.721092
新宿区,新宿六丁目,-,東京都新宿区新宿6-27-28 コンフォリア新宿イーストサイドタワー アネックス棟1F,エニタイムフィットネス 新宿6丁目店,スポーツクラブ/フィットネスクラブ,35.696108,139.707771
新宿区,神楽坂五丁目,-,東京都新宿区神楽坂5-28 シュエット神楽坂 2F,エニタイムフィットネス 神楽坂駅前店,スポーツクラブ/フィットネスクラブ,35.701835,139.738246
新宿区,四谷二丁目,-,東京都新宿区四谷2丁目11-6 FORECAST四谷2階,JOYFIT24四谷,スポーツクラブ/フィットネスクラブ,35.687275,139.724761
新宿区,神楽坂五丁目,-,東京都新宿区神楽坂5丁目24番タイヨウビル3F,JOYFIT24神楽坂,スポーツクラブ/フィットネスクラブ,35.7022,139.73794
新宿区,信濃町,-,東京都新宿区信濃町8 外苑北SRCビルB1,JOYFIT24信濃町,スポーツクラブ/フィットネスクラブ,35.682693,139.719402
新宿区,下落合四丁目,-,東京都新宿区下落合4丁目26-7 東京理容会館 1F,JOYFIT24目白,スポーツクラブ/フィットネスクラブ,35.722079,139.695884
新宿区,馬場下町,-,東京都新宿区馬場下町62-13-14 ヒキタカ早稲田ビル 2階,FASTGYM24 早稲田店,スポーツクラブ/フィットネスクラブ,35.7063,139.719726
新宿区,高田馬場三丁目,-,東京都新宿区高田馬場3-3-2 MFビル 3F,ファイトフィット 高田馬場駅前,スポーツクラブ/フィットネスクラブ,35.713862,139.702765
新宿区,四谷三丁目,-,東京都新宿区四谷3-11 光徳ビル1F,ストレッチ専門店Dr.ストレッチ 四谷三丁目店,スポーツスクール/体験,35.68811,139.718963
新宿区,西新宿一丁目,-,東京都新宿区西新宿1-5-1 小田急百貨店新宿店内,有賀園ゴルフ eStand+(イースタンド プラス) 小田急百貨店新宿店,スポーツスクール/体験,35.692539,139.698629
新宿区,霞ヶ丘町,-,東京都新宿区霞ヶ丘町2-4,神宮球場 室内球技場,スポーツ施設/運動公園,35.675956,139.718025
新宿区,高田馬場一丁目,-,東京都新宿区高田馬場1-35-3 BIGBOX高田馬場内,ダンロップゴルフスクール BIGBOX高田馬場校,スポーツスクール/体験,35.7126,139.70428
新宿区,西新宿七丁目,-,東京都新宿区西新宿7-15-4 YS第一ビル,ファイトフィット新宿,スポーツスクール/体験,35.695316,139.697459
新宿区,歌舞伎町二丁目,-,東京都新宿区歌舞伎町2-23-1 風林会館屋上,ルーツゴルフスクール 新宿校,スポーツスクール/体験,35.695217,139.704175
新宿区,新宿五丁目,-,東京都新宿区新宿5-17-13 オリエンタルウェーブビル 3F,b-monster(ビーモンスター) 新宿店,スポーツクラブ/フィットネスクラブ,35.692912,139.705258
新宿区,西新宿七丁目,-,東京都新宿区西新宿7-16-11 FORECAST西新宿 3-4F,ライザップ 新宿店,スポーツクラブ/フィットネスクラブ,35.696276,139.697882
新宿区,住吉町,-,東京都新宿区住吉町1-14,BETA CLIMBING GYM(ベータクライミングジム),スポーツ施設/運動公園,35.692185,139.722235
新宿区,新宿三丁目,-,東京都新宿区新宿3-36-6 新宿大安ビル 5F,ホットヨガ&ナイトサーフィンLAVA(ラバ) 新宿東口店,スポーツスクール/体験,35.690365,139.701869
千代田区,五番町,-,東京都新宿区四谷1-無番地 外濠公園内,ジェクサー・フィットネスクラブ 四谷店,スポーツクラブ/フィットネスクラブ,35.688302,139.730892
新宿区,西新宿一丁目,-,東京都新宿区西新宿1-3-14 新宿プラザ 9F,ヨガ教室ノア 新宿校,スポーツスクール/体験,35.693297,139.698277
新宿区,西新宿七丁目,-,東京都新宿区西新宿7-10-11 第二伊藤ビル 2F,Reborn myself(リボ-ン マイセルフ)新宿店,スポーツクラブ/フィットネスクラブ,35.694088,139.698127
新宿区,新宿四丁目,-,東京都新宿区新宿4-3-15 レイフラットB館2F,BOX GOLF(ボックスゴルフ),ゴルフ練習場,35.688634,139.703622
新宿区,高田馬場一丁目,-,東京都新宿区高田馬場1-35-3 BIGBOX高田馬場内,西武フィットネスクラブ BIGBOX高田馬場店,スポーツクラブ/フィットネスクラブ,35.7126,139.70428
新宿区,新宿四丁目,-,東京都新宿区新宿4-2-23 新四curumuビル10F,FIRSTSHIP(ファーストシップ)新宿,スポーツクラブ/フィットネスクラブ,35.688766,139.703047
新宿区,歌舞伎町一丁目,-,東京都新宿区歌舞伎町1-1-17 エキニア新宿ビル5F,RIZAP WOMAN(ライザップ ウーマン) 新宿店,スポーツクラブ/フィットネスクラブ,35.69316,139.704181
新宿区,新宿三丁目,-,東京都新宿区新宿3-30-13 新宿マルイ本館8F,Studio BOWSPRING SHINJUKU(スタジオ ボウスプリング シンジュク) 新宿マルイ本館店,スポーツクラブ/フィットネスクラブ,35.690931,139.704064
新宿区,四谷三丁目,-,東京都新宿区四谷3-4 四谷SCビル2F,KODLAB fitness boxing(コドラボ フィットネス ボクシング),スポーツクラブ/フィットネスクラブ,35.687869,139.72176
新宿区,新宿三丁目,-,東京都新宿区新宿3-11-9 花菱ビル7階,エクササイズコーチ新宿店,スポーツクラブ/フィットネスクラブ,35.691914,139.706545
新宿区,市谷加賀町二丁目,-,東京都新宿区市谷加賀町2-1-16,DIS(ディス)市谷スポーツクラブ,スポーツクラブ/フィットネスクラブ,35.695693,139.729678
新宿区,新宿三丁目,-,東京都新宿区新宿3-29-1 ビックロB4F,Evolv Shinjuku Studio(エボルブ シンジュク スタジオ),スポーツクラブ/フィットネスクラブ,35.691304,139.702974
新宿区,大久保一丁目,-,東京都新宿区大久保1-3-21 新宿TXビル 1F,DRIVING RANGE HIGASHISHINJUKU(ドライビングレンジ東新宿),ゴルフ練習場,35.700325,139.707652
新宿区,新宿三丁目,-,東京都新宿区新宿3-30-13 新宿マルイ本館1F,ルルレモン 新宿マルイ本館店,スポーツスクール/体験,35.690931,139.704064
新宿区,神楽坂五丁目,-,東京都新宿区神楽坂5-5 相馬屋ビル 5D,文武一道塾 志道館 本社,スポーツ施設/運動公園,35.702036,139.738918
新宿区,新宿四丁目,-,東京都新宿区新宿4-2-16 パシフィックマークス新宿サウスゲート 2F,CARDIO BARRE(カーディオ バー) 新宿店,スポーツクラブ/フィットネスクラブ,35.689429,139.703682
新宿区,霞ヶ丘町,-,東京都新宿区霞ヶ丘町11-1,小杉スケート 神宮店,スケート場/スケートリンク,35.680188,139.714993
新宿区,天神町,-,東京都新宿区天神町36-1 ユウビル 1F,Lili(リリ)卓球スタジオ,スポーツスクール/体験,35.705406,139.731414
新宿区,西新宿一丁目,-,東京都新宿区西新宿1-25-1 新宿センタービルMB 1F,ZEROGYM SHINJUKU(ゼロジム シンジュク),スポーツクラブ/フィットネスクラブ,35.691726,139.695525
新宿区,新宿三丁目,-,東京都新宿区新宿3-24-3 新宿アルタRF,HOOP/CITY(フープシティ) 新宿アルタ店,スポーツ施設/運動公園,35.692723,139.701309
新宿区,西新宿一丁目,-,東京都新宿区西新宿1-19-6 山手新宿ビル 7F,ワールドウィング 新宿店,スポーツクラブ/フィットネスクラブ,35.68811,139.6971
新宿区,霞ヶ丘町,-,東京都新宿区霞ヶ丘町11-1,神宮外苑サマディクラブ,スポーツクラブ/フィットネスクラブ,35.680188,139.714993
新宿区,西新宿二丁目,-,東京都新宿区西新宿2-11-5 新宿中央公園内 SHUKNOVA 2F,PARKERS TOKYO(パーカーズ トウキョウ),スポーツクラブ/フィットネスクラブ,35.691069,139.690192
新宿区,西新宿七丁目,-,東京都新宿区西新宿7-16-4 CONCIERGE高橋 3F,BEYONDジム 新宿店,スポーツクラブ/フィットネスクラブ,35.695951,139.69731
新宿区,西新宿六丁目,-,東京都新宿区西新宿6-20-11 梅月ビル 2F,HIDE'S KICK!(ヒデズ キック),スポーツスクール/体験,35.693195,139.687368
新宿区,新小川町,-,東京都新宿区新小川町5-16 小宮山ビル 2F,卓球広場Link(リンク),スポーツ施設/運動公園,35.706356,139.741552
新宿区,高田馬場一丁目,-,東京都新宿区高田馬場1-25-28,ストレッチ専門店Dr.ストレッチ 高田馬場店,スポーツスクール/体験,35.71243,139.706291
新宿区,新宿四丁目,-,東京都新宿区新宿4-2-16 パシフィックマークス新宿サウスゲート 6・7F,B・B・V ola SHINJUKU STUDIO(オラ シンジュク スタジオ),スポーツクラブ/フィットネスクラブ,35.689429,139.703682
新宿区,西新宿七丁目,-,東京都新宿区西新宿7-5-11 岡山ビル新館 1F,ストレッチ専門店Dr.(ドクター)ストレッチ 新宿西口店,スポーツスクール/体験,35.697117,139.698018
新宿区,神楽坂二丁目,-,東京都新宿区神楽坂2-5 大島ビル 2F,ストレッチ専門店Dr.(ドクター)ストレッチ 神楽坂店,スポーツスクール/体験,35.70056,139.741672
新宿区,高田馬場一丁目,-,東京都新宿区高田馬場1-29-22 寿ビル306,Bodyリフレクション高田馬場店,スポーツクラブ/フィットネスクラブ,35.710338,139.704161
新宿区,西新宿八丁目,-,東京都新宿区西新宿8-3-32 カーメルI 102・103,GSレーニング,スポーツクラブ/フィットネスクラブ,35.696316,139.694508
新宿区,神楽坂三丁目,-,東京都新宿区神楽坂3-6 丸岡ビル 3F,zen place yoga(ゼン プレイス ヨガ) 神楽坂,スポーツクラブ/フィットネスクラブ,35.701172,139.740438
新宿区,四谷坂町,-,"東京都新宿区四谷坂町9-9 三廣ビル1,2F",ゴルフパフォーマンス 新宿四谷店,ゴルフ練習場,35.690968,139.72858
新宿区,西新宿三丁目,-,東京都新宿区西新宿3-1-5 新宿嘉泉ビル B1,ゴルフパフォーマンス 新宿365店,ゴルフ練習場,35.687266,139.694687
新宿区,歌舞伎町一丁目,-,東京都新宿区歌舞伎町1-17 小松ビル B2F,ファイトフィット 新宿東口駅前,スポーツクラブ/フィットネスクラブ,35.693939,139.701169
新宿区,高田馬場二丁目,-,東京都新宿区高田馬場2-1-2 TOHMA 高田馬場 1F,ハイアルチ高田馬場スタジオ,スポーツクラブ/フィットネスクラブ,35.711743,139.709628
新宿区,原町三丁目,-,東京都新宿区原町3-7-1,ゴルファーズ・ラボ 若松河田店,ゴルフ練習場,35.69963,139.722474
新宿区,西新宿三丁目,-,東京都新宿区西新宿3-7-1-2 パークハイアット東京 45-47F,CLUB ON THE PARK(クラブオンザパーク),スポーツクラブ/フィットネスクラブ,35.685772,139.691058
新宿区,四谷二丁目,-,東京都新宿区四谷2-11 アシストビル 3F,インドアゴルフスクール フィットイン 四谷店,ゴルフ練習場,35.687287,139.72437
新宿区,西新宿六丁目,-,東京都新宿区西新宿6-8-1 新宿オークタワー 2F,マイゴルフスタイル新宿,ゴルフ練習場,35.693931,139.690542
新宿区,西新宿一丁目,-,東京都新宿区西新宿1-5-1 小田急百貨店新宿店内,有賀園ゴルフスクール プログレス 小田急百貨店新宿店,スポーツスクール/体験,35.692539,139.698629
新宿区,西新宿七丁目,-,東京都新宿区西新宿7-20-11 西新宿AIビル B1F,Private Gym Dand.A(プライベ-ト ジム ダンドエ-) 新宿本店,スポーツクラブ/フィットネスクラブ,35.694562,139.695585
新宿区,神楽坂六丁目,-,東京都新宿区神楽坂6-8 SUNMALL TOWA 2F,Apple GYM(アップルジム) 神楽坂店,スポーツクラブ/フィットネスクラブ,35.702549,139.73785
新宿区,西新宿七丁目,-,東京都新宿区西新宿7-1-4 ゼンコウビル5F,Apple GYM(アップルジム) 新宿店,スポーツクラブ/フィットネスクラブ,35.694082,139.69914
新宿区,西新宿六丁目,-,東京都新宿区西新宿6-6-2 ヒルトン東京 5F,ジンジテニスセンター,テニススクール,35.692583,139.691189
新宿区,西落合三丁目,-,東京都新宿区西落合3丁目7-22,落合ゴルフガーデン,ゴルフ練習場,35.724174,139.681985
新宿区,霞ヶ丘町,-,東京都新宿区霞ヶ丘町3-2 西練習場 3F,Roots golf school(ルーツ ゴルフ スクール) 神宮外苑校,スポーツスクール/体験,35.675477,139.715605
新宿区,高田馬場三丁目,-,東京都新宿区高田馬場3-12-2,ゴルファーレ高田馬場,ゴルフ練習場,35.713334,139.701229
新宿区,市谷本村町,-,東京都新宿区市谷本村町1-1,エスフォルタ市ヶ谷,スポーツクラブ/フィットネスクラブ,35.691097,139.732911
新宿区,喜久井町,-,東京都新宿区喜久井町20,少林寺流拳行館空手道総本部,スポーツスクール/体験,35.703618,139.722095
新宿区,西新宿六丁目,-,東京都新宿区西新宿6-6-2 ヒルトン東京 3F,JINJI GOLF(ジンジ ゴルフ),ゴルフ練習場,35.692583,139.691189
新宿区,神楽坂三丁目,-,東京都新宿区神楽坂3-1 松本ハイツ 303号室,Apple GYM(アップルジム) 飯田橋店,スポーツクラブ/フィットネスクラブ,35.701993,139.740953
新宿区,四谷坂町,-,東京都新宿区四谷坂町9-9 三廣ビル1F,ゴルフパフォーマンス 新宿四谷店,ゴルフ練習場,35.690968,139.72858
新宿区,新宿五丁目,-,東京都新宿区新宿5-10-2 KKビル 4F,パーソナルトレーニングジム ティーバランス新宿三丁目店,スポーツクラブ/フィットネスクラブ,35.691972,139.70834
新宿区,北新宿二丁目,-,東京都新宿区北新宿2-2-22 新宿Y'sビル 101号室,パーソナルトレーニングジム ティーバランス西新宿店,スポーツクラブ/フィットネスクラブ,35.697841,139.689921
新宿区,高田馬場四丁目,-,東京都新宿区高田馬場4-11-13 アート第一ビル 2B,Apple GYM(アップルジム)高田馬場店,スポーツクラブ/フィットネスクラブ,35.713146,139.702186
新宿区,西新宿六丁目,-,東京都新宿区西新宿6-12-16 天空MURAビル 1007,TRAIM(トライム),スポーツクラブ/フィットネスクラブ,35.693343,139.688669
新宿区,新宿五丁目,-,東京都新宿区新宿5-15-6 新宿光陽ビル 1F,SMART SHOTS(スマート ショット) 新宿,ゴルフ場,35.693988,139.707133
新宿区,四谷三丁目,-,東京都新宿区四谷3丁目11,極真会館四谷・飯田橋道場,スポーツスクール/体験,35.6881,139.719098
新宿区,新小川町,-,東京都新宿区新小川町9-20,全世界空手道連盟新極真会総本部道場(NPO法人),スポーツスクール/体験,35.705639,139.741552
新宿区,霞ヶ丘町,-,東京都新宿区霞ヶ丘町11-1,神宮外苑フットサルクラブ千駄ヶ谷コート,スポーツ施設/運動公園,35.680188,139.714993
新宿区,若松町,-,東京都新宿区若松町17-18,合気道学校,スポーツ施設/運動公園,35.699135,139.714235
新宿区,霞ヶ丘町,-,東京都新宿区霞ヶ丘町3-2,カワナミゴルフスクール神宮,スポーツスクール/体験,35.675477,139.715605
新宿区,西新宿七丁目,-,東京都新宿区西新宿7丁目4-3,住地ゴルフスクール 新宿西校,スポーツスクール/体験,35.695791,139.698596
新宿区,下落合二丁目,-,東京都新宿区下落合2-14-22,財団法人波多野ファミリスクール,スポーツスクール/体験,35.718847,139.705138
新宿区,新宿一丁目,-,東京都新宿区新宿1丁目17-1,WITH新宿店,スポーツスクール/体験,35.689215,139.711847
新宿区,高田馬場一丁目,-,東京都新宿区高田馬場1-29-22,ブルーサブ,スポーツスクール/体験,35.710338,139.704161
新宿区,西新宿七丁目,-,東京都新宿区西新宿7-6-6,インパクト,スポーツ施設/運動公園,35.697829,139.697739
新宿区,西新宿四丁目,-,東京都新宿区西新宿4-13-14,フォルツァサイクル&ランナーズステーション,スポーツクラブ/フィットネスクラブ,35.690264,139.687209
新宿区,新小川町,-,東京都新宿区新小川町9-27,HoneyTrap,スポーツクラブ/フィットネスクラブ,35.704696,139.741792
新宿区,北新宿一丁目,-,東京都新宿区北新宿1丁目6-21,ヌンサヤームジム,スポーツ施設/運動公園,35.700377,139.695784
新宿区,新宿四丁目,-,東京都新宿区新宿4-3-17,黄金比率ダイエット研究所,スポーツスクール/体験,35.688587,139.703862
新宿区,高田馬場一丁目,-,東京都新宿区高田馬場1-29-22,ダイビングショップブルーサブ,スポーツスクール/体験,35.710338,139.704161
新宿区,岩戸町,-,東京都新宿区岩戸町14,極真館・神楽坂道場,スポーツスクール/体験,35.701103,139.737005
新宿区,上落合二丁目,-,東京都新宿区上落合2-28-8,仙元館,スポーツスクール/体験,35.711121,139.685433
新宿区,新宿四丁目,-,東京都新宿区新宿4-1-22,ボクシングクラブ新宿,スポーツクラブ/フィットネスクラブ,35.688491,139.702685
新宿区,上落合三丁目,-,東京都新宿区上落合3丁目23-17,極真会館東京城西支部落合・東中野道場,スポーツスクール/体験,35.710448,139.682643
新宿区,新宿一丁目,-,東京都新宿区新宿1-4-13,MONKEYGYM,スポーツ施設/運動公園,35.688183,139.711601
新宿区,神楽坂三丁目,-,東京都新宿区神楽坂3丁目6,ピラティススタイル神楽坂,スポーツスクール/体験,35.70099,139.740408
新宿区,西新宿四丁目,-,東京都新宿区西新宿4-1-7,加圧トレーニングONE’s,スポーツクラブ/フィットネスクラブ,35.690748,139.686891
新宿区,四谷坂町,-,東京都新宿区四谷坂町9-9,ゴルフパフォーマンス新宿店,スポーツスクール/体験,35.690968,139.72858
新宿区,西新宿七丁目,-,東京都新宿区西新宿7丁目8-13,BASIピラティス新宿スタジオ,スポーツスクール/体験,35.695497,139.698177
新宿区,高田馬場三丁目,-,東京都新宿区高田馬場3-3-22,山手卓球場,スポーツ施設/運動公園,35.714269,139.702756
新宿区,新宿三丁目,-,東京都新宿区新宿3-11-9,セイプス 新宿東口店,スポーツクラブ/フィットネスクラブ,35.691914,139.706545
新宿区,四谷四丁目,-,東京都新宿区四谷4丁目25,TOTALGOLFFITNESS,スポーツクラブ/フィットネスクラブ,35.689424,139.71603
新宿区,西新宿一丁目,-,東京都新宿区西新宿1丁目16-10,サンドウェーブ,スポーツスクール/体験,35.689192,139.697629
新宿区,四谷四丁目,-,東京都新宿区四谷4丁目9-12,みらいじま(NPO法人),スポーツスクール/体験,35.687947,139.71608
新宿区,霞ヶ丘町,-,東京都新宿区霞ヶ丘町3-2,カワナミゴルフスクール,スポーツスクール/体験,35.675477,139.715605
新宿区,西新宿一丁目,-,東京都新宿区西新宿1丁目16-9,ゴルフステーション新宿,スポーツスクール/体験,35.689028,139.697778
新宿区,神楽坂二丁目,-,東京都新宿区神楽坂2丁目10,帝拳ボクシングジム,スポーツ施設/運動公園,35.700981,139.74234
新宿区,四谷二丁目,-,東京都新宿区四谷2丁目10,コスモス,スポーツクラブ/フィットネスクラブ,35.687619,139.725074
新宿区,神楽坂四丁目,-,東京都新宿区神楽坂4丁目3,ジョイン(Joyn)Beauty&Conditioning,スポーツクラブ/フィットネスクラブ,35.701806,139.74003
新宿区,新宿一丁目,-,東京都新宿区新宿1丁目19-6,心身健康倶楽部新宿御苑店,スポーツクラブ/フィットネスクラブ,35.689625,139.712379
新宿区,四谷一丁目,-,東京都新宿区四谷1丁目,ジェクサー・フィットネスクラブ四谷,スポーツクラブ/フィットネスクラブ,35.685373,139.7288
新宿区,西新宿七丁目,-,東京都新宿区西新宿7丁目9-6,わたしのゴルフ西新宿店,スポーツスクール/体験,35.694767,139.698051
新宿区,下落合三丁目,-,東京都新宿区下落合3丁目18-1,わたしのゴルフ目白店,ゴルフ練習場,35.722777,139.70455
新宿区,築地町,-,東京都新宿区築地町20-2,クリードパフォーマンス神楽坂店,スポーツクラブ/フィットネスクラブ,35.705573,139.735625
新宿区,高田馬場四丁目,-,東京都新宿区高田馬場4丁目1-7,わたしのゴルフ高田馬場店,ゴルフ練習場,35.710182,139.702525
新宿区,西新宿七丁目,-,東京都新宿区西新宿7丁目3-1,UrbanBaseCamp新宿,スポーツ施設/運動公園,35.695847,139.698915
新宿区,山吹町,-,東京都新宿区山吹町293,山吹町インドアゴルフJOY,スポーツスクール/体験,35.707223,139.731543
江東区,木場六丁目,-,東京都江東区木場6丁目2-6,フジゴルフセンター,ゴルフ練習場,35.666125,139.807223
江東区,豊洲六丁目,-,東京都江東区豊洲6-4-2,新豊洲Brillia(ブリリア)ランニングスタジアム,スポーツ施設/運動公園,35.648262,139.786157
江東区,北砂一丁目,-,東京都江東区北砂1-2-9,江東区スポ-ツ会館,スポーツ施設/運動公園,35.684168,139.821661
江東区,越中島一丁目,-,東京都江東区越中島1-2-18,深川スポーツセンター,スポーツ施設/運動公園,35.670465,139.791659
江東区,夢の島一丁目,-,東京都江東区夢の島1-1-1,夢の島総合運動場,スポーツ施設/運動公園,35.650197,139.82342
江東区,有明二丁目,-,東京都江東区有明2-3-5,有明スポ-ツセンタ-,スポーツ施設/運動公園,35.633271,139.7839
江東区,辰巳二丁目,-,東京都江東区辰巳2丁目1-35,辰巳の森海浜公園ラグビー練習場,スポーツ施設/運動公園,35.648464,139.815672
江東区,平野三丁目,-,東京都江東区平野3-2-20,江東区 深川北スポーツセンター,スポーツ施設/運動公園,35.676912,139.805235
江東区,有明二丁目,-,東京都江東区有明2-2-22,有明コロシアム,スポーツ施設/運動公園,35.635964,139.786996
江東区,夢の島二丁目,-,東京都江東区夢の島2-1-3,BumB東京スポーツ文化館,スポーツ施設/運動公園,35.650222,139.830575
江東区,夢の島二丁目,-,東京都江東区夢の島2丁目1番4号,夢の島公園アーチェリー場,スポーツ施設/運動公園,35.649468,139.828556
江東区,若洲三丁目,-,東京都江東区若洲3丁目1-2,若洲海浜公園サイクリングコース,スポーツ施設/運動公園,35.629196,139.837312
江東区,青海一丁目,-,東京都江東区青海1-1-10 ダイバーシティ東京 プラザ 7F,H.L.N.A SKYGARDEN SKATEPARK(スカイガーデンスケートパーク),スケート場/スケートリンク,35.624799,139.775831
江東区,木場一丁目,-,東京都江東区木場1-5-10,TIPNESS(ティップネス) 木場店,スポーツクラブ/フィットネスクラブ,35.667357,139.803956
江東区,新砂一丁目,-,東京都江東区新砂1-6-40,メトログリーン東陽町,ゴルフ場,35.667606,139.824359
江東区,豊洲六丁目,-,東京都江東区豊洲6-1-23,MIFA Football Park(ミーファ フットボール パーク),スポーツ施設/運動公園,35.649648,139.788366
江東区,森下三丁目,-,東京都江東区森下3-12-5 丸八倉庫屋上,フットスクエア 江東・森下,スポーツ施設/運動公園,35.684495,139.802118
江東区,新砂三丁目,-,東京都江東区新砂3-9-1,新砂運動場,スポーツ施設/運動公園,35.662516,139.83548
江東区,東砂四丁目,-,東京都江東区東砂4-24-1,東砂スポ-ツセンタ-,スポーツ施設/運動公園,35.679259,139.839451
江東区,青海三丁目,-,東京都江東区青海3丁目地先,海の森水上競技場,スポーツ施設/運動公園,35.609481,139.784379
江東区,豊洲六丁目,-,東京都江東区豊洲6-4-20 Dタワー豊洲 2・3F,ASICS Sports Complex TOKYO BAY(アシックススポーツコンプレックストウキョウベイ),スポーツクラブ/フィットネスクラブ,35.647013,139.786891
江東区,有明一丁目,-,東京都江東区有明1丁目10番1号,有明体操競技場,スポーツ施設/運動公園,35.642447,139.792789
江東区,新砂一丁目,-,東京都江東区新砂1-10-5,フットサルクラブ東京 東陽町コート,スポーツ施設/運動公園,35.666022,139.824784
江東区,東雲二丁目,-,東京都江東区東雲2丁目11-2,ラモスフィールドインドアフットサル,スポーツ施設/運動公園,35.640171,139.803337
江東区,亀戸二丁目,-,東京都江東区亀戸2-1-12-4F(コモディイイダ上),スポーツクラブ&スパ ルネサンス 亀戸24,スポーツクラブ/フィットネスクラブ,35.697373,139.820043
江東区,大島三丁目,-,東京都江東区大島3-25-2,トップインドアステージ亀戸,テニススクール,35.693354,139.830684
江東区,大島五丁目,-,東京都江東区大島5丁目31-18,大島ゴルフセンター,ゴルフ練習場,35.687553,139.835553
江東区,深川一丁目,-,東京都江東区深川1丁目6-29,サマディテニスクラブ門仲,スポーツ施設/運動公園,35.6769,139.795166
江東区,辰巳二丁目,-,東京都江東区辰巳2丁目2番1号,東京アクアティクスセンター,プール,35.65141,139.815066
江東区,南砂二丁目,-,東京都江東区南砂2-6-11 スーパーイキイキ生鮮市場上 5F,VIP(ビップ)インドアテニススクール東陽町,テニススクール,35.673308,139.819824
江東区,南砂三丁目,-,東京都江東区南砂3-3-6,ゴールドジム イースト東京,スポーツクラブ/フィットネスクラブ,35.670865,139.828916
江東区,亀戸八丁目,-,東京都江東区亀戸8-22-1,亀戸スポ-ツセンタ-,スポーツ施設/運動公園,35.700217,139.836572
江東区,若洲三丁目,-,東京都江東区若洲3-1-1,若洲ヨット訓練所,スポーツスクール/体験,35.630686,139.83763
江東区,有明一丁目,-,東京都江東区有明1丁目7番,有明アーバンスポーツパーク,スポーツ施設/運動公園,35.637723,139.785338
江東区,深川一丁目,-,東京都江東区深川1丁目4-8,エムズダイビングアドベンチャー,スポーツスクール/体験,35.675846,139.795915
江東区,北砂二丁目,-,東京都江東区北砂2-16-1,スポーツクラブ ルネサンス 北砂,スポーツクラブ/フィットネスクラブ,35.684191,139.825219
江東区,東陽六丁目,-,東京都江東区東陽6-1-13,豊洲ゲートボール場,スポーツ施設/運動公園,35.674273,139.810777
江東区,深川二丁目,-,東京都江東区深川2-8-19 門前仲町さくらいビル 1F,エニタイムフィットネス 門前仲町店,スポーツクラブ/フィットネスクラブ,35.674922,139.797843
江東区,大島四丁目,-,東京都江東区大島4-7-5 1-2F,エニタイムフィットネス 大島店,スポーツクラブ/フィットネスクラブ,35.689199,139.830515
江東区,大島九丁目,-,東京都江東区大島9-3-12 2F,エニタイムフィットネス 東大島店,スポーツクラブ/フィットネスクラブ,35.690447,139.845139
江東区,亀戸二丁目,-,東京都江東区亀戸2-10-10 EKビルディングI 1F,エニタイムフィットネス 亀戸店,スポーツクラブ/フィットネスクラブ,35.700341,139.8231
江東区,木場五丁目,-,東京都江東区木場5-11-15 ウィステリア新倉 2F,エニタイムフィットネス 木場店,スポーツクラブ/フィットネスクラブ,35.669742,139.808392
江東区,森下四丁目,-,東京都江東区森下4-12-6 フレンシア菊川 1F,エニタイムフィットネス 菊川店,スポーツクラブ/フィットネスクラブ,35.686529,139.805235
江東区,東陽五丁目,-,東京都江東区東陽5-31-17 若竹ビル 2F,エニタイムフィットネス 東陽町店,スポーツクラブ/フィットネスクラブ,35.67314,139.815985
江東区,南砂六丁目,-,東京都江東区南砂6-7-15 トピレックプラザ西館 2F,エニタイムフィットネス トピレックプラザ店,スポーツクラブ/フィットネスクラブ,35.671647,139.835992
江東区,南砂二丁目,-,東京都江東区南砂2-32-1 センタービレッジ南砂 2F,エニタイムフィットネス 南砂店,スポーツクラブ/フィットネスクラブ,35.675446,139.825338
江東区,亀戸五丁目,-,東京都江東区亀戸5丁目6-1 常光ビル2F,JOYFIT24亀戸,スポーツクラブ/フィットネスクラブ,35.698385,139.827417
江東区,富岡二丁目,-,東京都江東区富岡2丁目11-18 リードシー門前仲町2F,JOYFIT24門前仲町,スポーツクラブ/フィットネスクラブ,35.669974,139.801439
江東区,東陽二丁目,-,東京都江東区東陽2-2-20,ゴールドジム 東陽町スーパーセンター,スポーツクラブ/フィットネスクラブ,35.666556,139.815945
江東区,住吉二丁目,-,東京都江東区住吉2-17-6 住吉コートクWEST 1-2階,FASTGYM24 住吉店,スポーツクラブ/フィットネスクラブ,35.690394,139.814949
江東区,豊洲二丁目,-,東京都江東区豊洲2-4-9 ららぽーと豊洲ららぽーと豊洲1CENTERPORT3F,アローズジム&ラボ ららぽーと豊洲,スポーツクラブ/フィットネスクラブ,35.655582,139.792663
江東区,豊洲二丁目,-,東京都江東区豊洲2-4-9 ららぽーと豊洲ららぽーと豊洲32F,ホットヨガスタジオLAVA ららぽーと豊洲,スポーツクラブ/フィットネスクラブ,35.655582,139.792663
江東区,亀戸四丁目,-,東京都江東区亀戸4-28-2,GODAI(ゴダイ) 亀戸校,テニススクール,35.704476,139.826258
江東区,新砂三丁目,-,東京都江東区新砂3-4-31 南砂町ショッピングセンターSUNAMO 4F,ドゥ・スポーツプラザ/ドゥ・スイミングスクール ブレダ 南砂町ショッピングセンター SUNAMO店,スポーツクラブ/フィットネスクラブ,35.665307,139.835173
江東区,亀戸五丁目,-,東京都江東区亀戸5-32-21 渡辺ビル B号室,ステップゴルフ 亀戸店,ゴルフ練習場,35.698083,139.829176
江東区,新砂一丁目,-,東京都江東区新砂1-9-21,バディスポーツ幼児園江東 バディズポーツクラブ江東,スポーツ施設/運動公園,35.666384,139.824939
江東区,豊洲二丁目,-,東京都江東区豊洲2-4-9 ららぽーと豊洲ららぽーと豊洲22F,ドゥ・スポーツプラザ ららぽーと豊洲,スポーツクラブ/フィットネスクラブ,35.655582,139.792663
江東区,亀戸七丁目,-,東京都江東区亀戸7-4-5-1F,SEA・POINT(シー ポイント),スポーツスクール/体験,35.695442,139.833474
江東区,新砂一丁目,-,東京都江東区新砂1-5-1,東京メトロ深川総合運動場,スポーツ施設/運動公園,35.663914,139.82298
江東区,夢の島三丁目,-,東京都江東区夢の島3,夢の島東少年野球場,スポーツ施設/運動公園,35.650942,139.834893
江東区,亀戸五丁目,-,東京都江東区亀戸5-1-1 アトレ亀戸内,ストレッチ専門店Dr.(ドクター)ストレッチ アトレ亀戸店,スポーツスクール/体験,35.697766,139.826498
江東区,東陽七丁目,-,東京都江東区東陽7-4-12,ボルダリングジム Fish and Bird (フィッシュアンドバード),スポーツ施設/運動公園,35.676033,139.818014
江東区,亀戸五丁目,-,東京都江東区亀戸5-1-1 アトレ亀戸内,ジェクサー・フィットネス&スパ亀戸 アトレ亀戸店,スポーツクラブ/フィットネスクラブ,35.697766,139.826498
江東区,新大橋三丁目,-,東京都江東区新大橋3-17-7,インドアゴルフ練習場 アーバンウェスト,ゴルフ練習場,35.68974,139.795825
江東区,南砂六丁目,-,東京都江東区南砂6-7-15 トピレックプラザ西館1F・2F・3F,スポーツクラブ オッソ 南砂店,スポーツクラブ/フィットネスクラブ,35.671647,139.835992
江東区,高橋,-,東京都江東区高橋13-4 1F,EveryDayGolf(エブリデイゴルフ) 森下店,ゴルフ練習場,35.685869,139.798702
江東区,深川一丁目,-,東京都江東区深川1-6-29 結城倉庫屋上,フットスクエア 門前仲町,スポーツ施設/運動公園,35.676906,139.79508
江東区,門前仲町二丁目,-,東京都江東区門前仲町2-4-11 IHビル1F,ストレッチ専門店Dr.ストレッチ 門前仲町店,スポーツスクール/体験,35.672138,139.795975
江東区,東陽二丁目,-,東京都江東区東陽2-2-20 YMCA東陽町ウェルネスセンター7F,FUTONE (フットワン) 東陽町,スポーツ施設/運動公園,35.66589,139.816043
江東区,夢の島二丁目,-,東京都江東区夢の島2-1-3 BunmB(東京スポーツ文化館),ミズノフットサルプラザBumB,スポーツ施設/運動公園,35.649747,139.829914
江東区,東砂六丁目,-,東京都江東区東砂6-6-3,山響部屋,スポーツスクール/体験,35.670603,139.84119
江東区,住吉二丁目,-,東京都江東区住吉2-5-13,アウルスポーツジム,スポーツ施設/運動公園,35.687734,139.815576
江東区,新砂三丁目,-,東京都江東区新砂3-4-31 南砂町ショッピングセンターSUNAMO 1F,Dr.ストレッチ(ドクターストレッチ) 南砂町ショッピングセンター SUNAMO店,スポーツクラブ/フィットネスクラブ,35.665307,139.835173
江東区,大島二丁目,-,東京都江東区大島2-3-14,POLUM(ポルム),スポーツクラブ/フィットネスクラブ,35.691752,139.820772
江東区,亀戸二丁目,-,東京都江東区亀戸2-10-10 EKビルディングI 1F,Anytime Fitness(エニタイム フィットネス) 亀戸店,スポーツクラブ/フィットネスクラブ,35.700341,139.8231
江東区,豊洲二丁目,-,東京都江東区豊洲2-1-21,トーヨータイヤ豊洲ドーム,スポーツ施設/運動公園,35.656604,139.792973
江東区,有明二丁目,-,東京都江東区有明2-1-8 住友不動産ショッピングシティ有明ガーデン4F,ボーネルンド あそびのせかい(ドキドキ) 住友不動産 ショッピングシティ 有明ガーデン店,スポーツ施設/運動公園,35.638113,139.792494
江東区,有明二丁目,-,東京都江東区有明2-1-8 住友不動産ショッピングシティ有明ガーデン2F,Dr.stretch(ドクター ストレッチ) 住友不動産 ショッピングシティ 有明ガーデン店,スポーツクラブ/フィットネスクラブ,35.638113,139.792494
江東区,有明一丁目,-,東京都江東区有明1-3-33,ドームアスリートハウス,スポーツクラブ/フィットネスクラブ,35.637923,139.788356
江東区,木場一丁目,-,東京都江東区木場1-5-10 深川ギャザリア内プラザ棟 4F,フジクラゴルフクラブ相談室 木場店,ゴルフ練習場,35.667007,139.804038
江東区,南砂六丁目,-,東京都江東区南砂6-7-15,ジムオルソ イオンスタイル南砂店,スポーツクラブ/フィットネスクラブ,35.671638,139.836013
江東区,森下二丁目,-,東京都江東区森下2-14-3 2F,BODY CONTROL(ボディ コントロール) 森下スタジオ,スポーツクラブ/フィットネスクラブ,35.687892,139.79955
江東区,猿江二丁目,-,東京都江東区猿江2-15-10 東京ガス深川グランド,FC東京 深川スクール,スポーツクラブ/フィットネスクラブ,35.687043,139.818438
江東区,東陽三丁目,-,東京都江東区東陽3-26-7 東陽大経ビル 1F,塩田合気道 東陽町本部道場,スポーツスクール/体験,35.670611,139.813567
江東区,毛利二丁目,-,東京都江東区毛利2-10-12,T-WALL(ティーウォール) 錦糸町店,スポーツ施設/運動公園,35.692949,139.816994
江東区,青海二丁目,-,東京都江東区青海2-6-3,FUTSALDAIBA(フットサルダイバ),スポーツ施設/運動公園,35.616015,139.777249
江東区,門前仲町一丁目,-,東京都江東区門前仲町1-13-12 HYPER MIX 2F,STARDIUM(スターディアム),スポーツクラブ/フィットネスクラブ,35.6734,139.795152
江東区,木場一丁目,-,東京都江東区木場1-5-30 イトーヨーカドー木場 2F,Dr.stretch(ドクターストレッチ) イトーヨーカドー木場店,スポーツクラブ/フィットネスクラブ,35.665584,139.804659
江東区,東陽四丁目,-,東京都江東区東陽4-6-16 東陽ビル 2F,わたしのゴルフ 東陽町店,ゴルフ練習場,35.67011,139.819403
江東区,辰巳三丁目,-,東京都江東区辰巳3-19-16,オードヴィーボールパーク,スポーツ施設/運動公園,35.643551,139.820762
江東区,亀戸一丁目,-,東京都江東区亀戸1-8-11 二見屋ビル5F,COREトレSTUDIO(コア トレ スタジオ) FSBI,スポーツクラブ/フィットネスクラブ,35.696212,139.823065
江東区,亀戸五丁目,-,東京都江東区亀戸5-5-6 ラポスタ203号,YOKO's GYM 亀戸店,スポーツクラブ/フィットネスクラブ,35.698657,139.827157
江東区,大島四丁目,-,東京都江東区大島4-8-9 2F,トライフォース柔術大島,スポーツクラブ/フィットネスクラブ,35.689296,139.831475
江東区,潮見一丁目,-,東京都江東区潮見1-1-1,潮見野球場,スポーツ施設/運動公園,35.655539,139.808965
江東区,森下一丁目,-,東京都江東区森下1-4-1 ヴィラソフィア102,【1/5オープン】パーソナルトレーニングジム かたぎり塾 森下店,スポーツクラブ/フィットネスクラブ,35.686179,139.797863
江東区,大島七丁目,-,東京都江東区大島7-38-30,コナミスポーツクラブ東大島,スポーツクラブ/フィットネスクラブ,35.690875,139.84265
江東区,新砂三丁目,-,東京都江東区新砂3-9-1,新砂運動場第一運動場,スポーツ施設/運動公園,35.662516,139.83548
江東区,南砂三丁目,-,東京都江東区南砂3-12-6 糸井ビル 201,ダイエットパートナー南砂町店,スポーツクラブ/フィットネスクラブ,35.671668,139.832204
江東区,門前仲町一丁目,-,東京都江東区門前仲町1-18-1 紺谷ビル 1F,パーソナルトレーニングジム ハーモニーボディー門前仲町,スポーツクラブ/フィットネスクラブ,35.674333,139.794267
江東区,若洲三丁目,-,東京都江東区若洲3丁目1-1,東京都立若洲海浜公園ヨット訓練所,スポーツ施設/運動公園,35.630686,139.83763
江東区,亀戸九丁目,-,東京都江東区亀戸9-37-28,亀戸中央公園多目的球技広場,スポーツ施設/運動公園,35.700112,139.837904
江東区,大島九丁目,-,東京都江東区大島9-9,大島小松川公園小サッカー場,スポーツ施設/運動公園,35.689531,139.847368
江東区,辰巳二丁目,-,東京都江東区辰巳2丁目1-35,辰巳の森海浜公園少年広場,スポーツ施設/運動公園,35.648464,139.815672
江東区,新砂三丁目,-,東京都江東区新砂3-9-1,新砂運動場ターゲットバードゴルフ,スポーツ施設/運動公園,35.662516,139.83548
江東区,新砂三丁目,-,東京都江東区新砂3-9-1,新砂運動場多目的運動広場,スポーツ施設/運動公園,35.662516,139.83548
江東区,有明二丁目,-,東京都江東区有明2丁目2-22,有明ジュニアテニスアカデミー,テニススクール,35.635964,139.786996
江東区,扇橋二丁目,-,東京都江東区扇橋2丁目3-4,DTSキックボクシングジム,スポーツ施設/運動公園,35.682826,139.815056
江東区,亀戸六丁目,-,東京都江東区亀戸6-40-8,伴流ボクシングジム,スポーツ施設/運動公園,35.695914,139.830435
江東区,亀戸五丁目,-,東京都江東区亀戸5丁目33-7,極真会館城東支部亀戸北道場,スポーツスクール/体験,35.698689,139.830196
江東区,亀戸六丁目,-,東京都江東区亀戸6丁目11-4,極真会館城東支部郷田道場,スポーツスクール/体験,35.694977,139.826838
江東区,森下四丁目,-,東京都江東区森下4丁目13-12,国際大山空手道連盟東京深川支部,スポーツスクール/体験,35.686031,139.805515
江東区,扇橋二丁目,-,東京都江東区扇橋2丁目11-1,神武館空手道場,スポーツスクール/体験,35.683508,139.814768
江東区,門前仲町一丁目,-,東京都江東区門前仲町1-15-4,ル・ポワソン,スポーツスクール/体験,35.673988,139.794636
江東区,亀戸二丁目,-,東京都江東区亀戸2丁目6-50,江東区 亀戸野球場・庭球場,スポーツ施設/運動公園,35.700166,139.819942
江東区,大島五丁目,-,東京都江東区大島5-36-8,キックボクシングキングジム,スポーツクラブ/フィットネスクラブ,35.689041,139.836312
江東区,東雲一丁目,-,東京都江東区東雲1丁目6-13,フォーレ(FOLE)フィットネスクラブ,スポーツクラブ/フィットネスクラブ,35.64663,139.801094
江東区,常盤一丁目,-,東京都江東区常盤1-3-8,清洲橋ゴルフセンター,ゴルフ練習場,35.684371,139.794376
江東区,新砂三丁目,-,東京都江東区新砂3-11-2,ケン・マリンサービス,スポーツスクール/体験,35.661412,139.829363
江東区,木場六丁目,-,東京都江東区木場6丁目14-5,CLUB-Gゴルフ道場,スポーツスクール/体験,35.667332,139.807972
江東区,豊洲五丁目,-,東京都江東区豊洲5丁目6-36,インドアゴルフスクール・ゴルフェ豊洲店,スポーツスクール/体験,35.652118,139.798064
江東区,豊洲六丁目,-,東京都江東区豊洲6丁目2-10,MyGym豊洲校,スポーツスクール/体験,35.649424,139.79303
江東区,南砂六丁目,-,東京都江東区南砂6丁目7-15,イオンウエルネスラウンジ3FIT南砂店,スポーツクラブ/フィットネスクラブ,35.671638,139.836013
江東区,牡丹一丁目,-,東京都江東区牡丹1丁目12-10,わくわくふれあいスポーツ門仲スタジオ,スポーツスクール/体験,35.670637,139.794377
江東区,有明二丁目,-,東京都江東区有明2丁目1-8,アミーダ有明店,スポーツクラブ/フィットネスクラブ,35.638496,139.793008
江東区,東陽二丁目,-,東京都江東区東陽2丁目4-41,JAMROCK・FITNESS東陽町店,スポーツクラブ/フィットネスクラブ,35.669097,139.818483
品川区,東五反田二丁目,-,東京都品川区東五反田2-11-2,品川区総合体育館,スポーツ施設/運動公園,35.624531,139.728195
品川区,大井一丁目,-,東京都品川区大井1-3-6 イトーヨーカドー大井町屋上,コミュニティアリー大井町,スポーツ施設/運動公園,35.607194,139.734089
品川区,東五反田一丁目,-,東京都品川区東五反田1-22-1,コナミスポーツクラブ五反田,スポーツクラブ/フィットネスクラブ,35.626028,139.726962
品川区,東品川四丁目,-,東京都品川区東品川4-10-1,コナミスポーツクラブ 本店,スポーツクラブ/フィットネスクラブ,35.607951,139.745963
品川区,豊町二丁目,-,東京都品川区豊町2-1-17,戸越体育館,スポーツ施設/運動公園,35.610836,139.720579
品川区,八潮四丁目,-,東京都品川区八潮4丁目1番19号他,大井ホッケー競技場,スポーツ施設/運動公園,35.592387,139.75299
品川区,東品川二丁目,-,東京都品川区東品川2-1-17,SHINAGAWA CULTURE BASE Powered by(シナガワ カルチャー ベース パワード バイ)スポスル,スポーツ施設/運動公園,35.621296,139.748029
品川区,八潮五丁目,-,東京都品川区八潮5-5-3,フットサルコート品川,スポーツ施設/運動公園,35.599607,139.750252
品川区,東品川三丁目,-,東京都品川区東品川3-14-9,東品川公園弓道場,スポーツ施設/運動公園,35.614944,139.746552
品川区,西五反田三丁目,-,東京都品川区西五反田3-10-12 2F,エニタイムフィットネス 不動前店,スポーツクラブ/フィットネスクラブ,35.626843,139.715671
品川区,南大井六丁目,-,東京都品川区南大井6-3-8 ガーデニア大森 2F,エニタイムフィットネス 大森店,スポーツクラブ/フィットネスクラブ,35.592273,139.733489
品川区,南品川二丁目,-,東京都品川区南品川2-2-7 南品川Jビル B1,エニタイムフィットネス 南品川店,スポーツクラブ/フィットネスクラブ,35.612212,139.742174
品川区,東五反田四丁目,-,東京都品川区東五反田4-7-20 相生ビル 1F,エニタイムフィットネス 高輪台店,スポーツクラブ/フィットネスクラブ,35.630411,139.727962
品川区,上大崎二丁目,-,東京都品川区上大崎2-27-1 サンフェリスタ目黒ビル 3F,エニタイムフィットネス 目黒店,スポーツクラブ/フィットネスクラブ,35.634107,139.714898
品川区,小山四丁目,-,東京都品川区小山4-8-20グローブホームズ武蔵小山2F,エニタイムフィットネス 武蔵小山店,スポーツクラブ/フィットネスクラブ,35.617751,139.703523
品川区,西五反田七丁目,-,東京都品川区西五反田7-18-3,エニタイムフィットネス 五反田店,スポーツクラブ/フィットネスクラブ,35.623307,139.718657
品川区,大井四丁目,-,東京都品川区大井4-6-1 サクラビル 1F,エニタイムフィットネス 大井町店,スポーツクラブ/フィットネスクラブ,35.603393,139.73307
品川区,東品川二丁目,-,東京都品川区東品川2-2-20 天王洲オーシャンスクエア 2F,エニタイムフィットネス 天王洲アイル店,スポーツクラブ/フィットネスクラブ,35.622123,139.75014
品川区,東五反田二丁目,-,東京都品川区東五反田2-3-3,TIPNESS(ティップネス) 五反田店,スポーツクラブ/フィットネスクラブ,35.625331,139.725986
品川区,南品川三丁目,-,東京都品川区南品川3-1-8,ステップゴルフ 品川店,ゴルフ練習場,35.608472,139.743001
品川区,北品川五丁目,-,東京都品川区北品川5-6-1 大崎ブライトタワー1F,EARTH GOLF ACADEMY(アースゴルフアカデミー) 大崎店,ゴルフ練習場,35.621552,139.730476
品川区,小山三丁目,-,東京都品川区小山3-4-8 武蔵小山駅ビル 武蔵小山駅ビル 3F,フィットネスクラブ アトリオドゥーエ武蔵小山,スポーツクラブ/フィットネスクラブ,35.620585,139.70446
品川区,旗の台四丁目,-,東京都品川区旗の台4-4-4 サンユー旗の台ビル2F,JOYFIT24旗の台,スポーツクラブ/フィットネスクラブ,35.603618,139.706255
品川区,平塚二丁目,-,東京都品川区平塚2丁目17-10 V&CH戸越銀座ビル2F,JOYFIT24戸越銀座,スポーツクラブ/フィットネスクラブ,35.615637,139.714255
品川区,東大井五丁目,-,東京都品川区東大井5-2-1 おおい元気館4F,ゴールドジム サウス東京,スポーツクラブ/フィットネスクラブ,35.608038,139.735704
品川区,東中延二丁目,-,東京都品川区東中延2-1-5 ヴェルコート荏原中延壱番館 1階,FASTGYM24 荏原中延店,スポーツクラブ/フィットネスクラブ,35.609219,139.712659
品川区,小山五丁目,-,東京都品川区小山5-24-14 コーポラスワタナベ 1階,FASTGYM24 西小山店,スポーツクラブ/フィットネスクラブ,35.615121,139.699937
品川区,西大井一丁目,-,東京都品川区西大井1-8-2 エスペランサ西大井 2階,FASTGYM24 西大井店,スポーツクラブ/フィットネスクラブ,35.600925,139.722754
品川区,戸越三丁目,-,東京都品川区戸越3-1-2 戸越イマールビル B1F,Lala Aasha(ララアーシャ) 戸越銀座スタジオ,スポーツクラブ/フィットネスクラブ,35.615071,139.717048
品川区,八潮五丁目,-,東京都品川区八潮5-11-16,八潮公園多目的広場,スポーツ施設/運動公園,35.600345,139.753698
品川区,西五反田二丁目,-,東京都品川区西五反田2-5-2 五反田東幸ビル3・4F,ワタナベボクシングジム,スポーツスクール/体験,35.627087,139.722315
品川区,大井一丁目,-,東京都品川区大井1-23-7 アルテール大井町 2F,HOT STUDIO SANCTUARY(ホット スタジオ サンクチュアリ) 大井町店,スポーツスクール/体験,35.606192,139.73307
品川区,大崎一丁目,-,東京都品川区大崎1-6-5 大崎ニューシティ1F,e-golf stadium(イーゴルフスタジアム),ゴルフ練習場,35.62042,139.729451
品川区,大井一丁目,-,東京都品川区大井1-2-1 アトレ大井町6階,Dr.(ドクター)ストレッチ アトレ大井町店,スポーツスクール/体験,35.606266,139.734867
品川区,東五反田五丁目,-,東京都品川区東五反田5-25-19 東京デザインセンター2階,Magma spastudio insea(マグマ スパスタジオ インシー)五反田店,スポーツクラブ/フィットネスクラブ,35.627713,139.724533
品川区,大崎二丁目,-,東京都品川区大崎2-1-1,ThinkPark Arena (シンクパークアリーナ),スポーツ施設/運動公園,35.618445,139.727203
品川区,荏原一丁目,-,東京都品川区荏原1-22-8 第2小野マンションB1-A,截拳道/ジークンドー ミタチ・アカデミー,スポーツスクール/体験,35.618408,139.714439
品川区,荏原四丁目,-,東京都品川区荏原4-4-2 グリーンプラザ武蔵小山1F・2F,ワールド+ジム 武蔵小山店,スポーツクラブ/フィットネスクラブ,35.616036,139.70841
品川区,上大崎四丁目,-,東京都品川区上大崎4-6-16,Body Produce AXIS(ボディプロデュースアクシス),スポーツクラブ/フィットネスクラブ,35.631028,139.71591
品川区,上大崎三丁目,-,東京都品川区上大崎3-5-4 第一田中ビル301,ファイトフィットガール 目黒白金店,スポーツクラブ/フィットネスクラブ,35.634417,139.719482
品川区,戸越六丁目,-,東京都品川区戸越6-23-17,メガロスクロス 中延24店,スポーツクラブ/フィットネスクラブ,35.606062,139.714314
品川区,荏原二丁目,-,東京都品川区荏原2-2-3,かわら割道場 東京支部,スポーツ施設/運動公園,35.617895,139.713177
品川区,東八潮,-,東京都品川区東八潮3-1,日本財団パラアリーナ,スポーツ施設/運動公園,35.620125,139.772676
品川区,東品川二丁目,-,東京都品川区東品川2-2-8 スフィアタワー天王洲 24F,セントラルフィットネスクラブ 天王洲,スポーツクラブ/フィットネスクラブ,35.622918,139.749636
品川区,東五反田二丁目,-,東京都品川区東五反田2-2-3 五反田ハタビル 1・2F,FEELCYCLE(フィールサイクル) 五反田,スポーツクラブ/フィットネスクラブ,35.625551,139.725328
品川区,東五反田一丁目,-,東京都品川区東五反田1-18-3 竹田ビル501,パーソナルトレーニングジムJOHNNY STYLE(ジョニースタイル) 五反田店,スポーツクラブ/フィットネスクラブ,35.626675,139.726385
品川区,大崎一丁目,-,東京都品川区大崎1-6-5 大崎ニュー・シティ 1F,バリューゴルフ大崎,ゴルフ練習場,35.62042,139.729451
品川区,八潮四丁目,-,東京都品川区八潮4-2-1,やしおスケートパーク,スポーツ施設/運動公園,35.592088,139.750205
品川区,平塚一丁目,-,東京都品川区平塚1-11-7 M's House 1F,ピグレットクライミングジム,スポーツ施設/運動公園,35.614574,139.715452
品川区,東五反田二丁目,-,東京都品川区東五反田 2-10-1 パークタワーグランスカイ201,Mizutori Sports Club 体操教室 五反田studio(ミズトリ スポーツ クラブ タイソウキョウシツ ゴタンダスタジオ),スポーツスクール/体験,35.624222,139.727269
品川区,荏原三丁目,-,東京都品川区荏原3-8-7 ロイヤル武蔵小山 B1F,アプトゴルフスクール 武蔵小山校,スポーツスクール/体験,35.617555,139.706654
品川区,西五反田二丁目,-,東京都品川区西五反田2-7-8 誠實ビル 5F,ステップゴルフプラス 五反田店,ゴルフ練習場,35.626306,139.722514
品川区,小山四丁目,-,東京都品川区小山4-9-11 プレスト武蔵小山ビル,パーソナルジム セルフィット 武蔵小山店,スポーツクラブ/フィットネスクラブ,35.619075,139.703602
品川区,西五反田四丁目,-,東京都品川区西五反田4-29-18 大貫ビル 2F,パーソナルトレーニングジムかたぎり塾 不動前店,スポーツクラブ/フィットネスクラブ,35.625861,139.713661
品川区,戸越五丁目,-,東京都品川区戸越5-6-8 1・B1F,24Fitness Rep(フィットネス レップ) 戸越公園店,スポーツクラブ/フィットネスクラブ,35.609937,139.718314
品川区,上大崎一丁目,-,東京都品川区上大崎1-17-12,白金スポーツパーク Supported by(スポーテッド) スポスル,スポーツスクール/体験,35.632733,139.725388
品川区,大井一丁目,-,東京都品川区大井1-50-5 阪急大井町ガーデン内,阪急大井テニス&ゴルフスクール 阪急大井町ガーデン校,スポーツスクール/体験,35.605578,139.734275
品川区,東五反田一丁目,-,東京都品川区東五反田1-22-6 五反田さくらビル 4F,zen place pilates(ゼン プレイス ピラティス) 五反田東口,スポーツ施設/運動公園,35.625835,139.727062
品川区,大井一丁目,-,東京都品川区大井1-23-7 アルテール大井町 102 2F,ハイアルチ 大井町スタジオ,スポーツクラブ/フィットネスクラブ,35.606192,139.73307
品川区,戸越一丁目,-,東京都品川区戸越1-15-15 百番ビル301,かたぎり塾 戸越店,スポーツクラブ/フィットネスクラブ,35.615279,139.717566
品川区,東品川三丁目,-,東京都品川区東品川3-14-9,品川区立弓道場,スポーツ施設/運動公園,35.614944,139.746552
品川区,戸越五丁目,-,東京都品川区戸越5-7-20,Curves戸越,スポーツクラブ/フィットネスクラブ,35.610262,139.718923
品川区,旗の台三丁目,-,東京都品川区旗の台3-2-9 FLAG3 4F,フィットネス・ラボP2M(ピーツーエム),スポーツクラブ/フィットネスクラブ,35.605062,139.706814
品川区,上大崎三丁目,-,東京都品川区上大崎3-5-3 朝日目黒ビジネスマンション 904,BULKFIT(バルクフィット)24 目黒店,スポーツクラブ/フィットネスクラブ,35.634405,139.719362
品川区,小山四丁目,-,東京都品川区小山4-8-12 清野ビル1F,REAL WORKOUT(リアルワークアウト) 武蔵小山店,スポーツクラブ/フィットネスクラブ,35.617751,139.703523
品川区,東五反田二丁目,-,東京都品川区東五反田2-3-3 AMビル 7F,BEYOND GYM(ビヨンド ジム) 五反田店,スポーツクラブ/フィットネスクラブ,35.625331,139.725986
品川区,上大崎二丁目,-,東京都品川区上大崎2-13-1 白金台301 グリーンビュー白金,PERSONAL GYM LIMIT MEGURO(パーソナル ジム リミット メグロ),スポーツクラブ/フィットネスクラブ,35.634954,139.716888
品川区,東五反田五丁目,-,東京都品川区東五反田5-28-11 クレール五反田1003号室,Apple GYM(アップルジム) 五反田店,スポーツクラブ/フィットネスクラブ,35.627392,139.723074
品川区,平塚一丁目,-,東京都品川区平塚1-9-1 グローバル戸越銀座ビル 3F,コンビニフィットネス ファイン 戸越銀座,スポーツクラブ/フィットネスクラブ,35.615518,139.714853
品川区,上大崎二丁目,-,東京都品川区上大崎2-14-9 目黒東誠ビル 3F,Personal Gym LABODY(パーソナル ジム ラボディ),スポーツクラブ/フィットネスクラブ,35.634051,139.716972
品川区,中延四丁目,-,東京都品川区中延4丁目6-3,セントラルスポーツジム24中延,スポーツクラブ/フィットネスクラブ,35.605927,139.713576
品川区,西五反田一丁目,-,東京都品川区西五反田1丁目18-9,ジムセントラル24五反田,スポーツクラブ/フィットネスクラブ,35.623546,139.723013
品川区,上大崎二丁目,-,東京都品川区上大崎2-25-5,メグロゴルフセンター,ゴルフ練習場,35.634586,139.714674
品川区,大井一丁目,-,東京都品川区大井1丁目52-5,全日本トライアスロンクラブ,スポーツクラブ/フィットネスクラブ,35.604923,139.734178
品川区,小山六丁目,-,東京都品川区小山6丁目2-9,綱井道場接骨院,スポーツスクール/体験,35.614553,139.698058
品川区,南品川六丁目,-,東京都品川区南品川6丁目10-5,ウェルネススポーツセンター,スポーツ施設/運動公園,35.60977,139.736263
品川区,広町二丁目,-,東京都品川区広町2-1-36,品川区 文化スポーツ振興課スポーツ係,スポーツ施設/運動公園,35.610654,139.732471
品川区,小山三丁目,-,東京都品川区小山3-23-19,極真空手武蔵小山道場,スポーツスクール/体験,35.618551,139.704799
品川区,西品川二丁目,-,東京都品川区西品川2丁目7-16,ぷちアイランド,スポーツスクール/体験,35.613899,139.724951
品川区,旗の台三丁目,-,東京都品川区旗の台3-14-12,スポーツスパアスリエ旗の台,スポーツクラブ/フィットネスクラブ,35.604588,139.704739
品川区,勝島三丁目,-,東京都品川区勝島3丁目2-1,品川区 品川区民公園屋外プール,スポーツ施設/運動公園,35.589176,139.73754
品川区,大井五丁目,-,東京都品川区大井5丁目1-28,清明館道場,スポーツ施設/運動公園,35.599122,139.725636
品川区,上大崎三丁目,-,東京都品川区上大崎3-14-37,ゴルフショップパル,スポーツスクール/体験,35.629365,139.719529
品川区,東五反田五丁目,-,東京都品川区東五反田5丁目27-7,X・BODY・Lab・STATION・五反田,スポーツクラブ/フィットネスクラブ,35.627053,139.723392
品川区,東五反田二丁目,-,東京都品川区東五反田2-7-14,BASI五反田スタジオ,スポーツクラブ/フィットネスクラブ,35.624984,139.725747
品川区,大崎二丁目,-,東京都品川区大崎2-1-3,スポーツクラブNAS大崎,スポーツクラブ/フィットネスクラブ,35.61815,139.726645
品川区,平塚一丁目,-,東京都品川区平塚1-8-20,J-ROCKworkoutstudio,スポーツスクール/体験,35.615399,139.715092
品川区,西五反田一丁目,-,東京都品川区西五反田1丁目14-1,身体哲学道場湧氣塾,スポーツスクール/体験,35.623745,139.723837
品川区,西五反田五丁目,-,東京都品川区西五反田5丁目1-15,NATURAL9,スポーツスクール/体験,35.625803,139.714733
品川区,東五反田四丁目,-,東京都品川区東五反田4-6-7,高輪台ゴルフスタジオ,スポーツスクール/体験,35.630571,139.728361
品川区,平塚二丁目,-,東京都品川区平塚2丁目18-8,アースゴルフアカデミー戸越銀座店,スポーツスクール/体験,35.615788,139.713626
品川区,西五反田一丁目,-,東京都品川区西五反田1-11-9,OVERLIGHT卓球道場,スポーツ施設/運動公園,35.62436,139.72339
品川区,東五反田一丁目,-,東京都品川区東五反田1-14-11,K-1ジム五反田,スポーツクラブ/フィットネスクラブ,35.626029,139.725088
品川区,東五反田二丁目,-,東京都品川区東五反田2-3-3,カワナミゴルフスクール,スポーツスクール/体験,35.625331,139.725986
品川区,西五反田八丁目,-,東京都品川区西五反田8-8-16,ニッサンスポーツカークラブ,スポーツスクール/体験,35.621439,139.720399
品川区,南大井六丁目,-,東京都品川区南大井6丁目16-10,バトルフィットネス大森,スポーツクラブ/フィットネスクラブ,35.590582,139.730256
品川区,戸越三丁目,-,東京都品川区戸越3丁目1-18,インドアゴルフレンジ&スクールサンクチュアリ戸越銀座店,スポーツスクール/体験,35.61515,139.716888
品川区,西五反田八丁目,-,東京都品川区西五反田8丁目3-9,トレーニングジム・ラクエル,スポーツクラブ/フィットネスクラブ,35.622524,139.720914
渋谷区,千駄ケ谷一丁目,-,東京都渋谷区千駄ケ谷1-17-1,東京体育館,スポーツ施設/運動公園,35.679095,139.711245
渋谷区,渋谷四丁目,-,東京都渋谷区渋谷4-4-25,青山学院大学青山キャンパス 青山学院記念館,スポーツ施設/運動公園,35.659733,139.710843
渋谷区,神宮前三丁目,-,東京都渋谷区神宮前3-4-7 エルム青山 B1F,代官山カラテスクール 表参道道場,スポーツスクール/体験,35.668671,139.712483
渋谷区,代々木二丁目,-,東京都渋谷区代々木2-1-5 JR南新宿ビル 1F,ジェクサー・フィットネス&スパ 新宿,スポーツクラブ/フィットネスクラブ,35.686236,139.699321
渋谷区,西原一丁目,-,東京都渋谷区西原1-40-18,渋谷区スポーツセンター,スポーツ施設/運動公園,35.67571,139.681008
渋谷区,神南二丁目,-,東京都渋谷区神南2-3,織田フィールド,スポーツ施設/運動公園,35.666939,139.694328
渋谷区,神宮前六丁目,-,東京都渋谷区神宮前6-31-17 ベロックスビル4F・3F・B2F,ゴールドジム 原宿東京,スポーツクラブ/フィットネスクラブ,35.668663,139.70442
渋谷区,渋谷四丁目,-,東京都渋谷区渋谷4-4-25,青山学院大学 大学体育館-記念館-,スポーツ施設/運動公園,35.659733,139.710843
渋谷区,渋谷一丁目,-,東京都渋谷区渋谷1-23-16 cocoti 9F・10F・11F,ゴールドジム 渋谷東京,スポーツクラブ/フィットネスクラブ,35.662043,139.702579
渋谷区,宇田川町,-,東京都渋谷区宇田川町16-4,ティップ.クロス TOKYO(トーキョー) 渋谷,スポーツクラブ/フィットネスクラブ,35.661365,139.699195
渋谷区,神南一丁目,-,東京都渋谷区神南1-12-16 ASIA BUILDING1F,T4 TOKTO(ティーフォー東京),スポーツ施設/運動公園,35.662679,139.700591
渋谷区,代官山町,-,東京都渋谷区代官山町17-9,代官山スポーツプラザ,スポーツ施設/運動公園,35.649136,139.704004
渋谷区,神南二丁目,-,東京都渋谷区神南2-1-1,国立代々木競技場フットサルコート,スポーツ施設/運動公園,35.66774,139.700237
渋谷区,代々木神園町,-,東京都渋谷区代々木神園町1-1,全日本弓道連盟中央道場 明治神宮武道場 至誠館 第二弓道場,スポーツ施設/運動公園,35.676035,139.703222
渋谷区,宇田川町,-,東京都渋谷区宇田川町20-11 渋谷三葉ビル B1F,TOY VOX SHIBUYA(トイ ボックス シブヤ),スポーツクラブ/フィットネスクラブ,35.660813,139.699873
渋谷区,千駄ケ谷一丁目,-,東京都渋谷区千駄ヶ谷1-17-1 東京体育館多目的コート内,東京体育館フットサルコート,スポーツ施設/運動公園,35.679736,139.712405
渋谷区,西原三丁目,-,東京都渋谷区西原3-8-5 アコルデ代々木上原内,ゴールドジム 代々木上原東京,スポーツクラブ/フィットネスクラブ,35.669467,139.68071
渋谷区,宇田川町,-,東京都渋谷区宇田川町15-1 SHIBUYA PARCO内,jump one(ジャンプ ワン),スポーツクラブ/フィットネスクラブ,35.662048,139.698777
渋谷区,笹塚一丁目,-,東京都渋谷区笹塚1-61-8? ?ホテルブーゲンビリア新宿?内 ?B?1F・B2F,ゴールドジム 笹塚東京,スポーツクラブ/フィットネスクラブ,35.672956,139.663465
渋谷区,恵比寿西一丁目,-,東京都渋谷区恵比寿西1-6-1 本庄ビル2階,b-monster(ビーモンスター)恵比寿店,スポーツクラブ/フィットネスクラブ,35.648216,139.70833
渋谷区,神泉町,-,東京都渋谷区神泉町18-11,コナミスポーツクラブ渋谷,スポーツクラブ/フィットネスクラブ,35.657814,139.691337
渋谷区,恵比寿一丁目,-,東京都渋谷区恵比寿1丁目23-9,バンゲリングベイ,スポーツクラブ/フィットネスクラブ,35.646248,139.715891
渋谷区,千駄ケ谷一丁目,-,東京都渋谷区千駄ヶ谷1-13-11 1F,True Nature YOGA STUDIO,スポーツスクール/体験,35.677198,139.711892
渋谷区,幡ケ谷一丁目,-,東京都渋谷区幡ヶ谷1-7-5 タカヤナギビル2F,ターゲットワン新宿店,スポーツ施設/運動公園,35.675909,139.673392
渋谷区,恵比寿南二丁目,-,東京都渋谷区恵比寿南2-4-4,メガロス恵比寿,スポーツクラブ/フィットネスクラブ,35.64459,139.70841
渋谷区,神宮前四丁目,-,東京都渋谷区神宮前4-31-12 原宿ゼロゲート4F,B.I.F BY NERGY 原宿,スポーツクラブ/フィットネスクラブ,35.669386,139.706307
渋谷区,宇田川町,-,東京都渋谷区宇田川町36-19,MITTNESS渋谷店,スポーツクラブ/フィットネスクラブ,35.661955,139.696781
渋谷区,神宮前五丁目,-,東京都渋谷区神宮前5-1-17 ニールズヤードレメディーズ2F,MELON(メロン) 表参道スタジオ,スポーツクラブ/フィットネスクラブ,35.665771,139.709678
渋谷区,猿楽町,-,東京都渋谷区猿楽町12-35,猿楽トレーニングジム,スポーツクラブ/フィットネスクラブ,35.651299,139.701339
渋谷区,笹塚一丁目,-,東京都渋谷区笹塚1-50-16,笹塚高架下施設,スポーツ施設/運動公園,35.674597,139.670017
渋谷区,本町一丁目,-,東京都渋谷区本町1-51-14 SHOWN HATSUDAI 2F,エニタイムフィットネス 渋谷初台店,スポーツクラブ/フィットネスクラブ,35.682136,139.684956
渋谷区,笹塚一丁目,-,東京都渋谷区笹塚1-56-7笹塚テラス2F,エニタイムフィットネス 京王笹塚店,スポーツクラブ/フィットネスクラブ,35.674238,139.667725
渋谷区,恵比寿南三丁目,-,東京都渋谷区恵比寿南3-1-1 恵比寿グリーングラス B1F,エニタイムフィットネス 恵比寿店,スポーツクラブ/フィットネスクラブ,35.645893,139.706654
渋谷区,元代々木町,-,東京都渋谷区元代々木町49-25 2F,エニタイムフィットネス 元代々木店,スポーツクラブ/フィットネスクラブ,35.673924,139.686542
渋谷区,神宮前三丁目,-,東京都渋谷区神宮前3-6-7 Dear Jingumae B1F-B2F,エニタイムフィットネス 神宮前店,スポーツクラブ/フィットネスクラブ,35.669536,139.712978
渋谷区,東三丁目,-,東京都渋谷区東3丁目1-6 2F-3F,エニタイムフィットネス 広尾高校前店,スポーツクラブ/フィットネスクラブ,35.652149,139.713101
渋谷区,千駄ケ谷四丁目,-,東京都渋谷区千駄ヶ谷4-30-3 B1,エニタイムフィットネス 代々木店,スポーツクラブ/フィットネスクラブ,35.681552,139.703303
渋谷区,神宮前四丁目,-,東京都渋谷区神宮前4-3-2 表参道スクエアビル2・3F,ゴールドジム 表参道東京,スポーツクラブ/フィットネスクラブ,35.666811,139.71105
渋谷区,代々木五丁目,-,東京都渋谷区代々木5-66-3,ゴールドジム 代々木公園PREMIUM,スポーツクラブ/フィットネスクラブ,35.671589,139.690599
渋谷区,神宮前一丁目,-,東京都渋谷区神宮前1-5-8 神宮前タワービルディングB1F,ゴールドジム 原宿ANNEX,スポーツクラブ/フィットネスクラブ,35.670484,139.706652
渋谷区,幡ケ谷二丁目,-,東京都渋谷区幡ヶ谷2-7-2 幡ヶ谷ニューセンタービル 5階,FASTGYM24 幡ケ谷店,スポーツクラブ/フィットネスクラブ,35.677766,139.677519
渋谷区,宇田川町,-,東京都渋谷区宇田川町33-8 塚田ビル6F,TARGET SHIBUYA,スポーツクラブ/フィットネスクラブ,35.660896,139.696821
渋谷区,神宮前三丁目,-,東京都渋谷区神宮前3-30-12 Gビル神宮前03 B1,ライザップ 神宮前店,スポーツクラブ/フィットネスクラブ,35.672295,139.710255
渋谷区,恵比寿南二丁目,-,東京都渋谷区恵比寿南2-3-14 CONZE恵比寿 4F,ライザップ 恵比寿店,スポーツクラブ/フィットネスクラブ,35.645457,139.707532
渋谷区,笹塚二丁目,-,東京都渋谷区笹塚2-7-12 日神デュオステージ笹塚西館 1階,FASTGYM24 笹塚店,スポーツクラブ/フィットネスクラブ,35.675164,139.668687
渋谷区,恵比寿南二丁目,-,東京都渋谷区恵比寿南2-19-7 VORT恵比寿dual's 404,ビヨンド 恵比寿店(BEYOND),スポーツクラブ/フィットネスクラブ,35.643431,139.709367
渋谷区,恵比寿南一丁目,-,東京都渋谷区恵比寿南1-14-9 アルティun B1【恵比寿/ジム/トレーニング】,ガーデンジム 恵比寿(GARDEN GYM),スポーツクラブ/フィットネスクラブ,35.64484,139.709926
渋谷区,初台一丁目,-,東京都渋谷区初台1-47-4 第2加藤ビル,パワーハウスジム ヒデヤマギシ東京ジャパン,スポーツクラブ/フィットネスクラブ,35.681975,139.688166
渋谷区,恵比寿一丁目,-,東京都渋谷区恵比寿1-8-4 ココスペース恵比寿,カラダトトノエラボ Natural Muscle(ナチュラル マッスル),スポーツスクール/体験,35.647604,139.710424
渋谷区,猿楽町,-,東京都渋谷区猿楽町5-10 ISビル 1F,avity(アヴィティ) 代官山スタジオ,スポーツスクール/体験,35.652311,139.703702
渋谷区,道玄坂一丁目,-,東京都渋谷区道玄坂1-12-1 渋谷マークシティ WEST MALL 1F,Dr.(ドクター)ストレッチ 渋谷マークシティ店,スポーツクラブ/フィットネスクラブ,35.658108,139.698626
渋谷区,桜丘町,-,東京都渋谷区桜丘町20-1 渋谷インフォスタワーB1F,エスフォルタ渋谷,スポーツクラブ/フィットネスクラブ,35.655401,139.700795
渋谷区,桜丘町,-,東京都渋谷区桜丘町4-24 平井ビルB2,シーザージム渋谷,スポーツスクール/体験,35.655404,139.703323
渋谷区,本町一丁目,-,東京都渋谷区本町1-17-11 STCビル3F、4F,パーソナルトレーニングスタジオ SWITCH(スイッチ),スポーツクラブ/フィットネスクラブ,35.67891,139.680988
渋谷区,円山町,-,東京都渋谷区円山町3-6 E・スペースタワー3F,TOTAL Workout SHIBUYA (トータルワークアウト 渋谷),スポーツクラブ/フィットネスクラブ,35.657576,139.695565
渋谷区,神宮前四丁目,-,東京都渋谷区神宮前4-3-15 東京セントラル表参道120号,K YOGA Studio,スポーツクラブ/フィットネスクラブ,35.666898,139.710568
渋谷区,恵比寿四丁目,-,東京都渋谷区恵比寿4-20-3 恵比寿ガーデンプレイスタワープロムナードB1,GRANCISE YEBISU GARDEN(グランサイズ恵比寿ガーデン),スポーツクラブ/フィットネスクラブ,35.642211,139.713446
渋谷区,元代々木町,-,東京都渋谷区元代々木町12-7,Olaピラティススタジオ,スポーツクラブ/フィットネスクラブ,35.670477,139.683819
渋谷区,富ケ谷一丁目,-,東京都渋谷区富ヶ谷1-35-20 2F,クオリア代々木公園,スポーツクラブ/フィットネスクラブ,35.667332,139.688346
渋谷区,恵比寿西一丁目,-,東京都渋谷区恵比寿西1-32-14 Dear Ebisu 7F,恵比寿 Fit for life yoga studio,スポーツスクール/体験,35.646575,139.705206
渋谷区,上原一丁目,-,東京都渋谷区上原1-22-1 ヴィラ山水 1F,HOT STUDIO SANCTUARY(ホット スタジオ サンクチュアリ) 代々木上原店,スポーツスクール/体験,35.668956,139.682264
渋谷区,桜丘町,-,東京都渋谷区桜丘町30-3 カヲリビル3F,Uttal yoga&healing school(ウタール ヨーガ&ヒーリング スクール),スポーツスクール/体験,35.655704,139.698536
渋谷区,恵比寿三丁目,-,東京都渋谷区恵比寿3-9-20 恵比寿ガーデンイーストB1F,Magma spastudio insea(マグマ スパスタジオ インシー)恵比寿店,スポーツクラブ/フィットネスクラブ,35.644086,139.71591
渋谷区,千駄ケ谷五丁目,-,東京都渋谷区千駄ヶ谷5-24-2 新宿タカシマヤタイムズスクエア 12F,Bodies(ボディーズ) 新宿タカシマヤタイムズスクエアスタジオ,スポーツクラブ/フィットネスクラブ,35.687633,139.70224
渋谷区,神宮前一丁目,-,東京都渋谷区神宮前1-11-6 ラフォーレ原宿4F,LAFORET GOLF SCHOOL(ラフォーレ ゴルフ スクール) ラフォーレ原宿店,ゴルフ練習場,35.669028,139.705418
渋谷区,渋谷一丁目,-,東京都渋谷区渋谷1-14-11 BCサロン3F(受付5階),CARDIO BARRE(カーディオ・バー) 渋谷店,スポーツスクール/体験,35.659815,139.702745
渋谷区,神宮前五丁目,-,東京都渋谷区神宮前5-52-2 青山オーバルビル4F・5F,GRANCISE(グランサイズ) 青山,スポーツクラブ/フィットネスクラブ,35.662693,139.708932
渋谷区,神宮前一丁目,-,東京都渋谷区神宮前1-5-8 神宮前タワービルディングB1F・GOLD'S GYM原宿ANNEX内内,GROOVE ZONE (グルーヴゾーン) 原宿店,スポーツスクール/体験,35.670688,139.706694
渋谷区,恵比寿西一丁目,-,東京都渋谷区恵比寿西1-34-17 Za HOUSEビル 3-4F,EXFIGHT(エクスファイト),スポーツクラブ/フィットネスクラブ,35.647096,139.702505
渋谷区,宇田川町,-,東京都渋谷区宇田川町19-5-706,CREBIQ(クレビック) 渋谷店,スポーツクラブ/フィットネスクラブ,35.661688,139.699517
渋谷区,渋谷一丁目,-,東京都渋谷区渋谷1-18-29,美竹公園 ジョーダンコート,スポーツ施設/運動公園,35.662112,139.703269
渋谷区,千駄ケ谷二丁目,-,東京都渋谷区千駄ヶ谷2-32-1 松任谷ビル 2F,エバンスゴルフ,ゴルフ練習場,35.676248,139.712459
渋谷区,笹塚二丁目,-,東京都渋谷区笹塚2-18-3 VORT 笹塚ビル 8F,AGNIYOGA(アグニヨガ) 笹塚スタジオ,スポーツクラブ/フィットネスクラブ,35.674239,139.665537
渋谷区,神宮前五丁目,-,東京都渋谷区神宮前5-16-13,lululemon Harajuku(ルルレモン ハラジュク),スポーツクラブ/フィットネスクラブ,35.665894,139.706385
渋谷区,千駄ケ谷三丁目,-,東京都渋谷区千駄ヶ谷3-53-12 グレンパーク原宿 102,完全プライベートパーソナルジム808 TOKYO(トウキョウ),スポーツクラブ/フィットネスクラブ,35.67449,139.705537
渋谷区,桜丘町,-,東京都渋谷区桜丘町9-1 ビアンクォードビル B1F,NOBOROCK(ノボロック) 渋谷店,スポーツクラブ/フィットネスクラブ,35.654827,139.702824
渋谷区,本町一丁目,-,東京都渋谷区本町1-12-10 原ビル,日本武道傳 少林寺流空手道 勇心門 総本部,スポーツスクール/体験,35.680199,139.682144
渋谷区,代々木二丁目,-,東京都渋谷区代々木2-6-7 セイチビル 6F,CREBIQ(クレビック) 新宿店,スポーツクラブ/フィットネスクラブ,35.687984,139.699015
渋谷区,渋谷一丁目,-,東京都渋谷区渋谷1-8-6 宮益坂STビル 1F,Dr.stretch(ドクターストレッチ) 渋谷宮益坂店,スポーツスクール/体験,35.660336,139.705306
渋谷区,恵比寿一丁目,-,東京都渋谷区恵比寿1-8-12 キュープラザ恵比寿 4F,OASIS RAFEEL(オアシス ラフィール) 恵比寿,スポーツクラブ/フィットネスクラブ,35.647518,139.710165
渋谷区,神宮前三丁目,-,東京都渋谷区神宮前3-35-8 ハニービル B1F,体育指導のスタートライン 明治神宮教室,スポーツスクール/体験,35.671862,139.712399
渋谷区,宇田川町,-,東京都渋谷区宇田川町20-11 渋谷三葉ビル 3F,FEEL CYCLE(フィール サイクル) 渋谷,スポーツクラブ/フィットネスクラブ,35.660813,139.699873
渋谷区,宇田川町,-,東京都渋谷区宇田川町3-10 いちごフィエスタ渋谷 7F,エクササイズコーチ 渋谷店,スポーツクラブ/フィットネスクラブ,35.662516,139.698756
渋谷区,恵比寿南三丁目,-,東京都渋谷区恵比寿南3-3-12 ロビタビル,K-1 ジム代官山,スポーツクラブ/フィットネスクラブ,35.646277,139.704729
渋谷区,笹塚一丁目,-,東京都渋谷区笹塚1-57-10 2F,PLAYLON(プレロン),スポーツクラブ/フィットネスクラブ,35.673937,139.666973
渋谷区,千駄ケ谷四丁目,-,東京都渋谷区千駄ヶ谷4-20-3 東栄神宮外苑ビル 8F,ZEROGYM SENDAGAYA(ゼロジム センダガヤ),スポーツクラブ/フィットネスクラブ,35.681018,139.707552
渋谷区,恵比寿南二丁目,-,東京都渋谷区恵比寿南2-20-2 ガイア恵比寿ビル 7F,株式会社ポジティブスターヨガ,スポーツクラブ/フィットネスクラブ,35.643673,139.709827
渋谷区,恵比寿南二丁目,-,東京都渋谷区恵比寿南2-4-4,メガロスルフレ恵比寿,スポーツクラブ/フィットネスクラブ,35.64459,139.70841
渋谷区,上原三丁目,-,東京都渋谷区上原3-44-9 麺連会館ビル 1F,Spoon(スプーン) 代々木上原店,ゴルフ練習場,35.668062,139.678436
渋谷区,千駄ケ谷二丁目,-,東京都渋谷区千駄ヶ谷2-6-9,TODAY SAGARA YOGA STUDIO(トゥデイ サガラ ヨガ スタジオ),スポーツクラブ/フィットネスクラブ,35.675452,139.709227
渋谷区,恵比寿一丁目,-,東京都渋谷区恵比寿1-15-6 OAK2ビル5F,GPC(ジーピーシー)恵比寿,スポーツスクール/体験,35.64754,139.71214
渋谷区,渋谷二丁目,-,東京都渋谷区渋谷2-9-10 キングビル 1F,BEYOND(ビヨンド) 表参道店,スポーツクラブ/フィットネスクラブ,35.660728,139.707397
渋谷区,恵比寿南二丁目,-,東京都渋谷区恵比寿南2-19-7 VORT恵比寿dual`s 404,BEYONDジム 恵比寿店,スポーツクラブ/フィットネスクラブ,35.643431,139.709367
渋谷区,南平台町,-,東京都渋谷区南平台町2-12 渋谷南平台ビル1F,ShapesGirl(シェイプスガール) 渋谷本店,スポーツクラブ/フィットネスクラブ,35.655575,139.695984
渋谷区,恵比寿西一丁目,-,東京都渋谷区恵比寿西1-33-3 光雲閣406,Pilates en Rose(ピラティス アン ローズ),スポーツクラブ/フィットネスクラブ,35.647378,139.704101
渋谷区,渋谷一丁目,-,東京都渋谷区渋谷1-14-11 ビーシーサロン 4・5F,B・B・V ola SHIBUYA STUDIO(オラ シブヤ スタジオ),スポーツクラブ/フィットネスクラブ,35.659815,139.702745
渋谷区,恵比寿南二丁目,-,東京都渋谷区恵比寿南2-6-5 竹原ビル 102,Women's Studio Flugel(ウーマンズ スタジオ フリューゲル) 恵比寿スタジオ,スポーツクラブ/フィットネスクラブ,35.643897,139.70807
渋谷区,西原三丁目,-,東京都渋谷区西原3-1-10 金杉ビル 102,Women's Studio Flugel(ウーマンズ スタジオ フリューゲル) 代々木上原スタジオ,スポーツクラブ/フィットネスクラブ,35.670286,139.683231
渋谷区,恵比寿四丁目,-,東京都渋谷区恵比寿4-20-3 恵比寿ガーデンプレイスタワー 17F,LIBERTA SOCCER SCHOOL(リベルタ サッカー スクール),スポーツスクール/体験,35.642211,139.713446
渋谷区,広尾一丁目,-,東京都渋谷区広尾1-6-10 Giraffa 1F,トーマス体操 広尾校,スポーツクラブ/フィットネスクラブ,35.648546,139.714155
渋谷区,本町三丁目,-,東京都渋谷区本町3-2-10 CONSOLARE 710,ヨガスタジオ YOGIWAY(ヨギウェイ),スポーツクラブ/フィットネスクラブ,35.686565,139.685275
渋谷区,神宮前四丁目,-,東京都渋谷区神宮前4-17-9,カラダ・知る・ジム BODY TIPS(ボディティップス),スポーツクラブ/フィットネスクラブ,35.668913,139.709702
渋谷区,東三丁目,-,東京都渋谷区東3-20-2 KIビル B1F,J&S Bouldering Gym(ジェイアンドエス ボルダリング ジム),スポーツ施設/運動公園,35.650271,139.709028
渋谷区,恵比寿西一丁目,-,東京都渋谷区恵比寿西1-16-2 恵比寿フラワーマンション 5A,enBody(エンボディ),スポーツクラブ/フィットネスクラブ,35.648822,139.707472
渋谷区,神宮前五丁目,-,東京都渋谷区神宮前5-47-3,IYC(インターナショナルヨガセンター) 表参道スタジオ,スポーツクラブ/フィットネスクラブ,35.663697,139.707876
渋谷区,猿楽町,-,東京都渋谷区猿楽町3-7 代官山木下ビル 4F,総本部代官山道場,スポーツクラブ/フィットネスクラブ,35.652416,139.7045
渋谷区,神宮前四丁目,-,東京都渋谷区神宮前4-24-23 胡桃の舎102,RUNNING SCIENCE LAB(ランニング サイエンス ラボ),スポーツクラブ/フィットネスクラブ,35.66926,139.708633
渋谷区,渋谷二丁目,-,東京都渋谷区渋谷2-2-1 木村ガーデンビル3F,ダナエビューティースタジオ,スポーツクラブ/フィットネスクラブ,35.660925,139.708574
渋谷区,神宮前三丁目,-,東京都渋谷区神宮前3-15-9 CREST表参道101,Eva cuore body(エバ クオーレ ボディ),スポーツクラブ/フィットネスクラブ,35.67013,139.709188
中央区,銀座五丁目,-,東京都中央区銀座5-4-7 銀座サワモトビル B2F,スクリーン ヨガ,スポーツクラブ/フィットネスクラブ,35.67157,139.763191
渋谷区,恵比寿南二丁目,-,東京都渋谷区恵比寿南2-3-14CONZEビル3F,BALI STONE HOT YOGA STUDIO ALLURE(バリ ストーン ホット ヨガ スタジオ アリュール) 恵比寿店,スポーツクラブ/フィットネスクラブ,35.645437,139.707572
渋谷区,恵比寿南二丁目,-,東京都渋谷区恵比寿南2-3-11 グレース青山 2F,パーソナルトレーニングジムREAL WORKOUT(リアルワークアウト) 恵比寿西口店,スポーツクラブ/フィットネスクラブ,35.645415,139.707362
渋谷区,笹塚一丁目,-,東京都渋谷区笹塚1-22-9 ヴィオス笹塚 1F,パーソナルトレーニングジムREAL WORKOUT(リアルワークアウト) 笹塚店,スポーツクラブ/フィットネスクラブ,35.672528,139.668617
渋谷区,千駄ケ谷五丁目,-,東京都渋谷区千駄ヶ谷5-3-9 イトウハイム 303,パーソナルトレーニングジムREAL WORKOUT(リアルワークアウト) 代々木・千駄ヶ谷店,スポーツクラブ/フィットネスクラブ,35.682486,139.707771
渋谷区,元代々木町,-,東京都渋谷区元代々木町21-9 Silhouette 203,パーソナルトレーニングジムREAL WORKOUT(リアルワークアウト) 代々木上原店,スポーツクラブ/フィットネスクラブ,35.670961,139.684577
渋谷区,恵比寿西一丁目,-,東京都渋谷区恵比寿西1-9-4 小熊ビル202,パーソナル トレーニング ジム JOHNNY STYLE(ジョニー スタイル) 恵比寿店,スポーツクラブ/フィットネスクラブ,35.647065,139.708025
渋谷区,松涛一丁目,-,東京都渋谷区松濤1-29-15,Shibuya Fitness Sharez(シブヤ フィットネス シェアーズ) 渋谷松濤店,スポーツクラブ/フィットネスクラブ,35.659801,139.693939
渋谷区,渋谷二丁目,-,東京都渋谷区渋谷2-14-5 共栄ビル202,Shibuya Fitness Sharez(シブヤ フィットネス シェアーズ) 渋谷宮益坂上店,スポーツクラブ/フィットネスクラブ,35.659521,139.706076
渋谷区,広尾三丁目,-,東京都渋谷区広尾3-13-1 原ビル 4F,FAb fitness&beauty(エフエービー フィットネス アンド ビューティ),スポーツクラブ/フィットネスクラブ,35.654303,139.713866
渋谷区,千駄ケ谷三丁目,-,東京都渋谷区千駄ヶ谷3-13-22 第25宮庭マンション410,【ラグリーフィットネス】LAGREE MICRO STUDIO,スポーツクラブ/フィットネスクラブ,35.676873,139.705936
渋谷区,神南一丁目,-,東京都渋谷区神南1-20-9 パークウェイ渋谷ビル6F,eviGym(エビジム) 渋谷公園通り店,スポーツクラブ/フィットネスクラブ,35.661959,139.699877
渋谷区,恵比寿南二丁目,-,東京都渋谷区恵比寿南2-3-1 パイザ恵比寿ビル702,eviGym(エビジム) 恵比寿店,スポーツクラブ/フィットネスクラブ,35.645594,139.70775
渋谷区,東三丁目,-,東京都渋谷区東3-16-9 中村ビル4F,eviGym(エビジム) 恵比寿EAST店,スポーツクラブ/フィットネスクラブ,35.648996,139.710943
渋谷区,渋谷三丁目,-,東京都渋谷区渋谷3-18-4 渋谷3丁目ビル6F,eviGym(エビジム) 渋谷東口店,スポーツクラブ/フィットネスクラブ,35.65744,139.703483
渋谷区,恵比寿一丁目,-,東京都渋谷区恵比寿1-15-9 日宝恵比寿ビル 506,Apple GYM(アップルジム) 恵比寿店,スポーツクラブ/フィットネスクラブ,35.647739,139.7121
渋谷区,恵比寿一丁目,-,東京都渋谷区恵比寿1-15-9 日宝恵比寿ビル506,Apple GYM(アップルジム) 恵比寿店,スポーツクラブ/フィットネスクラブ,35.647739,139.7121
渋谷区,神宮前六丁目,-,東京都渋谷区神宮前6-23-11 パークサイドハイツ 301,パーソナルトレーニング ジムティーバランス 渋谷店,スポーツクラブ/フィットネスクラブ,35.664906,139.702247
渋谷区,広尾一丁目,-,東京都渋谷区広尾1-1-40,コナミスポーツクラブ恵比寿,スポーツクラブ/フィットネスクラブ,35.65051,139.712798
渋谷区,本町一丁目,-,東京都渋谷区本町1-10-1,カーブス渋谷初台,スポーツクラブ/フィットネスクラブ,35.680136,139.683859
渋谷区,南平台町,-,東京都渋谷区南平台町13-15,株式会社Shapes(シェイプス),スポーツクラブ/フィットネスクラブ,35.655002,139.695984
渋谷区,笹塚一丁目,-,東京都渋谷区笹塚1-54-15,笹塚高架下施設体育室,スポーツ施設/運動公園,35.674448,139.669502
渋谷区,神南一丁目,-,東京都渋谷区神南1-19-8,勤労福祉会館卓球場,スポーツ施設/運動公園,35.66251,139.699633
渋谷区,神宮前五丁目,-,東京都渋谷区神宮前5-6-13 ヴァイス表参道B1C号室,OZAKI FITNESS GYM(オザキ フィットネス ジム),スポーツクラブ/フィットネスクラブ,35.665727,139.708567
渋谷区,南平台町,-,東京都渋谷区南平台町2-12 渋谷南平台ビル 1F 株式会社Shapes内,MermaidSurf(マーメイドサーフ)サーフィン専門パーソナルトレーニングジム,スポーツクラブ/フィットネスクラブ,35.655575,139.695984
渋谷区,千駄ケ谷四丁目,-,東京都渋谷区千駄ヶ谷4-3-11 ニューベリー千駄ヶ谷 2F,HYPERION GOLF STUDIO(ヒューぺリオン ゴルフ スタジオ) 千駄ヶ谷店,ゴルフ練習場,35.679363,139.703991
渋谷区,南平台町,-,東京都渋谷区南平台町2-12 渋谷南平台ビル1F,ボディメイクスタジオModels Tokyo(モデルズ トウキョウ),スポーツスクール/体験,35.655575,139.695984
渋谷区,代々木神園町,-,東京都渋谷区代々木神園町2-1,代々木公園球技場,スポーツ施設/運動公園,35.670054,139.693164
渋谷区,代々木神園町,-,東京都渋谷区代々木神園町2-1,代々木公園サイクリングコース,スポーツ施設/運動公園,35.670054,139.693164
渋谷区,桜丘町,-,東京都渋谷区桜丘町9-16,新極真会渋谷道場,スポーツスクール/体験,35.655034,139.702047
渋谷区,富ケ谷二丁目,-,東京都渋谷区富ヶ谷2丁目41-10,ワークアウトイサミ,スポーツ施設/運動公園,35.666815,139.684697
渋谷区,恵比寿一丁目,-,東京都渋谷区恵比寿1丁目19-18,ゴルフスクールパームツリー恵比寿,スポーツスクール/体験,35.647101,139.712663
渋谷区,東三丁目,-,東京都渋谷区東3-19-9,ツーエムゴルフ練習場,スポーツスクール/体験,35.650184,139.709347
渋谷区,代々木一丁目,-,東京都渋谷区代々木1-31-12,ツーサムゴルフスタジオ,スポーツスクール/体験,35.681464,139.702326
渋谷区,代々木一丁目,-,東京都渋谷区代々木1-32-1,代々木ゴルフスクール,スポーツスクール/体験,35.682344,139.702286
渋谷区,幡ケ谷二丁目,-,東京都渋谷区幡ヶ谷2-1-10,ダイビングチームサム,スポーツスクール/体験,35.678463,139.678496
渋谷区,神南二丁目,-,東京都渋谷区神南2丁目3-1,財団法人東京都公園協会代々木公園陸上競技場,スポーツ施設/運動公園,35.666454,139.694951
渋谷区,広尾五丁目,-,東京都渋谷区広尾5丁目6-6,広尾倶楽部,スポーツ施設/運動公園,35.650053,139.72194
渋谷区,笹塚二丁目,-,東京都渋谷区笹塚2丁目21-2,ワンツー,スポーツスクール/体験,35.674028,139.664481
渋谷区,千駄ケ谷五丁目,-,東京都渋谷区千駄ヶ谷5-21-5,体育・スポーツ家庭教師のファースト,スポーツスクール/体験,35.68295,139.70429
渋谷区,神宮前三丁目,-,東京都渋谷区神宮前3丁目42-6,原宿ゴルフアカデミー,ゴルフ練習場,35.671075,139.714006
渋谷区,代々木二丁目,-,東京都渋谷区代々木2-20-12,和術慧舟會HEARTS,スポーツクラブ/フィットネスクラブ,35.686079,139.696861
渋谷区,恵比寿四丁目,-,東京都渋谷区恵比寿4丁目5-3,THECLUB22,スポーツクラブ/フィットネスクラブ,35.645438,139.712624
渋谷区,代官山町,-,東京都渋谷区代官山町3-13,Dスタジオ,スポーツクラブ/フィットネスクラブ,35.652433,139.704904
渋谷区,恵比寿二丁目,-,東京都渋谷区恵比寿2丁目36-13,新体操教室レイラニR・Gクラブ,スポーツスクール/体験,35.645738,139.72254
渋谷区,渋谷一丁目,-,東京都渋谷区渋谷1-23-18,BASIピラティス 渋谷スタジオ,スポーツスクール/体験,35.662366,139.702448
渋谷区,広尾四丁目,-,東京都渋谷区広尾4丁目1-11,フィットネスクラブ広尾 ガーデンヒルズスタジオ,スポーツクラブ/フィットネスクラブ,35.654799,139.720619
渋谷区,宇田川町,-,東京都渋谷区宇田川町33-8,エナジーフィット渋谷店,スポーツクラブ/フィットネスクラブ,35.660896,139.696821
渋谷区,神宮前四丁目,-,東京都渋谷区神宮前4丁目15-13,東京プロポーションラボ,スポーツクラブ/フィットネスクラブ,35.668838,139.710704
渋谷区,広尾一丁目,-,東京都渋谷区広尾1丁目15-3,BASIピラティス 恵比寿スタジオ,スポーツスクール/体験,35.648517,139.711761
渋谷区,上原一丁目,-,東京都渋谷区上原1-24-3,BASIピラティス 代々木上原スタジオ,スポーツスクール/体験,35.668859,139.681666
渋谷区,渋谷一丁目,-,東京都渋谷区渋谷1丁目6-10,スクランブル渋谷ジム,スポーツクラブ/フィットネスクラブ,35.661025,139.705393
渋谷区,代々木一丁目,-,東京都渋谷区代々木1-13-4,Big-Oneパーソナルトレーニングジム,スポーツクラブ/フィットネスクラブ,35.682021,139.699908
渋谷区,渋谷二丁目,-,東京都渋谷区渋谷2丁目14-13,渋谷deゴルフ,スポーツスクール/体験,35.659391,139.705617
渋谷区,幡ケ谷一丁目,-,東京都渋谷区幡ヶ谷1-3-1,心身統一合氣道会京心館道場,スポーツスクール/体験,35.676784,139.676103
渋谷区,広尾一丁目,-,東京都渋谷区広尾1-11-5,空道連盟大道塾・渋谷支部,スポーツスクール/体験,35.648175,139.71591
渋谷区,神宮前四丁目,-,東京都渋谷区神宮前4丁目24-23,SPORTS・SCIENCE・LAB,スポーツクラブ/フィットネスクラブ,35.66926,139.708633
渋谷区,神南一丁目,-,東京都渋谷区神南1丁目12-16,タクティブ渋谷,スポーツ施設/運動公園,35.662679,139.700591
渋谷区,幡ケ谷一丁目,-,東京都渋谷区幡ヶ谷1丁目2-8,ゴルフエイティーン,ゴルフ練習場,35.677147,139.677539
渋谷区,桜丘町,-,東京都渋谷区桜丘町4-17,アランチャ・トレーニングスタジオ,スポーツスクール/体験,35.654984,139.703662
渋谷区,桜丘町,-,東京都渋谷区桜丘町25-17,インドアゴルフレッスンスタジオ渋谷,スポーツスクール/体験,35.656878,139.700431
渋谷区,笹塚一丁目,-,東京都渋谷区笹塚1丁目29-3,スターフィット笹塚店,スポーツクラブ/フィットネスクラブ,35.673168,139.666933
渋谷区,代々木一丁目,-,東京都渋谷区代々木1丁目18-16,パーソナルトレーニングジムメクスター代々木店,スポーツ施設/運動公園,35.680778,139.702047
渋谷区,本町一丁目,-,東京都渋谷区本町1丁目12-10,道統少林寺流防具付空手道連盟(一般社団法人)勇心門総本部,スポーツスクール/体験,35.680199,139.682144
渋谷区,渋谷一丁目,-,東京都渋谷区渋谷1丁目15-8,西野流呼吸法総本部,スポーツスクール/体験,35.660925,139.703543
