指標名,神社・寺院・教会,,,,,,
出典,NAVITIME,,,,,,
年次,2023/1/20 取得,,,,,,
URL,https://www.navitime.co.jp/,,,,,,
備考,（2020年度：609件、2021年度：668件、2022年度：899件）,,,,,,
,,,,,,,
区,町丁目,エリア,住所,施設名,種類,緯度,経度
千代田区,永田町二丁目,赤坂,東京都千代田区永田町2-10-5,日枝神社,神社,35.674551,139.740325
千代田区,九段北三丁目,-,東京都千代田区九段北3-1-1,靖国神社,神社,35.694305,139.742837
千代田区,富士見二丁目,-,東京都千代田区富士見2-4-1,東京大神宮,神社,35.700170,139.746642
千代田区,神田駿河台一丁目,-,東京都千代田区神田駿河台1-2-3,太田姫稲荷神社,神社,35.696538,139.763112
千代田区,外神田一丁目,-,東京都千代田区外神田1-6-1 外神田ビル,秋葉原神社,神社,35.699604,139.769315
千代田区,神田三崎町二丁目,-,東京都千代田区三崎町2-9-12,三崎稲荷神社,神社,35.701710,139.754367
千代田区,内神田一丁目,-,東京都千代田区内神田1-6-8,御宿稲荷神社,神社,35.689945,139.766605
千代田区,神田司町二丁目,-,東京都千代田区神田司町2-6,真徳稲荷神社,神社,35.693765,139.767883
千代田区,内神田三丁目,-,東京都千代田区内神田3-10-1,佐竹稲荷神社,神社,35.691170,139.769336
千代田区,平河町一丁目,-,東京都千代田区平河町1-7-5,平河天満宮,神社,35.682423,139.740794
千代田区,九段北一丁目,-,東京都千代田区九段北1-14-21,築土神社,神社,35.696047,139.749816
千代田区,神田小川町三丁目,-,東京都千代田区神田小川町3-9-1,五十稲荷神社,神社,35.695255,139.762013
千代田区,永田町二丁目,赤坂,東京都千代田区永田町2-10,山王稲荷神社,神社,35.674653,139.739975
中央区,日本橋蛎殻町二丁目,-,東京都中央区日本橋蛎殻町2-4-1,水天宮,神社,35.683408,139.785258
中央区,日本橋小網町,-,東京都中央区日本橋小網町16-23,小網神社,神社,35.684178,139.780574
中央区,日本橋室町二丁目,日八京,東京都中央区日本橋室町2-4-14,福徳神社 (芽吹稲荷),神社,35.687090,139.774111
中央区,佃一丁目,-,東京都中央区佃1丁目1-14,住吉神社,神社,35.668109,139.783271
中央区,湊一丁目,-,東京都中央区湊1-6-7,鉄砲洲稲荷神社,神社,35.672328,139.779875
中央区,銀座七丁目,-,東京都中央区銀座7-8-14,豊岩稲荷神社,神社,35.669035,139.762134
中央区,日本橋人形町二丁目,-,東京都中央区日本橋人形町2丁目25-20,末広神社,神社,35.686868,139.784110
中央区,日本橋浜町二丁目,-,東京都中央区日本橋浜町2丁目11-6,笠間稲荷神社東京別社,神社,35.688078,139.785318
中央区,日本橋人形町二丁目,-,東京都中央区日本橋人形町2-15-2,松島神社,神社,35.684749,139.785448
中央区,日本橋茅場町一丁目,-,東京都中央区日本橋茅場町1丁目6-16,日枝神社日本橋摂社,神社,35.680938,139.779047
中央区,日本橋堀留町一丁目,-,東京都中央区日本橋堀留町1-10-2,椙森神社,神社,35.688445,139.779676
中央区,日本橋兜町,-,東京都中央区日本橋兜町20-2,鳥居稲荷神社,神社,35.678649,139.776506
中央区,日本橋堀留町二丁目,-,東京都中央区日本橋堀留町2-1-13,三光稲荷神社,神社,35.687626,139.781603
中央区,日本橋人形町一丁目,-,東京都中央区日本橋人形町1-12-10,茶ノ木神社,神社,35.683912,139.783604
中央区,築地六丁目,-,東京都中央区築地6-20-37,波除稲荷神社,神社,35.663465,139.771557
中央区,新川一丁目,-,東京都中央区新川1-31-4,海渡稲荷神社,神社,35.675890,139.786096
中央区,日本橋本町三丁目,日八京,東京都中央区日本橋本町3-10,宝田神社,神社,35.689304,139.777010
中央区,銀座三丁目,-,東京都中央区銀座3-8-10,朝日稲荷神社,神社,35.671286,139.767225
中央区,日本橋本町一丁目,日八京,東京都中央区日本橋本町1-8,常磐稲荷神社,神社,35.685343,139.777908
中央区,八丁堀三丁目,-,東京都中央区八丁堀3-24-11,今村幸稲荷神社,神社,35.675074,139.777997
中央区,日本橋茅場町一丁目,-,東京都中央区日本橋茅場町1-6-16,明徳稲荷神社,神社,35.680938,139.779047
中央区,新川一丁目,-,東京都中央区新川1-8-17,新川大神宮,神社,35.677793,139.782879
中央区,日本橋本石町四丁目,日八京,東京都中央区日本橋本石町4-4-17,白旗稲荷神社,神社,35.688511,139.771069
中央区,日本橋堀留町二丁目,-,東京都中央区日本橋堀留町2-4-10,稲荷神社,神社,35.689630,139.780035
中央区,日本橋兜町,-,東京都中央区日本橋兜町11-3,大原稲荷神社,神社,35.680707,139.776770
中央区,八丁堀三丁目,-,東京都中央区八丁堀3-6-6,天祖神社,神社,35.676091,139.774370
中央区,日本橋浜町三丁目,-,東京都中央区日本橋浜町3-3-3,浜町神社,神社,35.684788,139.788423
中央区,新川二丁目,-,東京都中央区新川2-15-14,金刀比羅神社,神社,35.674974,139.783390
中央区,日本橋富沢町,-,東京都中央区日本橋富沢町718,稲荷神社,神社,35.688945,139.782781
中央区,日本橋箱崎町,-,東京都中央区日本橋箱崎町4-1,稲荷神社,神社,35.679962,139.783820
中央区,日本橋浜町二丁目,-,東京都中央区日本橋浜町2丁目,水天宮,神社,35.687647,139.788853
港区,新橋二丁目,虎ノ門広域,東京都港区新橋2-15-5,烏森神社,神社,35.666517,139.756513
港区,愛宕一丁目,虎ノ門,東京都港区愛宕1-5-3,愛宕神社,神社,35.665069,139.748515
港区,東新橋二丁目,虎ノ門広域,東京都港区東新橋2丁目1-1,日比谷神社,神社,35.663306,139.758235
港区,高輪二丁目,-,東京都港区高輪2丁目14-18,宗教法人高輪神社,神社,35.635268,139.737880
港区,麻布十番一丁目,-,東京都港区麻布十番1-4-6,十番稲荷神社,神社,35.656996,139.735165
港区,白金二丁目,-,東京都港区白金2丁目1-7,白金氷川神社,神社,35.643153,139.731293
港区,三田三丁目,-,東京都港区三田3-7-16,御田八幡神社,神社,35.643245,139.741532
港区,虎ノ門一丁目,虎ノ門,東京都港区虎ノ門1丁目2-7,金刀比羅宮,神社,35.669568,139.748003
港区,赤坂八丁目,赤坂,東京都港区赤坂8丁目11-27,乃木神社,神社,35.668250,139.728204
港区,芝大門一丁目,-,東京都港区芝大門1-12-7,芝大神宮,神社,35.657509,139.753239
港区,六本木二丁目,六本木,東京都港区六本木2-1-16,久国神社,神社,35.667093,139.738434
港区,三田二丁目,-,東京都港区三田2-13-9,三田春日神社,神社,35.649697,139.744426
港区,赤坂六丁目,赤坂,東京都港区赤坂6-10-12,赤坂氷川神社,神社,35.668317,139.736187
港区,六本木七丁目,六本木,東京都港区六本木7-7-7,天祖神社・龍土神明宮,神社,35.665144,139.729239
港区,元麻布一丁目,-,東京都港区元麻布1-4-23,麻布氷川神社,神社,35.652875,139.731059
港区,芝公園四丁目,-,東京都港区芝公園4丁目8-10,東照宮,神社,35.655109,139.748618
港区,六本木六丁目,六本木,東京都港区六本木6-7-14,朝日神社,神社,35.661857,139.732538
港区,白金台二丁目,-,東京都港区白金台2-26-14,真先稲荷神社,神社,35.631534,139.729547
港区,芝三丁目,-,東京都港区芝3-12-19,柳神社,神社,35.652814,139.746039
港区,高輪四丁目,-,東京都港区高輪4-10-23,高山稲荷神社,神社,35.628195,139.737240
港区,北青山三丁目,-,東京都港区北青山3-5-26,秋葉神社,神社,35.665718,139.712220
港区,高輪一丁目,-,東京都港区高輪1-18-11,稲荷神社,神社,35.639790,139.733120
港区,高輪二丁目,-,東京都港区高輪2丁目15-10,稲荷神社,神社,35.637506,139.739077
港区,白金台一丁目,-,東京都港区白金台1-1-7,古地老稲荷神社,神社,35.638455,139.727802
港区,赤坂四丁目,赤坂,東京都港区赤坂4-13-17,末廣稲荷神社,神社,35.672776,139.731753
港区,西麻布三丁目,-,東京都港区西麻布3丁目2-17,櫻田神社,神社,35.659375,139.727173
港区,南麻布四丁目,-,東京都港区南麻布4-5-61,廣尾稲荷神社,神社,35.650446,139.723602
港区,三田一丁目,-,東京都港区三田1-4-74,元神明宮,神社,35.653504,139.740617
港区,台場一丁目,-,東京都港区台場1-7-1 アクアシティお台場7F,アクアシティお台場神社,神社,35.627948,139.773834
港区,芝公園四丁目,-,東京都港区芝公園4-2-8,タワー大神宮,神社,35.658570,139.745484
港区,南青山二丁目,-,東京都港区南青山2丁目18-2,青山典範合資会社,寺院,35.669436,139.720227
港区,西麻布四丁目,-,東京都港区西麻布4-9-2,神道大教,教会,35.656889,139.722943
港区,麻布台二丁目,-,東京都港区麻布台2-2-14,熊野神社,神社,35.658598,139.742939
港区,南青山五丁目,-,東京都港区南青山5-1-7,稲荷神社,神社,35.664409,139.713447
港区,赤坂七丁目,赤坂,東京都港区赤坂7-6-19,椿大神社東京講本部,神社,35.671067,139.733050
港区,南青山三丁目,-,東京都港区南青山3-4-11,稲荷神社,神社,35.666844,139.717167
港区,芝公園三丁目,虎ノ門,東京都港区芝公園3丁目5-27,宗教法人幸稲荷神社,神社,35.660491,139.746030
港区,浜松町二丁目,-,東京都港区浜松町2-9-8,稲荷神社,神社,35.654079,139.756094
港区,虎ノ門四丁目,虎ノ門,東京都港区虎ノ門4-1-3,葺城稲荷神社,神社,35.664551,139.744906
港区,虎ノ門五丁目,虎ノ門,東京都港区虎ノ門5-10-14,西久保八幡神社,神社,35.661343,139.742650
新宿区,西早稲田二丁目,-,東京都新宿区西早稲田2-1-11,穴八幡宮,神社,35.707326,139.717227
新宿区,新宿五丁目,-,東京都新宿区新宿5-17-3,花園神社,神社,35.693565,139.705098
新宿区,高田馬場一丁目,-,東京都新宿区高田馬場1-12-6,新宿諏訪神社,神社,35.709181,139.707698
新宿区,西新宿二丁目,-,東京都新宿区西新宿2-11-2,熊野神社(十二社熊野神社),神社,35.690199,139.688206
新宿区,西新宿八丁目,-,東京都新宿区西新宿8丁目14-10,成子天神社,神社,35.696157,139.692374
新宿区,百人町一丁目,-,東京都新宿区百人町1-11-16,皆中稲荷神社,神社,35.701014,139.699444
新宿区,歌舞伎町二丁目,-,東京都新宿区歌舞伎町2-17-5,稲荷鬼王神社,神社,35.697900,139.705318
新宿区,市谷八幡町,-,東京都新宿区市谷八幡町15,市谷亀岡八幡宮,神社,35.692734,139.733785
新宿区,大久保二丁目,-,東京都新宿区大久保2丁目27-18,夫婦木神社,神社,35.702338,139.703852
新宿区,下落合二丁目,-,東京都新宿区下落合2丁目7-12,氷川神社,神社,35.716721,139.699314
新宿区,西早稲田三丁目,-,東京都新宿区西早稲田3-5-43,水稲荷神社,神社,35.711244,139.715971
新宿区,西早稲田二丁目,-,東京都新宿区西早稲田2-1-11,穴八幡神社,神社,35.707326,139.717227
新宿区,須賀町,-,東京都新宿区須賀町5-6,須賀神社,神社,35.685260,139.722534
新宿区,赤城元町,-,東京都新宿区赤城元町1-10,赤城神社,神社,35.704837,139.736383
新宿区,北新宿三丁目,-,東京都新宿区北新宿3-16-18,鎧神社,神社,35.704528,139.692019
新宿区,左門町,-,東京都新宿区左門町17,田宮稲荷(お岩稲荷)神社,神社,35.685897,139.720818
新宿区,余丁町,-,東京都新宿区余丁町8-5,厳島神社抜弁天,神社,35.697615,139.713362
新宿区,大京町,-,東京都新宿区大京町6,大京神社,神社,35.685899,139.718724
新宿区,榎町,-,東京都新宿区榎町56,稲荷神社,神社,35.704169,139.728780
新宿区,戸山二丁目,-,東京都新宿区坂町22,桝箕稲荷神社,神社,35.703262,139.711743
新宿区,喜久井町,-,東京都新宿区喜久井町20,池立神社,神社,35.703618,139.722095
新宿区,天神町,-,東京都新宿区天神町75-13,北野神社,神社,35.706214,139.730581
新宿区,内藤町,-,東京都新宿区内藤町1,多武峯内藤神社,神社,35.687090,139.715282
新宿区,原町三丁目,-,東京都新宿区原町3-20,稲荷神社,神社,35.699997,139.722674
新宿区,岩戸町,-,東京都新宿区岩戸町14-2,稲荷神社,神社,35.701103,139.737005
新宿区,下落合二丁目,-,東京都新宿区下落合2-10-5,稲荷神社,神社,35.717750,139.702007
新宿区,西早稲田三丁目,-,東京都新宿区西早稲田3-17-36,天祖神社,神社,35.712716,139.713736
新宿区,余丁町,-,東京都新宿区余丁町8-5,厳島神社,神社,35.697615,139.713362
新宿区,原町一丁目,-,東京都新宿区原町1-42,天祖神社,神社,35.700630,139.725825
新宿区,新宿六丁目,-,東京都新宿区新宿6-21-1,西向天神社,神社,35.696186,139.711222
新宿区,余丁町,-,東京都新宿区余丁町12-18,稲荷神社,神社,35.697526,139.716968
新宿区,若松町,-,東京都新宿区若松町45,稲荷神社,神社,35.700261,139.717307
新宿区,早稲田鶴巻町,-,東京都新宿区早稲田鶴巻町530,天祖神社,神社,35.706973,139.722305
新宿区,早稲田鶴巻町,-,東京都新宿区早稲田鶴巻町568,元赤城神社,神社,35.708270,139.726241
新宿区,内藤町,-,東京都新宿区内藤町1-8,多武峯内藤神社社務所,神社,35.685181,139.715268
新宿区,若葉一丁目,-,東京都新宿区若葉1丁目22,宗教法人龍神総宮社東京支部,神社,35.682431,139.726206
江東区,亀戸三丁目,-,東京都江東区亀戸3-6-1,亀戸天神社,神社,35.703144,139.821007
江東区,富岡一丁目,-,東京都江東区富岡1-20-3,富岡八幡宮,神社,35.672369,139.799186
江東区,南砂七丁目,-,東京都江東区南砂7丁目14-18,富賀岡八幡宮,神社,35.669282,139.837572
江東区,木場六丁目,-,東京都江東区木場6丁目13-13,洲崎神社,神社,35.668445,139.807733
江東区,亀戸三丁目,-,東京都江東区亀戸3丁目38-35,天祖神社,神社,35.706558,139.820942
江東区,千田,-,東京都江東区千田12-8,宇迦八幡宮,神社,35.682200,139.814726
江東区,大島五丁目,-,東京都江東区大島5丁目39-26,大島稲荷神社,神社,35.686405,139.836632
江東区,大島二丁目,-,東京都江東区大島2-15-4,愛宕神社,神社,35.690655,139.823480
江東区,森下一丁目,-,東京都江東区森下1-3-17,深川神明宮,神社,35.686577,139.797423
江東区,大島三丁目,-,東京都江東区大島3-21-9,稲荷神社,神社,35.691667,139.828801
江東区,大島七丁目,-,東京都江東区大島7丁目24-1,東大島神社,神社,35.690829,139.840954
江東区,猿江二丁目,-,東京都江東区猿江2丁目,猿江神社,神社,35.686280,139.816984
江東区,亀戸九丁目,-,東京都江東区亀戸9-15-7,亀戸浅間神社,神社,35.695756,139.844443
江東区,亀戸三丁目,-,東京都江東区亀戸3丁目57-22,亀戸香取神社,神社,35.704238,139.825181
江東区,木場二丁目,-,東京都江東区木場2-18-12,繁榮稲荷神社,神社,35.669952,139.804793
江東区,北砂三丁目,-,東京都江東区北砂3-21-11,治兵衛稲荷神社,神社,35.681838,139.830595
江東区,亀戸三丁目,-,東京都江東区亀戸3-6-1,御嶽神社,神社,35.703144,139.821007
江東区,東砂四丁目,-,東京都江東区東砂4-2-18,天祖神社,神社,35.677109,139.837642
江東区,常盤一丁目,-,東京都江東区常盤1-2,正木稲荷神社,神社,35.683716,139.794447
江東区,東砂二丁目,-,東京都江東区東砂2-14-5,稲荷神社,神社,35.685548,139.845711
江東区,東砂五丁目,-,東京都江東区東砂5-4-10,稲荷神社,神社,35.676414,139.840551
江東区,亀戸四丁目,-,東京都江東区亀戸4-37-13,石井神社,神社,35.702312,139.828287
江東区,猿江一丁目,-,東京都江東区猿江1-22-12,日先神社,神社,35.686654,139.813637
江東区,北砂四丁目,-,東京都江東区北砂4-25-15,亀高神社,神社,35.679307,139.832794
江東区,亀戸四丁目,-,東京都江東区亀戸4-11-19,水神社,神社,35.701165,139.831565
江東区,佐賀二丁目,-,東京都江東区佐賀2-4-8,稲荷神社,神社,35.678875,139.791130
江東区,亀戸三丁目,-,東京都江東区亀戸3丁目57-22,香取神社,神社,35.704238,139.825181
江東区,牡丹一丁目,-,東京都江東区牡丹1-12-9,稲荷神社,神社,35.670750,139.794437
江東区,清澄三丁目,-,東京都江東区清澄3-9-14,三穂道別稲荷神社,神社,35.682627,139.797753
江東区,東砂三丁目,-,東京都江東区東砂3-17-17,稲荷神社,神社,35.681487,139.842200
江東区,東砂六丁目,-,東京都江東区東砂6丁目13-4,天祖神社,神社,35.673151,139.841120
江東区,北砂二丁目,-,東京都江東区北砂2丁目1-37,宗教法人志演尊空神社,神社,35.677594,139.826643
品川区,北品川三丁目,-,東京都品川区北品川3-7-15,品川神社,神社,35.618326,139.739836
品川区,戸越二丁目,-,東京都品川区戸越2-6-23,戸越八幡神社,神社,35.613282,139.720280
品川区,大崎三丁目,-,東京都品川区大崎3-8-20,大崎鎮守 居木神社,神社,35.619850,139.725088
品川区,二葉一丁目,-,東京都品川区二葉1-3-24,下神明天祖神社,神社,35.606524,139.726425
品川区,西五反田五丁目,-,東京都品川区西五反田5丁目6-3,氷川神社,神社,35.624522,139.715432
品川区,南大井一丁目,-,東京都品川区南大井1丁目4-1,天祖・諏訪神社,神社,35.597106,139.738893
品川区,荏原七丁目,-,東京都品川区荏原7丁目5-14,小山八幡神社,神社,35.611677,139.699653
品川区,大井六丁目,-,東京都品川区大井6丁目18-36,鹿島神社,神社,35.595464,139.730326
品川区,小山五丁目,-,東京都品川区小山5-8-7,三谷八幡神社,神社,35.617254,139.702575
品川区,西品川三丁目,-,東京都品川区西品川3丁目16-31,貴船神社,神社,35.615346,139.726365
品川区,上大崎二丁目,-,東京都品川区上大崎2丁目13-36,誕生八幡神社,神社,35.634586,139.717591
品川区,二葉四丁目,-,東京都品川区二葉4-4-12,蛇窪神社,神社,35.602578,139.715691
品川区,北品川二丁目,-,東京都品川区北品川2丁目30-28,荏原神社,神社,35.617107,139.743867
品川区,旗の台三丁目,-,東京都品川区旗の台3-6-12,旗岡八幡神社,神社,35.604817,139.708170
品川区,大井一丁目,-,東京都品川区大井1-14-3,大井蔵王権現神社,神社,35.607566,139.731753
品川区,東品川二丁目,-,東京都品川区東品川2-12-11,三岳神社,神社,35.621445,139.751153
品川区,東五反田三丁目,-,東京都品川区東五反田3-6-20,袖ヶ崎神社,神社,35.630331,139.729059
品川区,東品川一丁目,-,東京都品川区東品川1丁目35-8,洌崎会館,神社,35.618194,139.745863
品川区,東大井一丁目,-,東京都品川区東大井1-20-10,鮫洲八幡神社,神社,35.604711,139.742670
品川区,東五反田一丁目,-,東京都品川区東五反田1丁目2-33,雉子神社,神社,35.628856,139.726765
品川区,東品川一丁目,-,東京都品川区東品川1-35-8,寄木神社,神社,35.618194,139.745863
品川区,南品川五丁目,-,東京都品川区南品川5-3-22,松下稲荷神社,神社,35.611436,139.740923
品川区,荏原六丁目,-,東京都品川区荏原6-2-13,葛原神社,神社,35.612743,139.702844
品川区,東大井二丁目,-,東京都品川区東大井2-9-15,稲荷神社,神社,35.601386,139.740878
品川区,南品川二丁目,-,東京都品川区南品川2-7-7,諏訪神社,神社,35.611249,139.744027
品川区,大井二丁目,-,東京都品川区大井2-16-14,稲荷神社,神社,35.604357,139.728470
品川区,大井五丁目,-,東京都品川区大井5-12-8,稲荷神社,神社,35.598767,139.728022
品川区,東品川一丁目,-,東京都品川区東品川1-7-17,利田神社,神社,35.620969,139.742504
品川区,南品川四丁目,-,東京都品川区南品川4-17-8,稲荷神社,神社,35.612728,139.740195
品川区,旗の台五丁目,-,東京都品川区旗の台5-15-2,旗の台伏見稲荷神社,神社,35.604675,139.699389
品川区,西五反田二丁目,-,東京都品川区西五反田2-24-9,五反田人和会,神社,35.625783,139.719171
品川区,大井六丁目,-,東京都品川区大井6丁目,鹿嶋神社,神社,35.595706,139.731354
品川区,南大井二丁目,-,東京都品川区南大井2丁目4-8,浜川神社,神社,35.592834,139.736972
渋谷区,代々木神園町,-,東京都渋谷区代々木神園町1-1,明治神宮,神社,35.676035,139.703222
渋谷区,千駄ケ谷一丁目,-,東京都渋谷区千駄ケ谷1-1-24,鳩森八幡神社,神社,35.677720,139.709427
渋谷区,神宮前一丁目,-,東京都渋谷区神宮前1-5-3,東郷神社,神社,35.671683,139.705198
渋谷区,代々木三丁目,-,東京都渋谷区代々木3-8-10,平田神社,神社,35.682817,139.696283
渋谷区,東二丁目,-,東京都渋谷区東2-5-6,渋谷氷川神社,神社,35.655044,139.710464
渋谷区,神宮前五丁目,-,東京都渋谷区神宮前5丁目26-6,穏田神社,神社,35.664992,139.704164
渋谷区,猿楽町,-,東京都渋谷区猿楽29-9,猿楽神社,神社,35.648175,139.700029
渋谷区,桜丘町,-,東京都渋谷区桜丘町30-11,惟神会,神社,35.655453,139.698177
渋谷区,恵比寿西一丁目,-,東京都渋谷区恵比寿西1-11-1,恵比寿神社,神社,35.647228,139.707791
渋谷区,東三丁目,-,東京都渋谷区東3-14-20,稲荷神社,神社,35.651475,139.709816
渋谷区,代々木五丁目,-,東京都渋谷区代々木5丁目,代々木八幡,神社,35.674895,139.689861
渋谷区,渋谷三丁目,-,東京都渋谷区渋谷3-5-12,金王八幡宮,神社,35.657566,139.706310
渋谷区,代々木五丁目,-,東京都渋谷区代々木5-1-1,代々木公園八幡宮,神社,35.672026,139.688964
渋谷区,渋谷一丁目,-,東京都渋谷区渋谷1-12-16,宮益御嶽神社,神社,35.660282,139.703768
渋谷区,代々木二丁目,-,東京都渋谷区代々木2-26-5 バロール代々木 510,金吾龍神社,神社,35.685118,139.698857
渋谷区,神南一丁目,-,東京都渋谷区神南1丁目4-1,北谷稲荷神社,神社,35.665419,139.700272
渋谷区,代々木一丁目,-,東京都渋谷区代々木1丁目,神社本廳,神社,35.682123,139.700710
渋谷区,神宮前二丁目,-,東京都渋谷区神宮前2丁目2-22,熊野神社,神社,35.672429,139.714155
渋谷区,道玄坂二丁目,-,東京都渋谷区道玄坂2丁目20-8,千代田稲荷神社,神社,35.659619,139.696142
渋谷区,神宮前一丁目,-,東京都渋谷区神宮前1-5-3,東郷会,神社,35.671683,139.705198
千代田区,紀尾井町,赤坂,東京都千代田区紀尾井町7-1,S.J.ハウス・イエズス会修道院,教会,35.684196,139.732754
千代田区,外神田五丁目,-,東京都千代田区外神田5丁目5-3,天理教 分教会 東神長,教会,35.704091,139.772736
千代田区,外神田三丁目,-,東京都千代田区外神田3-5-11,神田キリスト教会,教会,35.701910,139.770293
千代田区,九段北二丁目,-,東京都千代田区九段北2丁目4-1,シャルトル聖パウロ修道女会,教会,35.695597,139.744076
千代田区,富士見一丁目,-,東京都千代田区富士見1丁目2-32,日本ルーテル教団,教会,35.698744,139.747202
千代田区,神田駿河台二丁目,-,東京都千代田区神田駿河台2-1 お茶の水クリスチャンセンタービル404号,東京プレヤーセンター,教会,35.699346,139.761808
千代田区,神田駿河台四丁目,-,東京都千代田区神田駿河台4-1-3,東京復活大聖堂 (ニコライ堂),教会,35.697996,139.765536
千代田区,外神田三丁目,-,東京都千代田区外神田3-4-10,真理舎,教会,35.701363,139.770363
千代田区,富士見一丁目,-,東京都千代田区富士見1丁目2-32,東京ルーテルセンター教会,教会,35.698744,139.747202
千代田区,神田駿河台二丁目,-,東京都千代田区神田駿河台2丁目1,お茶の水聖書学院,教会,35.699346,139.761808
千代田区,麹町六丁目,-,東京都千代田区麹町6丁目5-1,カトリック麹町聖イグナチオ教会,教会,35.684912,139.731393
千代田区,神田駿河台二丁目,-,東京都千代田区神田駿河台2丁目1,日本福音自由教会協議会,教会,35.699346,139.761808
千代田区,西神田一丁目,-,東京都千代田区西神田1丁目1-12,カトリック東京大司教区 神田教会,教会,35.699406,139.757428
千代田区,神田三崎町一丁目,-,東京都千代田区神田三崎町1丁目3-9,日本基督教団 三崎町教会,教会,35.700651,139.756064
千代田区,九段北一丁目,-,東京都千代田区九段北1丁目15-1,九段教会,教会,35.695873,139.748581
中央区,日本橋浜町二丁目,-,東京都中央区日本橋浜町2-21-4,日本基督教団日本橋教会,教会,35.686124,139.787515
中央区,銀座二丁目,-,東京都中央区銀座2-8-7,金光教 銀座教会,教会,35.672855,139.767964
中央区,勝どき二丁目,-,東京都中央区勝どき2-6-5,ナザレのイエス(耶蘇)基督教団,教会,35.658497,139.779476
中央区,入船一丁目,-,東京都中央区入船1丁目6-8,救世軍京橋小隊,教会,35.673027,139.777569
中央区,日本橋室町四丁目,日八京,東京都中央区日本橋室町4-1-17,金光教 日本橋教会,教会,35.688815,139.771937
中央区,東日本橋三丁目,-,東京都中央区東日本橋3-1-3,神道禊教,教会,35.690303,139.782722
中央区,月島四丁目,-,東京都中央区月島4丁目5-8,日本聖公会東京教区月島聖公会,教会,35.660477,139.783321
中央区,明石町,-,東京都中央区明石町5-26,カトリック築地教会,教会,35.668167,139.777169
中央区,銀座四丁目,-,東京都中央区銀座4丁目2-1,銀座教会,教会,35.672922,139.764369
中央区,銀座五丁目,-,東京都中央区銀座5丁目14-6,東京福音センター,教会,35.668615,139.767185
港区,赤坂一丁目,虎ノ門,東京都港区赤坂1-14-3,霊南坂教会,教会,35.667079,139.742151
港区,虎ノ門一丁目,虎ノ門,東京都港区虎ノ門1-17-3,日本基督教団 芝教会,教会,35.668192,139.749927
港区,赤坂六丁目,赤坂,東京都港区赤坂6-9-6,赤坂教会,教会,35.669194,139.736962
港区,西麻布四丁目,-,東京都港区西麻布4丁目11-14,麻布霞町教会,教会,35.658276,139.722714
港区,高輪四丁目,-,東京都港区高輪4-7-1,カトリック東京大司教区 高輪教会,教会,35.629277,139.732627
港区,三田四丁目,-,東京都港区三田4丁目8-19,キリスト友会東京月会,教会,35.642640,139.738279
港区,元麻布二丁目,-,東京都港区元麻布2丁目14-16,日本基督教団 安藤記念教会,教会,35.652396,139.730496
港区,東麻布二丁目,-,東京都港区東麻布2丁目13-6,カトリック・グアダルペ宣教会日本管区本部,教会,35.657241,139.739938
港区,六本木四丁目,六本木,東京都港区六本木4-2-37,カトリック東京大司教区 フランシスカンチャペルセンター,教会,35.664896,139.733635
港区,高輪三丁目,-,東京都港区高輪3丁目15-15,日本キリスト教団高輪教会,教会,35.634906,139.733130
港区,南青山三丁目,-,東京都港区南青山3-14-23,南青山ル・アンジェ教会,教会,35.665173,139.714614
港区,西麻布三丁目,-,東京都港区西麻布3丁目21-6,カトリック東京大司教区 麻布教会,教会,35.659311,139.725248
港区,元麻布三丁目,-,東京都港区元麻布3-13-10,麻布グレイスゴスペル教会,教会,35.655625,139.731214
港区,芝公園三丁目,虎ノ門,東京都港区芝公園3-6-18,聖アンデレ教会,教会,35.660374,139.744236
港区,元麻布三丁目,-,東京都港区元麻布3-12-10,麻布セント・メアリー教会,教会,35.656194,139.731514
港区,西麻布四丁目,-,東京都港区西麻布4-9-2,神道大教,教会,35.656889,139.722943
港区,六本木五丁目,六本木,東京都港区六本木5-6-15,日本基督教団 鳥居坂教会,教会,35.660446,139.734512
港区,南麻布四丁目,-,東京都港区南麻布4丁目5-6,日本基督教団 麻布南部坂教会,教会,35.651081,139.724559
港区,赤坂八丁目,赤坂,東京都港区赤坂8丁目12-42,聖パウロ女子修道会,教会,35.669625,139.728606
港区,赤坂一丁目,虎ノ門,東京都港区赤坂1-14-9,神霊教 本部,教会,35.666795,139.742650
港区,新橋四丁目,虎ノ門広域,東京都港区新橋4-24-9,金光教 芝教会,教会,35.663686,139.756543
港区,高輪四丁目,-,東京都港区高輪4-1-5,仏所護念会高輪教会,教会,35.629484,139.731553
港区,三田四丁目,-,東京都港区三田4-1-35,西蔵院,教会,35.647312,139.741073
港区,高輪一丁目,-,東京都港区高輪1-22-17,天理教 大教会 本芝,教会,35.638710,139.733137
港区,南麻布五丁目,-,東京都港区南麻布5-10-37,天理教 分教会 南東,教会,35.653934,139.722933
港区,南麻布三丁目,-,東京都港区南麻布3-14-12,天理教 分教会 新橋,教会,35.648089,139.730356
港区,芝四丁目,-,東京都港区芝4丁目7-8,立正佼成会港教会,教会,35.649009,139.752151
港区,芝公園四丁目,-,東京都港区芝公園4-7-4,浄土宗東京教区教務所,教会,35.657009,139.746602
港区,六本木六丁目,六本木,東京都港区六本木6-16-44,六本木ルーテル教会,教会,35.658243,139.729558
港区,麻布台一丁目,虎ノ門,東京都港区麻布台1-11-4,霊友会 福祉センター,教会,35.660155,139.743244
港区,西麻布二丁目,-,東京都港区西麻布2-26-1,曹洞宗東京都宗務所,教会,35.660356,139.718968
新宿区,百人町一丁目,-,東京都新宿区百人町1-17-8,淀橋教会,教会,35.701224,139.697758
新宿区,下落合三丁目,-,東京都新宿区下落合3-19-4,日本聖公会東京教区 目白聖公会,教会,35.722921,139.703283
新宿区,下落合一丁目,-,東京都新宿区下落合1-3-3,国際福音キリスト教会中央チャペル,教会,35.715176,139.702645
新宿区,歌舞伎町二丁目,-,東京都新宿区歌舞伎町2丁目2-19,純福音東京教会,教会,35.695835,139.706734
新宿区,四谷一丁目,-,東京都新宿区四谷1-14,四谷新生教会,教会,35.686693,139.728740
新宿区,北新宿三丁目,-,東京都新宿区北新宿3丁目5-19,大久保キリスト教会,教会,35.703713,139.693830
新宿区,新宿七丁目,-,東京都新宿区新宿7丁目26-22,大久保バプテスト教会,教会,35.699143,139.708589
新宿区,西早稲田二丁目,-,東京都新宿区西早稲田2丁目3-18,在日韓国人問題研究所,教会,35.708009,139.716429
新宿区,下落合二丁目,-,東京都新宿区下落合2丁目15-11,日本バプテストキリスト教目白ヶ丘教会,教会,35.719234,139.703782
新宿区,払方町,-,東京都新宿区払方町24,牛込払方町教会,教会,35.696928,139.735737
新宿区,大久保一丁目,-,東京都新宿区大久保1-14-14,日本福音ルーテル東京教会,教会,35.700981,139.704021
新宿区,市谷砂土原町一丁目,-,東京都新宿区市谷砂土原町1-1 保健会館別館 1F,日本福音ルーテル市ヶ谷教会,教会,35.694101,139.736343
新宿区,早稲田鶴巻町,-,東京都新宿区早稲田鶴巻町511,日本福音ルーテル・スオミ・キリスト教会,教会,35.706473,139.722554
新宿区,北新宿一丁目,-,東京都新宿区北新宿1-24-12,日本ホーリネス教団 東京中央教会,教会,35.700101,139.692377
新宿区,矢来町,-,東京都新宿区矢来町65,牛込聖バルナバ教会,教会,35.703975,139.732746
新宿区,北新宿三丁目,-,東京都新宿区北新宿3丁目1-18,日本キリスト教会柏木教会,教会,35.702383,139.694847
新宿区,下落合二丁目,-,東京都新宿区下落合2-13-3,東京シティチャーチ,教会,35.717455,139.704199
新宿区,歌舞伎町二丁目,-,東京都新宿区歌舞伎町2-19-11,日本基督教団 新宿西教会,教会,35.698067,139.704261
新宿区,西早稲田二丁目,-,東京都新宿区西早稲田2丁目3-18,宗教法人日本バプテスト同盟,教会,35.708009,139.716429
新宿区,中落合四丁目,-,東京都新宿区中落合4-32-5,天理教 分教会 創祥,教会,35.717757,139.679034
新宿区,若松町,-,東京都新宿区若松町8-3,日本基督教団 東京信愛教会,教会,35.698947,139.719881
新宿区,西早稲田二丁目,-,東京都新宿区西早稲田2丁目3-18,日本基督教団,教会,35.708009,139.716429
新宿区,大久保二丁目,-,東京都新宿区大久保2-29-7,天理教 分教会 錦開,教会,35.703052,139.703243
新宿区,西落合四丁目,-,東京都新宿区西落合4-15-21,日本ホーリネス教団西落合キリスト教会,教会,35.725816,139.677160
新宿区,喜久井町,-,東京都新宿区喜久井町20,金光教 早稲田教会,教会,35.703618,139.722095
新宿区,下落合三丁目,-,東京都新宿区下落合3丁目14-25,日本基督教団 目白教会,教会,35.721660,139.700770
新宿区,西早稲田二丁目,-,東京都新宿区西早稲田2丁目3-1,日本基督教団 早稲田教会,教会,35.707750,139.716230
新宿区,西早稲田二丁目,-,東京都新宿区西早稲田2丁目3-1,日本バプテスト同盟・東京平和教会,教会,35.707750,139.716230
新宿区,大久保一丁目,-,東京都新宿区大久保1丁目14-14,日本福音ルーテル教会婦人会連盟,教会,35.700981,139.704021
新宿区,四谷四丁目,-,東京都新宿区四谷4丁目21-10,金光教 四谷教会,教会,35.690145,139.716888
新宿区,大久保三丁目,-,東京都新宿区大久保3丁目10-1,シロアム教会,教会,35.708575,139.705118
新宿区,西落合四丁目,-,東京都新宿区西落合4丁目15-18,天理教多摩崎分教会,教会,35.726249,139.677080
新宿区,高田馬場四丁目,-,東京都新宿区高田馬場4-29-30,日之教教団本部,教会,35.711720,139.698417
新宿区,西落合二丁目,-,東京都新宿区西落合2丁目23-17,天理教南本所分教会,教会,35.719305,139.675047
新宿区,上落合一丁目,-,東京都新宿区上落合1丁目1-15,日本基督教団高田馬場台湾教会,教会,35.714822,139.695056
新宿区,四谷四丁目,-,東京都新宿区四谷4丁目18-7,日の御教東京教会,教会,35.689150,139.717087
新宿区,西落合三丁目,-,東京都新宿区西落合3丁目2-2,天理教 分教会 愛都,教会,35.723230,139.683022
新宿区,北新宿四丁目,-,東京都新宿区北新宿4丁目29-6,天理教 分教会 日江,教会,35.706625,139.690200
新宿区,西新宿五丁目,-,東京都新宿区西新宿5丁目18-4,天理教 分教会 東日之宮,教会,35.692362,139.685654
新宿区,北新宿四丁目,-,東京都新宿区北新宿4-20-12,天理教 分教会 本常一,教会,35.706999,139.691754
新宿区,新宿七丁目,-,東京都新宿区新宿7丁目2-13,東京バハイセンター,教会,35.698719,139.712978
新宿区,西新宿五丁目,-,東京都新宿区西新宿5丁目8-13,立正浄法会,教会,35.691652,139.686651
新宿区,若葉一丁目,-,東京都新宿区若葉1丁目22-12,カトリックサレジオ修道会・管区長館,教会,35.681899,139.725914
新宿区,上落合二丁目,-,東京都新宿区上落合2丁目13-23,天理教 分教会 陽東,教会,35.712213,139.688667
新宿区,西落合一丁目,-,東京都新宿区西落合1-9-1,天理教本理世大教会,教会,35.721088,139.683440
新宿区,大久保二丁目,-,東京都新宿区大久保2-6-16,ライトハウス新宿チャーチ,教会,35.701399,139.707871
新宿区,早稲田鶴巻町,-,東京都新宿区早稲田鶴巻町540,ジャパンゴスペルワーク,教会,35.709761,139.723512
新宿区,四谷一丁目,-,東京都新宿区四谷1丁目2,サンパウロ 聖品販売,教会,35.685772,139.728790
新宿区,大久保二丁目,-,東京都新宿区大久保2丁目18-8,東京中央教会,教会,35.701569,139.705398
新宿区,愛住町,-,東京都新宿区愛住町19-16,お茶の水教会,教会,35.691405,139.719043
新宿区,四谷坂町,-,東京都新宿区四谷坂町6-10,日本キリスト改革派東京教会,教会,35.690648,139.726266
新宿区,北新宿三丁目,-,東京都新宿区北新宿3丁目1-3,ロゴスライフ教会,教会,35.702104,139.694687
新宿区,西早稲田三丁目,-,東京都新宿区西早稲田3-31-11,アガペ教会,教会,35.714398,139.712080
新宿区,四谷坂町,-,東京都新宿区四谷坂町4-34,日本基督教団 千代田教会,教会,35.690160,139.727104
新宿区,高田馬場四丁目,-,東京都新宿区高田馬場4丁目2-38,アライズ東京キリスト教会,教会,35.710970,139.702166
新宿区,信濃町,-,東京都新宿区信濃町30,日本基督教団 信濃町教会,教会,35.681932,139.719925
新宿区,原町二丁目,-,東京都新宿区原町2-48,天理教 分教会 本久,教会,35.701214,139.723362
新宿区,若葉一丁目,-,東京都新宿区若葉1丁目5,聖パウロ修道会管区,教会,35.686367,139.724363
新宿区,四谷三栄町,-,東京都新宿区四谷三栄町6-26,ぶどうの樹キリスト教会,教会,35.687722,139.725697
新宿区,左門町,-,東京都新宿区左門町8-1,天理教 分教会 津東,教会,35.686740,139.720998
新宿区,大久保一丁目,-,東京都新宿区大久保1丁目3-3,宗教法人日本キリスト教バプテスト会東京新宿教会,教会,35.699858,139.707293
新宿区,高田馬場一丁目,-,東京都新宿区高田馬場1丁目28-2,ビサイドチャーチ東京,教会,35.711488,139.704660
江東区,北砂四丁目,-,東京都江東区北砂4丁目24-6,金光教 砂町教会,教会,35.679682,139.832005
江東区,亀戸五丁目,-,東京都江東区亀戸5-32-20,三尊教会,教会,35.698076,139.829336
江東区,潮見二丁目,-,東京都江東区潮見2丁目10-10,宗教法人カトリック中央協議会,教会,35.656681,139.816745
江東区,冬木,-,東京都江東区冬木16-7,日本聖公会東京教区 聖救主教会,教会,35.674941,139.801271
江東区,永代一丁目,-,東京都江東区永代1丁目7-4,カトリック永代教会,教会,35.674430,139.788594
江東区,北砂五丁目,-,東京都江東区北砂5-14-7,砂町教会,教会,35.680760,139.834273
江東区,木場二丁目,-,東京都江東区木場2-17-10,堺福音教会東京チャペル,教会,35.671335,139.805914
江東区,木場六丁目,-,東京都江東区木場6-5-19,日本基督教団 深川教会,教会,35.667071,139.807053
江東区,三好三丁目,-,東京都江東区三好3-6-5,天理教 分教会 常磐,教会,35.680614,139.804935
江東区,潮見二丁目,-,東京都江東区潮見2丁目10-5,カトリック東京大司教区 潮見教会,教会,35.656861,139.816385
江東区,白河二丁目,-,東京都江東区白河2-13-12,日本バプテスト深川教会,教会,35.682438,139.801918
江東区,常盤二丁目,-,東京都江東区常盤2丁目7-5,天理教 分教会 千代田,教会,35.685926,139.796784
江東区,住吉二丁目,-,東京都江東区住吉2丁目27-1,イムマヌエル綜合伝道団深川教会,教会,35.688199,139.816915
江東区,亀戸一丁目,-,東京都江東区亀戸1丁目7-3,東京ゴスペルハウス,教会,35.696016,139.821049
江東区,大島七丁目,-,東京都江東区大島7丁目19-2,日本基督教団大島シオン教会,教会,35.691328,139.839181
江東区,門前仲町一丁目,-,東京都江東区門前仲町1丁目8-4,明光教会,教会,35.673302,139.794577
江東区,木場二丁目,-,東京都江東区木場2-17-9,アルファ・ジャパン,教会,35.671593,139.805989
江東区,大島二丁目,-,東京都江東区大島2丁目10-15,天理教大島町分教会,教会,35.692542,139.822860
江東区,大島四丁目,-,東京都江東区大島4丁目1-4,東京連合長老教会,教会,35.685888,139.829236
品川区,北品川四丁目,-,東京都品川区北品川4-7-40,キリスト品川教会,教会,35.622593,139.737462
品川区,荏原六丁目,-,東京都品川区荏原6丁目9-12,品川ベテル教会,教会,35.613316,139.706953
品川区,旗の台六丁目,-,東京都品川区旗の台6丁目22-24,日本聖公会東京教区 三光教会,教会,35.606494,139.701129
品川区,上大崎二丁目,-,東京都品川区上大崎2丁目18-18,日本基督教団 白金教会,教会,35.635975,139.714694
品川区,東大井三丁目,-,東京都品川区東大井3-10-5,大井町教会,教会,35.603134,139.738199
品川区,北品川二丁目,-,東京都品川区北品川2-9-17,聖書友の会北品川教会,教会,35.618769,139.742909
品川区,北品川六丁目,-,東京都品川区北品川6丁目5-26,ドイツ語福音教会,教会,35.625331,139.731968
品川区,西大井四丁目,-,東京都品川区西大井4-6-18,日本基督教団 西大井教会,教会,35.597010,139.720599
品川区,小山四丁目,-,東京都品川区小山4丁目4-13,日本基督教団 むさし小山教会,教会,35.618332,139.703942
品川区,大井五丁目,-,東京都品川区大井5丁目10-12,大井バプテスト教会,教会,35.598372,139.730037
品川区,上大崎四丁目,-,東京都品川区上大崎4-6-22,カトリック東京大司教区 目黒教会,教会,35.632292,139.715282
品川区,旗の台五丁目,-,東京都品川区旗の台5-27-11,旗の台キリスト教会,教会,35.601690,139.701408
品川区,旗の台二丁目,-,東京都品川区旗の台2-8-3,日本基督教団洗足教会,教会,35.606626,139.702665
品川区,戸越五丁目,-,東京都品川区戸越5-17-10,聖イエス会栄光教会,教会,35.609018,139.716808
品川区,西品川三丁目,-,東京都品川区西品川3丁目12-6,日本聖公会東京教区 東京聖マリア教会,教会,35.615202,139.724350
品川区,小山台一丁目,-,東京都品川区小山台1丁目7-6,正法会,教会,35.624269,139.706355
品川区,西品川三丁目,-,東京都品川区西品川3丁目18-6,天元教,教会,35.615445,139.728762
品川区,荏原四丁目,-,東京都品川区荏原4丁目11-15,天理教 分教会 東瑞,教会,35.616238,139.704400
品川区,東五反田五丁目,-,東京都品川区東五反田5-25-1,天理教 大教会 日本橋,教会,35.628175,139.724310
品川区,旗の台一丁目,-,東京都品川区旗の台1丁目9-19,パーフェクトリバティー教団品川教会,教会,35.608302,139.702685
品川区,旗の台四丁目,-,東京都品川区旗の台4-15-8,天理教 分教会 東平,教会,35.601631,139.705777
品川区,荏原七丁目,-,東京都品川区荏原7丁目17-9,宗教法人天理教平形分教会,教会,35.610662,139.699314
品川区,大崎四丁目,-,東京都品川区大崎4丁目2-47,天理教 分教会 本品川,教会,35.621399,139.722248
品川区,戸越六丁目,-,東京都品川区戸越6丁目16-12,天理教 分教会 南荏原,教会,35.606991,139.715332
品川区,戸越五丁目,-,東京都品川区戸越5丁目13-10,金光教大崎教会,教会,35.609853,139.716070
品川区,大井二丁目,-,東京都品川区大井2-5-17,天理教 大教会 本荏,教会,35.604007,139.727084
品川区,東中延一丁目,-,東京都品川区東中延1丁目4-11,天理教 分教会 城京,教会,35.611228,139.714534
品川区,東大井三丁目,-,東京都品川区東大井3丁目7-10,天理教 分教会 本品,教会,35.601971,139.739237
品川区,荏原一丁目,-,東京都品川区荏原1-6-10,天理教品川分教会,教会,35.620799,139.713975
品川区,戸越二丁目,-,東京都品川区戸越2-1-20,日本キリスト教団五反田教会,教会,35.614577,139.718161
品川区,荏原五丁目,-,東京都品川区荏原5-9-17,天理教 分教会 本荏原,教会,35.614256,139.702904
品川区,東品川一丁目,-,東京都品川区東品川1丁目29-6,天理教 分教会 南泰,教会,35.620356,139.743109
渋谷区,宇田川町,-,東京都渋谷区宇田川町19-5,日本基督教団 東京山手教会,教会,35.661688,139.699517
渋谷区,代官山町,-,東京都渋谷区代官山町14-3,代官山教会,教会,35.650456,139.703682
渋谷区,渋谷一丁目,-,東京都渋谷区渋谷1-17-17,美竹教会,教会,35.661310,139.703126
渋谷区,恵比寿南三丁目,-,東京都渋谷区恵比寿南3-11-16,聖徒教会,教会,35.644379,139.706814
渋谷区,渋谷二丁目,-,東京都渋谷区渋谷2-22-16,高校生聖書伝道協会,教会,35.658580,139.703642
渋谷区,渋谷二丁目,-,東京都渋谷区渋谷2-14-12,渋谷教会,教会,35.659151,139.705464
渋谷区,松涛一丁目,-,東京都渋谷区松濤1-25-6,渋谷日本基督会,教会,35.659465,139.692992
渋谷区,大山町,-,東京都渋谷区大山町1-19,東京ジャーミイ・トルコ文化センター,教会,35.668159,139.676582
渋谷区,神山町,-,東京都渋谷区神山町16-1,パーフェクトリバティー教団 東京中央教会,教会,35.663821,139.692813
渋谷区,広尾五丁目,-,東京都渋谷区広尾5-9-7,21世紀キリスト教会 広尾チャペル,教会,35.649228,139.721324
渋谷区,南平台町,-,東京都渋谷区南平台町9-14,日本キリスト教団 聖ヶ丘教会,教会,35.654362,139.696981
渋谷区,南平台町,-,東京都渋谷区南平台町18-13,カトリック東京大司教区 渋谷教会,教会,35.652913,139.694847
渋谷区,代々木五丁目,-,東京都渋谷区代々木5丁目16-3,カトリック東京大司教区 初台教会,教会,35.674816,139.688146
渋谷区,千駄ケ谷一丁目,-,東京都渋谷区千駄ヶ谷1-3-9,グレース宣教会東京千駄ヶ谷チャペル,教会,35.678105,139.707642
渋谷区,代官山町,-,東京都渋谷区代官山町8-2,日本基督教団 本多記念教会,教会,35.651694,139.705459
渋谷区,恵比寿西一丁目,-,東京都渋谷区恵比寿西1-19-4,東京国際基督教会,教会,35.646737,139.707193
渋谷区,富ケ谷一丁目,-,東京都渋谷区富ヶ谷1-35-9,日本基督教団 ベテル教会,教会,35.667235,139.688999
渋谷区,鉢山町,-,東京都渋谷区鉢山町9-2,東京バプテスト教会,教会,35.650417,139.697559
渋谷区,神宮前三丁目,-,東京都渋谷区神宮前3-42-1,原宿教会,教会,35.670828,139.713926
渋谷区,富ケ谷一丁目,-,東京都渋谷区富ヶ谷1-30-17,東京キリストの教会,教会,35.665135,139.688170
渋谷区,代々木一丁目,-,東京都渋谷区代々木1丁目45-12,東京に在る教会,教会,35.682363,139.698496
渋谷区,恵比寿西一丁目,-,東京都渋谷区恵比寿西1丁目33-9,日本基督改革派東京恩寵教会,教会,35.646693,139.704181
渋谷区,西原一丁目,-,東京都渋谷区西原1丁目19-3,日本基督教団 城西教会,教会,35.675581,139.678236
渋谷区,上原三丁目,-,東京都渋谷区上原3-18-3,日本基督教団代々木上原教会,教会,35.665658,139.677359
渋谷区,広尾二丁目,-,東京都渋谷区広尾2丁目1-7,日本聖公会東京教区 渋谷聖公会聖ミカエル教会,教会,35.652142,139.713776
渋谷区,広尾二丁目,-,東京都渋谷区広尾2-12-12,広尾教会,教会,35.650083,139.716689
渋谷区,元代々木町,-,東京都渋谷区元代々木町26-1,日本基督教団 代々木教会,教会,35.671169,139.686611
渋谷区,松涛一丁目,-,東京都渋谷区松濤1丁目1-2,宗教法人世界平和統一家庭連合,教会,35.662648,139.694667
渋谷区,幡ケ谷一丁目,-,東京都渋谷区幡ヶ谷1丁目29-6,幡ケ谷キリスト教会,教会,35.675165,139.674528
渋谷区,神宮前五丁目,-,東京都渋谷区神宮前5-6-3,東京第一科学者キリスト教教会,教会,35.666179,139.708415
渋谷区,笹塚三丁目,-,東京都渋谷区笹塚3丁目28-2,天理教東右京分教会,教会,35.674790,139.662368
渋谷区,西原一丁目,-,東京都渋谷区西原1丁目3-7,妙道会教団,教会,35.673105,139.683869
渋谷区,初台二丁目,-,東京都渋谷区初台2丁目8-5,天理教本明王分教会,教会,35.675397,139.685534
渋谷区,代々木二丁目,-,東京都渋谷区代々木2丁目26-8,代々木中部教会,教会,35.684956,139.698616
渋谷区,広尾三丁目,-,東京都渋谷区広尾3丁目8-8,日本ユダヤ教団,教会,35.654815,139.716549
渋谷区,恵比寿四丁目,-,東京都渋谷区恵比寿4丁目12-11,金光教麻布教会,教会,35.645046,139.713836
渋谷区,恵比寿二丁目,-,東京都渋谷区恵比寿2丁目21-16,天理教 分教会 本豊,教会,35.647641,139.719362
渋谷区,代々木五丁目,-,東京都渋谷区代々木5丁目16-1,カトリックレデンプトール修道会管区本部,教会,35.675092,139.688469
渋谷区,幡ケ谷二丁目,-,東京都渋谷区幡ヶ谷2-17-12,天理教 分教会 本義,教会,35.677747,139.674887
渋谷区,笹塚一丁目,-,東京都渋谷区笹塚1丁目36-1,天理教 分教会 本冨久,教会,35.671623,139.664561
渋谷区,千駄ケ谷五丁目,-,東京都渋谷区千駄ヶ谷5丁目18-11,天理教鶉山分教会,教会,35.682192,139.703961
渋谷区,代々木五丁目,-,東京都渋谷区代々木5-43-6,栄光キリスト教会,教会,35.674585,139.690559
渋谷区,桜丘町,-,東京都渋谷区桜丘町28-8,末日聖徒イエス・キリスト教会 教会教育システムエリアオフィス,教会,35.655629,139.699094
渋谷区,代々木五丁目,-,東京都渋谷区代々木5丁目16-1,聖母信心会,教会,35.675092,139.688469
渋谷区,笹塚二丁目,-,東京都渋谷区笹塚2丁目22-1,笹塚キリスト教会,教会,35.673788,139.664242
千代田区,外神田二丁目,-,東京都千代田区外神田2-16-2,神田神社(神田明神),寺院,35.702340,139.768282
千代田区,外神田二丁目,-,東京都千代田区外神田2丁目16-2,神田祭,寺院,35.702340,139.768282
千代田区,外神田三丁目,-,東京都千代田区外神田3-4-10,神田寺,寺院,35.701363,139.770363
千代田区,九段北一丁目,-,東京都千代田区九段北1-7-2,察順院,寺院,35.696997,139.751872
千代田区,三番町,-,東京都千代田区三番町2,納涼の夕べ,寺院,35.690642,139.746622
千代田区,九段北三丁目,-,東京都千代田区九段北3丁目2-23,日本山妙法寺 九段道場,寺院,35.693664,139.741552
千代田区,麹町六丁目,-,東京都千代田区麹町6丁目4-2,心法寺,寺院,35.685675,139.733392
千代田区,九段北一丁目,-,東京都千代田区九段北1丁目7-2,大光院,寺院,35.696997,139.751872
千代田区,九段南三丁目,-,東京都千代田区九段南3-3-18,二七山不動院,寺院,35.691941,139.742303
中央区,築地三丁目,-,東京都中央区築地3-15-1,築地 本願寺,寺院,35.666061,139.771957
中央区,日本橋人形町一丁目,-,東京都中央区日本橋人形町1丁目18-9,大観音寺,寺院,35.685607,139.782642
中央区,日本橋茅場町一丁目,-,東京都中央区日本橋茅場町1-5-13,智泉院,寺院,35.680920,139.779322
中央区,築地四丁目,-,東京都中央区築地4丁目12-9,円正寺,寺院,35.665605,139.770999
中央区,日本橋浜町二丁目,-,東京都中央区日本橋浜町2丁目59-2,清正公寺,寺院,35.687283,139.788884
中央区,銀座四丁目,-,東京都中央区銀座4-11-7 第二上原ビル3F,手紙寺・證大寺 銀座道場,寺院,35.669813,139.768742
中央区,八丁堀一丁目,-,東京都中央区八丁堀1-8-3,玉円寺,寺院,35.677542,139.777288
中央区,日本橋小網町,-,東京都中央区日本橋小網町16-23,どぶろく祭,寺院,35.684178,139.780574
中央区,日本橋小網町,-,東京都中央区日本橋小網町16-23,日本橋七福神詣,寺院,35.684178,139.780574
中央区,日本橋小伝馬町,-,東京都中央区日本橋小伝馬町3-2,身延別院,寺院,35.690793,139.777768
中央区,築地四丁目,-,東京都中央区築地4丁目13-14,称揚寺,寺院,35.665139,139.770350
中央区,日本橋本町三丁目,日八京,東京都中央区日本橋本町3丁目10-11,日本橋恵比寿講べったら市,寺院,35.689240,139.776960
中央区,佃一丁目,-,東京都中央区佃1丁目1-14,住吉神社例大祭,寺院,35.668109,139.783271
中央区,東日本橋二丁目,-,東京都中央区東日本橋2丁目6-8,薬研堀不動院,寺院,35.692751,139.785877
中央区,月島三丁目,-,東京都中央区月島3丁目17-3,本芳寺,寺院,35.662462,139.780660
中央区,八重洲一丁目,日八京,東京都中央区八重洲1-2-5,日本橋西河岸地蔵寺,寺院,35.683850,139.772002
中央区,日本橋人形町二丁目,-,東京都中央区日本橋人形町2丁目19-1,法華宗本門流宗務院,寺院,35.685427,139.784879
中央区,新川二丁目,-,東京都中央区新川2-11-1,蓬莱山福聚堂,寺院,35.675063,139.781123
中央区,築地三丁目,-,東京都中央区築地3-17-8,善林寺,寺院,35.665716,139.771857
中央区,日本橋小伝馬町,-,東京都中央区日本橋小伝馬町3-5,大安楽寺,寺院,35.690869,139.778048
港区,芝公園四丁目,-,東京都港区芝公園4-7-35,増上寺,寺院,35.657300,139.747819
港区,高輪二丁目,-,東京都港区高輪2-11-1,泉岳寺,寺院,35.637504,139.736122
港区,高輪三丁目,-,東京都港区高輪3-15-18,高野山東京別院,寺院,35.634809,139.733828
港区,六本木七丁目,六本木,東京都港区六本木7-18-5,出雲大社東京分祠,寺院,35.662103,139.728738
港区,西麻布二丁目,-,東京都港区西麻布2丁目21-34,大本山永平寺別院長谷寺,寺院,35.660754,139.719462
港区,元赤坂一丁目,赤坂,東京都港区元赤坂1-4-7,豊川稲荷別院,寺院,35.676731,139.732911
港区,南麻布四丁目,-,東京都港区南麻布4-2-35,天現寺,寺院,35.648093,139.723572
港区,南麻布四丁目,-,東京都港区南麻布4丁目11-25,光林寺,寺院,35.647435,139.727647
港区,白金台三丁目,-,東京都港区白金台3丁目2-19,瑞聖寺,寺院,35.637274,139.727004
港区,虎ノ門三丁目,虎ノ門,東京都港区虎ノ門3丁目10-10,栄閑院猿寺,寺院,35.665138,139.747999
港区,南青山二丁目,-,東京都港区南青山2-26-38,浄土宗 梅窓院,寺院,35.669434,139.717315
港区,白金台一丁目,-,東京都港区白金台1丁目1-47,清正公大祭,寺院,35.639665,139.731713
港区,元赤坂一丁目,赤坂,東京都港区元赤坂1-4-7,豊川稲荷 東京別院,寺院,35.676731,139.732911
港区,元麻布一丁目,-,東京都港区元麻布1-6-21,麻布山 善福寺,寺院,35.654104,139.732831
港区,芝公園四丁目,-,東京都港区芝公園4-8-55,宝珠院,寺院,35.656518,139.746652
港区,高輪三丁目,-,東京都港区高輪3丁目16-16,東禅寺,寺院,35.634053,139.735565
港区,芝公園四丁目,-,東京都港区芝公園4丁目7-35,芝増上寺,寺院,35.657300,139.747819
港区,赤坂七丁目,赤坂,東京都港区赤坂7丁目6-20,報土寺,寺院,35.671118,139.732731
港区,赤坂四丁目,赤坂,東京都港区赤坂4丁目3-5,浄土寺,寺院,35.674471,139.735724
港区,芝公園一丁目,-,東京都港区芝公園1-3-16,天光院,寺院,35.659484,139.751432
港区,芝大門一丁目,-,東京都港区芝大門1-14-3,東京 佛願寺,寺院,35.657445,139.753730
港区,芝公園一丁目,-,東京都港区芝公園1丁目8-9,常照院,寺院,35.657573,139.751812
港区,赤坂一丁目,虎ノ門,東京都港区赤坂1-11-3,澄泉寺,寺院,35.667773,139.742270
港区,芝公園一丁目,-,東京都港区芝公園1-7-15,花岳院,寺院,35.657175,139.752126
港区,虎ノ門三丁目,虎ノ門,東京都港区虎ノ門3丁目13-6,天徳寺,寺院,35.664370,139.747294
港区,白金台三丁目,-,東京都港区白金台3丁目17-5,妙圓寺,寺院,35.635505,139.721836
港区,芝公園二丁目,-,東京都港区芝公園2丁目3-2,安養院,寺院,35.656691,139.751933
港区,芝大門一丁目,-,東京都港区芝大門1-10-16,源宝院,寺院,35.658583,139.752810
港区,三田四丁目,-,東京都港区三田4-11-19,玉鳳寺,寺院,35.643962,139.738613
港区,元麻布一丁目,-,東京都港区元麻布1-1-10,大法寺,寺院,35.655473,139.733080
港区,高輪一丁目,-,東京都港区高輪1丁目23-28,源昌寺,寺院,35.638809,139.732305
港区,高輪二丁目,-,東京都港区高輪2-2-26,保安寺,寺院,35.639174,139.736421
港区,白金四丁目,-,東京都港区白金4丁目3-9,西光寺,寺院,35.643706,139.729937
港区,三田四丁目,-,東京都港区三田4丁目16-23,済海寺,寺院,35.643655,139.741456
港区,愛宕二丁目,虎ノ門,東京都港区愛宕2丁目4-7,青松寺,寺院,35.663063,139.748723
港区,三田四丁目,-,東京都港区三田4-1-38,大松寺,寺院,35.647533,139.741133
港区,芝公園三丁目,虎ノ門,東京都港区芝公園3-1-8,雲晴院,寺院,35.661164,139.748778
港区,虎ノ門三丁目,虎ノ門,東京都港区虎ノ門3丁目11-7,栄立院,寺院,35.665000,139.747342
港区,虎ノ門三丁目,虎ノ門,東京都港区虎ノ門3丁目10-8,興昭院,寺院,35.665048,139.747819
港区,芝公園三丁目,虎ノ門,東京都港区芝公園3丁目5-4,金地院,寺院,35.659547,139.746022
港区,虎ノ門三丁目,虎ノ門,東京都港区虎ノ門3丁目11-5,光岳院,寺院,35.665196,139.747381
港区,赤坂一丁目,虎ノ門,東京都港区赤坂1-11-3,正福寺,寺院,35.667773,139.742270
港区,赤坂四丁目,赤坂,東京都港区赤坂4-1-10,赤坂不動尊 威徳寺,寺院,35.676311,139.735126
港区,三田四丁目,-,東京都港区三田4丁目3-24,慈眼寺・曹洞宗,寺院,35.645380,139.739476
港区,東麻布一丁目,-,東京都港区東麻布1-1-5,心光院,寺院,35.658193,139.744599
港区,高輪二丁目,-,東京都港区高輪2-8-2,承教寺,寺院,35.636519,139.734351
港区,芝公園三丁目,虎ノ門,東京都港区芝公園3丁目1-13,安蓮社 総務,寺院,35.660412,139.748669
港区,三田四丁目,-,東京都港区三田4-11-31,荘厳寺,寺院,35.642668,139.739087
港区,三田四丁目,-,東京都港区三田4-7-29,長松寺,寺院,35.644012,139.737540
港区,芝公園二丁目,-,東京都港区芝公園2丁目3-5,浄運院,寺院,35.656576,139.752231
港区,三田四丁目,-,東京都港区三田4丁目12-15,実相寺,寺院,35.643760,139.739648
港区,芝公園四丁目,-,東京都港区芝公園4丁目9-8,妙定院,寺院,35.654199,139.746482
港区,三田四丁目,-,東京都港区三田4-12-6,大増寺,寺院,35.644486,139.740323
港区,三田四丁目,-,東京都港区三田4丁目8-23,薬王寺,寺院,35.642419,139.738203
港区,三田四丁目,-,東京都港区三田4丁目11-30,常教寺,寺院,35.642976,139.739117
港区,元麻布一丁目,-,東京都港区元麻布1丁目7-2,善通寺,寺院,35.653172,139.733549
港区,三田四丁目,-,東京都港区三田4丁目7-30,忍願寺,寺院,35.644211,139.737860
港区,赤坂七丁目,赤坂,東京都港区赤坂7丁目6-10,専福寺,寺院,35.671672,139.732412
港区,高輪二丁目,-,東京都港区高輪2-14-25,正覚寺,寺院,35.635459,139.737640
港区,虎ノ門三丁目,虎ノ門,東京都港区虎ノ門3丁目25-17,専光寺,寺院,35.662277,139.745283
港区,高輪一丁目,-,東京都港区高輪1-27-21,黄梅院,寺院,35.636646,139.733057
港区,六本木四丁目,六本木,東京都港区六本木4-2-10,妙像寺,寺院,35.665768,139.735485
港区,南麻布三丁目,-,東京都港区南麻布3丁目10-15,延命院,寺院,35.648196,139.733060
港区,三田四丁目,-,東京都港区三田4丁目8-38,宝徳寺,寺院,35.642983,139.737301
港区,三田四丁目,-,東京都港区三田4丁目5-12,仙翁寺,寺院,35.643916,139.738957
港区,六本木二丁目,六本木,東京都港区六本木2丁目1-20,永昌寺,寺院,35.666858,139.737620
港区,三田四丁目,-,東京都港区三田4丁目3-20,宗教法人林泉寺,寺院,35.645194,139.739057
港区,高輪一丁目,-,東京都港区高輪1丁目27-22,圓眞寺,寺院,35.636362,139.732837
港区,南青山一丁目,-,東京都港区南青山1-26-1,教運寺,寺院,35.666933,139.727084
港区,三田四丁目,-,東京都港区三田4丁目4-14,明福寺,寺院,35.644960,139.739581
港区,虎ノ門三丁目,虎ノ門,東京都港区虎ノ門3-23-10,光円寺,寺院,35.661724,139.746642
港区,芝二丁目,-,東京都港区芝2丁目30-8,法泉寺,寺院,35.649964,139.751892
港区,六本木七丁目,六本木,東京都港区六本木7丁目6-13,法庵寺,寺院,35.664089,139.728261
港区,三田四丁目,-,東京都港区三田4丁目8-36,徳玄寺,寺院,35.642713,139.737121
港区,三田四丁目,-,東京都港区三田4丁目3-9,明王院,寺院,35.644957,139.739223
港区,六本木六丁目,六本木,東京都港区六本木6丁目15-16,妙経寺,寺院,35.658697,139.728141
港区,西麻布二丁目,-,東京都港区西麻布2-24-22,慈眼院,寺院,35.660452,139.721656
港区,西麻布二丁目,-,東京都港区西麻布2-24-23,大安寺,寺院,35.660846,139.721220
港区,芝公園三丁目,虎ノ門,東京都港区芝公園3丁目5-24,光宝寺,寺院,35.660184,139.745710
港区,南青山二丁目,-,東京都港区南青山2-8-25,龍泉寺,寺院,35.669422,139.722382
港区,三田三丁目,-,東京都港区三田3丁目4-7,蓮乗寺,寺院,35.646456,139.743746
港区,南麻布三丁目,-,東京都港区南麻布3丁目10-7,若松寺,寺院,35.648922,139.732431
港区,三田四丁目,-,東京都港区三田4丁目11-8,清久寺,寺院,35.643311,139.737803
港区,麻布台二丁目,-,東京都港区麻布台2-3-22,一乗寺,寺院,35.659055,139.742050
港区,六本木一丁目,虎ノ門,東京都港区六本木1-3-45,道源寺,寺院,35.665781,139.740083
港区,三田四丁目,-,東京都港区三田4-11-14,南台寺,寺院,35.643758,139.738339
港区,赤坂七丁目,赤坂,東京都港区赤坂7丁目6-29,種徳寺,寺院,35.671336,139.731933
港区,三田四丁目,-,東京都港区三田4丁目1-27,大聖院,寺院,35.646488,139.740430
港区,芝公園二丁目,-,東京都港区芝公園2丁目2-3,天陽院,寺院,35.656819,139.751093
港区,元麻布三丁目,-,東京都港区元麻布3丁目1-37,専称寺,寺院,35.658170,139.727902
港区,高輪三丁目,-,東京都港区高輪3丁目14-22,円福寺,寺院,35.633137,139.733411
港区,三田一丁目,-,東京都港区三田1丁目11-48,円徳寺,寺院,35.652921,139.737446
港区,白金二丁目,-,東京都港区白金2-1-16,臨済宗妙心寺派 重秀寺,寺院,35.642463,139.731713
港区,元麻布一丁目,-,東京都港区元麻布1-6-19,金蔵寺,寺院,35.653372,139.733868
港区,南麻布三丁目,-,東京都港区南麻布3丁目18-8,春桃院,寺院,35.647774,139.729259
港区,南麻布二丁目,-,東京都港区南麻布2丁目9-42,浄専寺,寺院,35.648830,139.733409
港区,赤坂二丁目,赤坂,東京都港区赤坂2-18,霊山観音赤坂別院,寺院,35.669049,139.739417
港区,南麻布三丁目,-,東京都港区南麻布3-4-6,遍照寺,寺院,35.650483,139.730376
港区,芝浦一丁目,-,東京都港区芝浦1-11-17,清法山 徳純院,寺院,35.647690,139.754015
港区,三田四丁目,-,東京都港区三田4丁目1-9,長運寺,寺院,35.647740,139.741871
港区,元麻布一丁目,-,東京都港区元麻布1-2-10,徳正寺,寺院,35.655174,139.733709
港区,三田三丁目,-,東京都港区三田3丁目9-9,成覚寺,寺院,35.641354,139.740435
港区,三田五丁目,-,東京都港区三田5丁目9-23,龍源寺,寺院,35.646474,139.737061
港区,北青山三丁目,-,東京都港区北青山3丁目5-17,善光寺,寺院,35.666504,139.712323
港区,三田二丁目,-,東京都港区三田2-12-5,龍生院,寺院,35.649947,139.744071
港区,高輪二丁目,-,東京都港区高輪2丁目16-22,願生寺,寺院,35.638754,139.739526
港区,芝大門一丁目,-,東京都港区芝大門1丁目12-7,め組半鐘祭,寺院,35.657509,139.753239
港区,南青山二丁目,-,東京都港区南青山2丁目7-8,玉窓寺,寺院,35.670313,139.723063
港区,三田四丁目,-,東京都港区三田4-14-15,阿含宗関東別院,寺院,35.646383,139.742290
港区,芝一丁目,-,東京都港区芝1-12-18,安楽寺,寺院,35.650562,139.754726
港区,芝一丁目,-,東京都港区芝1丁目9-11,勧勝寺,寺院,35.651194,139.754614
港区,南青山二丁目,-,東京都港区南青山2丁目26-38,青山梅窓院墓苑,寺院,35.669434,139.717315
港区,六本木三丁目,六本木,東京都港区六本木3丁目4-9,圓林寺,寺院,35.664163,139.736982
港区,元麻布三丁目,-,東京都港区元麻布3丁目10-12,安全寺,寺院,35.656748,139.731553
港区,西新橋三丁目,虎ノ門,東京都港区西新橋3-14-3,鏡照院,寺院,35.664777,139.750744
港区,高輪一丁目,-,東京都港区高輪1-27-18,浄土宗 清凉山 松光寺,寺院,35.636988,139.732963
港区,芝一丁目,-,東京都港区芝1-13-6,圓珠寺,寺院,35.650073,139.754473
港区,三田四丁目,-,東京都港区三田4-8-34,魚籃寺,寺院,35.642439,139.737241
港区,元麻布三丁目,-,東京都港区元麻布3-2-20,麻布高野山正光院,寺院,35.657409,139.727702
港区,元麻布一丁目,-,東京都港区元麻布1丁目2-12,賢崇寺,寺院,35.654551,139.733230
港区,高輪二丁目,-,東京都港区高輪2-1-45,正源寺,寺院,35.638927,139.736550
港区,六本木七丁目,六本木,東京都港区六本木7-14-12,光専寺,寺院,35.663453,139.731414
港区,芝四丁目,-,東京都港区芝4-5-4,正念寺,寺院,35.648990,139.750987
港区,南青山五丁目,-,東京都港区南青山5-12-24,正法仏教会,寺院,35.661234,139.712439
港区,白金六丁目,-,東京都港区白金6丁目14-6,興禪寺,寺院,35.642212,139.724290
港区,愛宕二丁目,虎ノ門,東京都港区愛宕2丁目8-7,考寿院,寺院,35.662402,139.747658
港区,六本木一丁目,虎ノ門,東京都港区六本木1-3-49,西光寺,寺院,35.666298,139.739756
港区,北青山二丁目,-,東京都港区北青山2丁目10-26,高徳寺,寺院,35.672304,139.715272
港区,南麻布二丁目,-,東京都港区南麻布2-14-17,西福寺,寺院,35.647616,139.733469
港区,芝公園二丁目,-,東京都港区芝公園2-11-25,最勝院,寺院,35.654262,139.751113
港区,元麻布三丁目,-,東京都港区元麻布3丁目9-4,広称寺,寺院,35.656500,139.731478
港区,芝公園一丁目,-,東京都港区芝公園1丁目8-16,廣度院,寺院,35.657401,139.750933
港区,虎ノ門三丁目,虎ノ門,東京都港区虎ノ門3丁目25-1,光明寺,寺院,35.662469,139.745446
港区,北青山三丁目,-,東京都港区北青山3-1-2,修験四恩寺,寺院,35.669288,139.714993
港区,六本木六丁目,六本木,東京都港区六本木6-7-18,法典寺・日蓮宗,寺院,35.661771,139.732278
港区,元麻布一丁目,-,東京都港区元麻布1丁目6-20,真福寺,寺院,35.653452,139.733709
港区,高輪一丁目,-,東京都港区高輪1丁目27-44,正満寺,寺院,35.636903,139.732541
港区,北青山二丁目,-,東京都港区北青山2丁目12-8,持法寺,寺院,35.670986,139.716409
港区,芝四丁目,-,東京都港区芝4-6-21,宗光寺,寺院,35.649236,139.751151
港区,愛宕一丁目,虎ノ門,東京都港区愛宕1-3-8,真福寺,寺院,35.665652,139.749575
港区,三田四丁目,-,東京都港区三田4丁目5-14,常林寺,寺院,35.644321,139.739378
港区,虎ノ門三丁目,虎ノ門,東京都港区虎ノ門3丁目22-7,青竜寺,寺院,35.661529,139.747540
港区,赤坂一丁目,虎ノ門,東京都港区赤坂1-11-4,常國寺,寺院,35.667693,139.742430
港区,六本木三丁目,六本木,東京都港区六本木3-4-11,善学寺,寺院,35.663917,139.736906
港区,元麻布一丁目,-,東京都港区元麻布1丁目7-3,善光寺,寺院,35.653061,139.733629
港区,南麻布二丁目,-,東京都港区南麻布2丁目9-22,曹渓寺,寺院,35.648078,139.733771
港区,南麻布一丁目,-,東京都港区南麻布1丁目6-33,浄広寺,寺院,35.652244,139.735566
港区,元麻布一丁目,-,東京都港区元麻布1丁目6-21,善正寺,寺院,35.654104,139.732831
港区,北青山二丁目,-,東京都港区北青山2丁目12-9,実相寺,寺院,35.670902,139.716289
港区,南麻布一丁目,-,東京都港区南麻布1-6-31,称名寺,寺院,35.651975,139.735884
港区,高輪一丁目,-,東京都港区高輪1丁目5-24,等覚寺,寺院,35.641003,139.737365
港区,芝二丁目,-,東京都港区芝2丁目5-2,曹洞宗宗務庁,寺院,35.652730,139.751095
港区,南麻布三丁目,-,東京都港区南麻布3丁目1-15,天真寺,寺院,35.651698,139.729159
港区,西麻布三丁目,-,東京都港区西麻布3-2-11,長幸寺,寺院,35.660022,139.727423
港区,芝二丁目,-,東京都港区芝2-8-6,曹洞宗宗務庁 出版部 出版課,寺院,35.652305,139.751017
港区,六本木三丁目,六本木,東京都港区六本木3丁目15-4,不動院・高野山真言宗,寺院,35.662973,139.735625
港区,三田四丁目,-,東京都港区三田4丁目7-20,大信寺,寺院,35.643765,139.736882
港区,元麻布二丁目,-,東京都港区元麻布2-5-8,伝燈院,寺院,35.655479,139.729418
港区,三田一丁目,-,東京都港区三田1丁目12-11,当光寺,寺院,35.652584,139.739057
港区,芝公園二丁目,-,東京都港区芝公園2丁目9-15,多聞院,寺院,35.654507,139.751412
港区,虎ノ門五丁目,虎ノ門,東京都港区虎ノ門5丁目9-3,大養寺,寺院,35.662669,139.742869
港区,元麻布一丁目,-,東京都港区元麻布1丁目2-2,長伝寺,寺院,35.654918,139.732491
港区,六本木六丁目,六本木,東京都港区六本木6-7-20,長耀寺,寺院,35.661693,139.731940
港区,三田一丁目,-,東京都港区三田1-11-31,長久寺,寺院,35.653183,139.739192
港区,虎ノ門三丁目,虎ノ門,東京都港区虎ノ門3-20-1,仏子泰夫,寺院,35.662417,139.747180
港区,南青山二丁目,-,東京都港区南青山2丁目18-2,青山典範合資会社,寺院,35.669436,139.720227
港区,芝四丁目,-,東京都港区芝4-6-17,法音寺,寺院,35.649153,139.751575
港区,南青山二丁目,-,東京都港区南青山2-8-27,竜谷寺,寺院,35.669629,139.722541
港区,芝一丁目,-,東京都港区芝1丁目13-22,了善寺,寺院,35.649993,139.754212
港区,南麻布四丁目,-,東京都港区南麻布4-2-38,佑浩寺,寺院,35.647627,139.723590
港区,三田一丁目,-,東京都港区三田1丁目12-11,教誓寺,寺院,35.652584,139.739057
港区,麻布台二丁目,-,東京都港区麻布台2丁目3-18,真浄寺,寺院,35.658800,139.741919
港区,三田四丁目,-,東京都港区三田4-13-17,明円寺,寺院,35.644782,139.741079
港区,西麻布三丁目,-,東京都港区西麻布3丁目2-13,妙善寺,寺院,35.659602,139.727570
港区,元麻布二丁目,-,東京都港区元麻布2丁目5-9,本光寺,寺院,35.655050,139.729645
港区,東麻布一丁目,-,東京都港区東麻布1丁目1-6,瑠璃光寺,寺院,35.658404,139.744087
港区,芝大門一丁目,-,東京都港区芝大門1-3-6,本尊阿弥陀如来奉讃会事務局,寺院,35.659606,139.754729
港区,元麻布三丁目,-,東京都港区元麻布3-10-5,龍澤寺,寺院,35.656851,139.732215
港区,元麻布三丁目,-,東京都港区元麻布3丁目9-8,光隆寺,寺院,35.656380,139.730995
港区,芝公園一丁目,-,東京都港区芝公園1-8-13,源流院,寺院,35.657370,139.751572
港区,高輪二丁目,-,東京都港区高輪2丁目,泉岳寺,寺院,35.637311,139.737740
港区,西麻布二丁目,-,東京都港区西麻布2丁目,長谷寺,寺院,35.661130,139.719861
港区,芝二丁目,-,東京都港区芝2丁目,西應寺,寺院,35.650982,139.751792
新宿区,神楽坂五丁目,-,東京都新宿区神楽坂5-36,毘沙門天 善国寺,寺院,35.702253,139.738698
新宿区,神楽坂六丁目,-,東京都新宿区神楽坂6丁目2,安養寺,寺院,35.702596,139.738079
新宿区,西新宿七丁目,-,東京都新宿区西新宿7-12-5,常圓寺,寺院,35.694057,139.696602
新宿区,左門町,-,東京都新宿区左門町18,陽運寺,寺院,35.684472,139.721299
新宿区,原町一丁目,-,東京都新宿区原町1丁目14,経王寺,寺院,35.699318,139.725268
新宿区,四谷四丁目,-,東京都新宿区四谷4-34,東長寺,寺院,35.689424,139.716030
新宿区,高田馬場一丁目,-,東京都新宿区高田馬場1丁目12-10,宗教法人玄國寺,寺院,35.708970,139.707133
新宿区,若葉二丁目,-,東京都新宿区若葉2-9,西念寺,寺院,35.685458,139.724011
新宿区,西早稲田二丁目,-,東京都新宿区西早稲田2丁目1-14,放生寺,寺院,35.706731,139.717487
新宿区,百人町一丁目,-,東京都新宿区百人町1-5-2,長光寺,寺院,35.698433,139.701069
新宿区,喜久井町,-,東京都新宿区喜久井町39,感通寺,寺院,35.703843,139.721166
新宿区,新宿二丁目,-,東京都新宿区新宿2-9-2,太宗寺,寺院,35.689857,139.709356
新宿区,原町二丁目,-,東京都新宿区原町2-34,蓮紹山 瑞光寺,寺院,35.698824,139.724529
新宿区,早稲田町,-,東京都新宿区早稲田町77,龍善寺・真宗大谷派,寺院,35.705600,139.724420
新宿区,大久保一丁目,-,東京都新宿区大久保1-16-15,全龍寺,寺院,35.701023,139.702898
新宿区,須賀町,-,東京都新宿区須賀町10-2,宗福寺,寺院,35.683591,139.723871
新宿区,西早稲田一丁目,-,東京都新宿区西早稲田1丁目1-2,寶泉寺,寺院,35.707983,139.719442
新宿区,若葉二丁目,-,東京都新宿区若葉2-8-3,愛染院,寺院,35.685670,139.724453
新宿区,新宿七丁目,-,東京都新宿区新宿7-11-2,永福寺,寺院,35.698140,139.712562
新宿区,須賀町,-,東京都新宿区須賀町11-4,西応寺,寺院,35.684057,139.722939
新宿区,若松町,-,東京都新宿区若松町38-1,宝祥寺,寺院,35.703081,139.720857
新宿区,喜久井町,-,東京都新宿区喜久井町46,来迎寺,寺院,35.704747,139.720227
新宿区,市谷薬王寺町,-,東京都新宿区市谷薬王寺町27,浄栄寺,寺院,35.697194,139.724599
新宿区,上落合三丁目,-,東京都新宿区上落合3丁目4-12,最勝寺,寺院,35.712789,139.685434
新宿区,新宿六丁目,-,東京都新宿区新宿6-20-16,法善寺,寺院,35.696773,139.712639
新宿区,原町三丁目,-,東京都新宿区原町3-27,積徳寺,寺院,35.700451,139.721976
新宿区,舟町,-,東京都新宿区舟町13,西迎寺,寺院,35.689913,139.720818
新宿区,榎町,-,東京都新宿区榎町77,済松寺,寺院,35.706333,139.727273
新宿区,戸山一丁目,-,東京都新宿区戸山1丁目15-2,清源寺,寺院,35.703856,139.719977
新宿区,弁天町,-,東京都新宿区弁天町1,宗参寺,寺院,35.705161,139.725268
新宿区,原町三丁目,-,東京都新宿区原町3-26,専行寺・浄土真宗・大谷派,寺院,35.700294,139.722365
新宿区,原町二丁目,-,東京都新宿区原町2丁目62,宗教法人大龍寺,寺院,35.702282,139.721678
新宿区,若葉一丁目,-,東京都新宿区若葉1-1-6,法蔵寺,寺院,35.686828,139.722913
新宿区,原町二丁目,-,東京都新宿区原町2丁目57,常立寺,寺院,35.701296,139.723351
新宿区,若葉二丁目,-,東京都新宿区若葉2-7-8,真成院,寺院,35.684910,139.724687
新宿区,富久町,-,東京都新宿区富久町4-5,自證院,寺院,35.692583,139.716888
新宿区,原町三丁目,-,東京都新宿区原町3-82,法身寺,寺院,35.700494,139.723332
新宿区,原町二丁目,-,東京都新宿区原町2丁目59,専念寺,寺院,35.701971,139.722235
新宿区,原町二丁目,-,東京都新宿区原町2丁目30,常楽寺,寺院,35.699128,139.724929
新宿区,原町一丁目,-,東京都新宿区原町1-30,緑雲寺,寺院,35.701119,139.725827
新宿区,河田町,-,東京都新宿区河田町2-5,月桂寺,寺院,35.696900,139.722774
新宿区,新宿六丁目,-,東京都新宿区新宿6-20-9,専福寺,寺院,35.697114,139.712818
新宿区,原町二丁目,-,東京都新宿区原町2丁目63,常泉寺,寺院,35.702508,139.721876
新宿区,原町二丁目,-,東京都新宿区原町2-20,幸国寺,寺院,35.700737,139.724071
新宿区,新宿五丁目,-,東京都新宿区新宿5丁目17-3,大酉祭,寺院,35.693565,139.705098
新宿区,西新宿五丁目,-,東京都新宿区西新宿5丁目12-5,久遠寺,寺院,35.692071,139.686340
新宿区,喜久井町,-,東京都新宿区喜久井町61,誓閑寺,寺院,35.704880,139.720339
新宿区,四谷四丁目,-,東京都新宿区四谷4-33-2,長善寺,寺院,35.689759,139.714743
新宿区,北新宿三丁目,-,東京都新宿区北新宿3-23-2,円照寺,寺院,35.703789,139.690210
新宿区,改代町,-,東京都新宿区改代町11,田中寺,寺院,35.707172,139.733379
新宿区,愛住町,-,東京都新宿区愛住町10,正応寺,寺院,35.689974,139.719541
新宿区,愛住町,-,東京都新宿区愛住町21,曹洞宗 養国寺,寺院,35.691057,139.720320
新宿区,須賀町,-,東京都新宿区須賀町12-6,松巌寺,寺院,35.683999,139.721901
新宿区,富久町,-,東京都新宿区富久町9-23,源慶寺,寺院,35.691040,139.715974
新宿区,南元町,-,東京都新宿区南元町19-2,一行院,寺院,35.679710,139.720142
新宿区,四谷四丁目,-,東京都新宿区四谷4丁目4,笹寺,寺院,35.686711,139.717873
新宿区,高田馬場三丁目,-,東京都新宿区高田馬場3-37-26,小滝橋観音寺,寺院,35.711086,139.694867
新宿区,上落合一丁目,-,東京都新宿区上落合1-23-4,光徳寺,寺院,35.714399,139.690998
新宿区,西早稲田一丁目,-,東京都新宿区西早稲田1-1-15,法輪寺,寺院,35.707302,139.718863
新宿区,弁天町,-,東京都新宿区弁天町95,浄輪寺,寺院,35.702748,139.727094
新宿区,神楽坂六丁目,-,東京都新宿区神楽坂6丁目54,正藏院,寺院,35.703126,139.736004
新宿区,西早稲田二丁目,-,東京都新宿区西早稲田2丁目18-3,教龍寺,寺院,35.710127,139.710973
新宿区,高田馬場三丁目,-,東京都新宿区高田馬場3-37-26,宗教法人観音寺,寺院,35.711086,139.694867
新宿区,須賀町,-,東京都新宿区須賀町13-5,顕性寺,寺院,35.684218,139.720878
新宿区,西新宿二丁目,-,東京都新宿区西新宿,常泉院,寺院,35.691346,139.693690
新宿区,舟町,-,東京都新宿区舟町11,全勝寺,寺院,35.690416,139.721597
新宿区,愛住町,-,東京都新宿区愛住町9-3,安禅寺,寺院,35.689090,139.719083
新宿区,西早稲田二丁目,-,東京都新宿区西早稲田2丁目1-11,高田馬場流鏑馬,寺院,35.707326,139.717227
新宿区,新宿七丁目,-,東京都新宿区新宿7丁目3-13,観音庵,寺院,35.699790,139.713199
新宿区,新宿六丁目,-,東京都新宿区新宿6丁目15-2,西光庵,寺院,35.695318,139.711382
新宿区,西五軒町,-,東京都新宿区西五軒町1-12,宗教法人真清浄寺,寺院,35.705308,139.737635
新宿区,西新宿五丁目,-,東京都新宿区西新宿5-7-6,久遠寺門信徒会館光明閣,寺院,35.692070,139.686531
新宿区,市谷山伏町,-,東京都新宿区市谷山伏町1-7,常敬寺,寺院,35.699758,139.728530
新宿区,赤城元町,-,東京都新宿区赤城元町1-27,清隆寺,寺院,35.704610,139.737010
新宿区,新宿四丁目,-,東京都新宿区新宿4-3-19,天龍寺,寺院,35.688851,139.704340
新宿区,須賀町,-,東京都新宿区須賀町13-3,本性寺,寺院,35.684266,139.721108
新宿区,西早稲田一丁目,-,東京都新宿区西早稲田1-7-1,宗教法人観音寺,寺院,35.709817,139.720289
新宿区,早稲田町,-,東京都新宿区早稲田町75,宗清寺,寺院,35.706309,139.722188
新宿区,須賀町,-,東京都新宿区須賀町13-1,法恩寺,寺院,35.684155,139.721442
新宿区,改代町,-,東京都新宿区改代町9,伝久寺,寺院,35.706834,139.733230
新宿区,西早稲田一丁目,-,東京都新宿区西早稲田1-1-12,龍泉院,寺院,35.706977,139.718724
新宿区,富久町,-,東京都新宿区富久町2-12,善慶寺,寺院,35.691721,139.718045
新宿区,大久保二丁目,-,東京都新宿区大久保2丁目31-8,天地院,寺院,35.702013,139.703134
新宿区,若葉二丁目,-,東京都新宿区若葉2-2-6,東福院,寺院,35.685993,139.723616
新宿区,歌舞伎町二丁目,-,東京都新宿区歌舞伎町2-41-12,観音寺,寺院,35.697909,139.702485
新宿区,箪笥町,-,東京都新宿区箪笥町42,南蔵院,寺院,35.700516,139.735844
新宿区,榎町,-,東京都新宿区榎町57,宗柏寺,寺院,35.704761,139.728496
新宿区,弁天町,-,東京都新宿区弁天町103,南春寺,寺院,35.703257,139.727223
新宿区,早稲田町,-,東京都新宿区早稲田町82,宗源寺,寺院,35.705978,139.725427
新宿区,横寺町,-,東京都新宿区横寺町20,長源寺,寺院,35.701876,139.734766
新宿区,西新宿六丁目,-,東京都新宿区西新宿6-12-14,浄風寺,寺院,35.692824,139.689588
新宿区,若葉二丁目,-,東京都新宿区若葉2丁目1,真英寺,寺院,35.685458,139.724011
新宿区,榎町,-,東京都新宿区榎町53,大願寺,寺院,35.704761,139.728496
新宿区,信濃町,-,東京都新宿区信濃町2,長安寺,寺院,35.684310,139.718963
新宿区,岩戸町,-,東京都新宿区岩戸町8,法正寺,寺院,35.702024,139.736453
新宿区,若葉二丁目,-,東京都新宿区若葉2丁目4,妙行寺,寺院,35.685458,139.724011
新宿区,新宿二丁目,-,東京都新宿区新宿2丁目,成覚寺,寺院,35.689789,139.708370
新宿区,須賀町,-,東京都新宿区須賀町8,勝興寺,寺院,35.684689,139.722095
新宿区,弁天町,-,東京都新宿区弁天町100,多聞院牛込不動,寺院,35.703059,139.727183
新宿区,南元町,-,東京都新宿区南元町15,林光寺,寺院,35.679880,139.723692
新宿区,西新宿八丁目,-,東京都新宿区西新宿8-16-2,浄音寺,寺院,35.696855,139.692194
新宿区,南元町,-,東京都新宿区南元町10,本迹寺,寺院,35.679880,139.723692
新宿区,若葉二丁目,-,東京都新宿区若葉2丁目8-6,蓮乗院,寺院,35.685084,139.724909
新宿区,横寺町,-,東京都新宿区横寺町33,宗教法人龍門寺,寺院,35.702445,139.736363
江東区,富岡一丁目,-,東京都江東区富岡1-17-13,成田山 深川不動堂,寺院,35.672655,139.798072
江東区,亀戸三丁目,-,東京都江東区亀戸3-43-3,普門院,寺院,35.703512,139.822520
江東区,東砂一丁目,-,東京都江東区東砂1-4-6,上妙寺,寺院,35.683300,139.840850
江東区,亀戸四丁目,-,東京都江東区亀戸4丁目48-3,常光寺,寺院,35.702463,139.830615
江東区,平野一丁目,-,東京都江東区平野1-13-6,円珠院,寺院,35.678608,139.800909
江東区,東砂一丁目,-,東京都江東区東砂1丁目4-10,因速寺,寺院,35.682662,139.840690
江東区,白河一丁目,-,東京都江東区白河1-1-8,雄松院,寺院,35.681017,139.799151
江東区,亀戸四丁目,-,東京都江東区亀戸4丁目24-1,東覚寺,寺院,35.703195,139.826356
江東区,清澄三丁目,-,東京都江東区清澄3丁目4-23,本誓寺,寺院,35.681356,139.797603
江東区,清澄三丁目,-,東京都江東区清澄3丁目4-22,常照院,寺院,35.681437,139.798162
江東区,猿江一丁目,-,東京都江東区猿江1丁目11-15,重願寺,寺院,35.686414,139.813687
江東区,深川二丁目,-,東京都江東区深川2-16-3,賢臺山 法乗院 深川 ゑんま堂,寺院,35.675452,139.796589
江東区,白河一丁目,-,東京都江東区白河1丁目3-32,霊巌寺,寺院,35.681550,139.800460
江東区,北砂二丁目,-,東京都江東区北砂2-1-40,妙久寺,寺院,35.678039,139.826618
江東区,富岡一丁目,-,東京都江東区富岡1-15-1,永代寺,寺院,35.672033,139.798023
江東区,深川二丁目,-,東京都江東区深川2-19-13,増林寺,寺院,35.677051,139.797603
江東区,深川二丁目,-,東京都江東区深川2丁目16-27,陽岳寺,寺院,35.675285,139.796464
江東区,深川二丁目,-,東京都江東区深川2丁目22-11,慧然寺,寺院,35.676866,139.799091
江東区,深川二丁目,-,東京都江東区深川2丁目22-5,正覚寺,寺院,35.677143,139.798651
江東区,三好三丁目,-,東京都江東区三好3-7-5,良信院,寺院,35.680567,139.804236
江東区,三好一丁目,-,東京都江東区三好1丁目5-12,済生院,寺院,35.680429,139.801009
江東区,三好二丁目,-,東京都江東区三好2-10-4,潮江院,寺院,35.680116,139.801473
江東区,亀戸三丁目,-,東京都江東区亀戸3丁目42-1,光明寺,寺院,35.704184,139.822540
江東区,清澄三丁目,-,東京都江東区清澄3丁目4-11,江月院,寺院,35.681850,139.798342
江東区,扇橋二丁目,-,東京都江東区扇橋2丁目8-10,西岸寺,寺院,35.683533,139.814357
江東区,森下二丁目,-,東京都江東区森下2-22-9,長慶寺,寺院,35.688688,139.799021
江東区,平野二丁目,-,東京都江東区平野2丁目3-4,宣明院,寺院,35.678051,139.801096
江東区,三好二丁目,-,東京都江東区三好2-11-14,摂心院,寺院,35.680447,139.801377
江東区,平野一丁目,-,東京都江東区平野1-14-10,宗教法人善応院,寺院,35.678994,139.800260
江東区,平野一丁目,-,東京都江東区平野1-14-7,本立院,寺院,35.679079,139.800160
江東区,亀戸三丁目,-,東京都江東区亀戸3丁目6-1,亀戸天神藤まつり,寺院,35.703144,139.821007
江東区,亀戸三丁目,-,東京都江東区亀戸3丁目6-1,亀戸天神うそかえ神事,寺院,35.703144,139.821007
江東区,亀戸三丁目,-,東京都江東区亀戸3丁目34-2,龍眼寺(萩寺),寺院,35.705393,139.819353
江東区,三好一丁目,-,東京都江東区三好1丁目3-3,円通寺,寺院,35.679707,139.800340
江東区,三好一丁目,-,東京都江東区三好1丁目3-18,一乗院,寺院,35.679233,139.800500
江東区,三好二丁目,-,東京都江東区三好2-17-14,雲光院,寺院,35.680535,139.803437
江東区,大島三丁目,-,東京都江東区大島3-12-15,観妙寺,寺院,35.690979,139.828237
江東区,三好三丁目,-,東京都江東区三好3-7-16,神田寺東墓地,寺院,35.680355,139.804266
江東区,三好一丁目,-,東京都江東区三好1丁目8-11,蔡華院,寺院,35.680219,139.799382
江東区,三好一丁目,-,東京都江東区三好1丁目7-7,正覚院,寺院,35.680556,139.799860
江東区,千田,-,東京都江東区千田9-7,光明寺,寺院,35.681630,139.815006
江東区,大島八丁目,-,東京都江東区大島8丁目38-32,宝塔寺,寺院,35.686977,139.842910
江東区,深川二丁目,-,東京都江東区深川2-16-7 心行寺中,深川七福神,寺院,35.676068,139.797013
江東区,深川二丁目,-,東京都江東区深川2丁目15-20,幽遠山玄信寺,寺院,35.675370,139.797663
江東区,三好一丁目,-,東京都江東区三好1丁目2-11,円隆院,寺院,35.679544,139.800020
江東区,三好一丁目,-,東京都江東区三好1-6-6,長専院,寺院,35.680723,139.800390
江東区,深川二丁目,-,東京都江東区深川2丁目16-7,心行寺,寺院,35.675973,139.796884
江東区,亀戸四丁目,-,東京都江東区亀戸4丁目17-11,浄心寺,寺院,35.701117,139.826758
江東区,三好一丁目,-,東京都江東区三好1丁目3-19,唱行院,寺院,35.679336,139.800220
江東区,亀戸三丁目,-,東京都江東区亀戸3丁目10-2,長寿寺,寺院,35.703176,139.819662
江東区,亀戸四丁目,-,東京都江東区亀戸4丁目35-12,宝蓮寺,寺院,35.702055,139.827397
江東区,三好一丁目,-,東京都江東区三好1丁目4-14,松林院華厳院,寺院,35.679927,139.800979
江東区,亀戸六丁目,-,東京都江東区亀戸6丁目35-23,自性院,寺院,35.694469,139.830534
江東区,亀戸五丁目,-,東京都江東区亀戸5-31-8,法徳寺,寺院,35.698505,139.829916
江東区,永代一丁目,-,東京都江東区永代1丁目8-8,正源寺,寺院,35.674052,139.789712
江東区,三好二丁目,-,東京都江東区三好2丁目7-2,照光院,寺院,35.680062,139.803377
江東区,三好一丁目,-,東京都江東区三好1丁目4-5,勢至院,寺院,35.679664,139.800859
江東区,東陽五丁目,-,東京都江東区東陽5-22-6,妙因寺,寺院,35.672012,139.812628
江東区,永代二丁目,-,東京都江東区永代2丁目37-23,萬徳院,寺院,35.674961,139.792789
江東区,三好二丁目,-,東京都江東区三好2丁目16-7,善徳寺,寺院,35.680749,139.802717
江東区,亀戸三丁目,-,東京都江東区亀戸3丁目34-2,龍眼寺,寺院,35.705393,139.819353
江東区,亀戸三丁目,-,東京都江東区亀戸3丁目56-14,竜光寺,寺院,35.704895,139.825653
江東区,大島四丁目,-,東京都江東区大島4-14-7,浄楽寺,寺院,35.688111,139.831115
江東区,北砂六丁目,-,東京都江東区北砂6-1-23,蓮光寺,寺院,35.680487,139.836912
江東区,三好二丁目,-,東京都江東区三好2丁目7-5,龍光院,寺院,35.679891,139.803577
江東区,猿江二丁目,-,東京都江東区猿江2丁目5-1,妙壽寺猿江別院,寺院,35.686225,139.814067
品川区,北品川二丁目,-,東京都品川区北品川2丁目20-25,本照寺,寺院,35.617491,139.741871
品川区,大崎三丁目,-,東京都品川区大崎3丁目8-12,観音寺,寺院,35.619938,139.725647
品川区,西五反田四丁目,-,東京都品川区西五反田4丁目12-1,安養院,寺院,35.626418,139.710025
品川区,東五反田五丁目,-,東京都品川区東五反田5-15-17,薬師寺東京別院,寺院,35.628469,139.722354
品川区,上大崎一丁目,-,東京都品川区上大崎1丁目10-32,浄土宗本願寺,寺院,35.634301,139.724939
品川区,上大崎一丁目,-,東京都品川区上大崎1丁目9-11,戒法寺,寺院,35.633984,139.724026
品川区,上大崎一丁目,-,東京都品川区上大崎1丁目5-10,光取寺,寺院,35.635101,139.723153
品川区,上大崎一丁目,-,東京都品川区上大崎1丁目5-24,宝蔵寺,寺院,35.633619,139.723751
品川区,上大崎一丁目,-,東京都品川区上大崎1-5-15,清岸寺,寺院,35.634311,139.722788
品川区,上大崎一丁目,-,東京都品川区上大崎1-9-24,隆崇院,寺院,35.634055,139.723569
品川区,北品川四丁目,-,東京都品川区北品川4-11-8,春雨寺,寺院,35.617099,139.735705
品川区,南品川一丁目,-,東京都品川区南品川1-1-1,妙蓮寺,寺院,35.614659,139.741685
品川区,北品川二丁目,-,東京都品川区北品川2-4-18,一心寺,寺院,35.619335,139.743069
品川区,南品川三丁目,-,東京都品川区南品川3-5-17,品川寺,寺院,35.609355,139.743867
品川区,南品川二丁目,-,東京都品川区南品川2丁目9-18,常行寺,寺院,35.613756,139.742670
品川区,上大崎一丁目,-,東京都品川区上大崎1丁目5-13,月窓院,寺院,35.634522,139.722873
品川区,北品川三丁目,-,東京都品川区北品川3-7-22,清徳寺,寺院,35.617399,139.740255
品川区,南品川一丁目,-,東京都品川区南品川1丁目10-17,本榮寺,寺院,35.615187,139.742390
品川区,南品川一丁目,-,東京都品川区南品川1丁目10-18,蓮長寺,寺院,35.615129,139.741931
品川区,南品川四丁目,-,東京都品川区南品川4丁目4-2,海蔵寺,寺院,35.613725,139.740714
品川区,東五反田三丁目,-,東京都品川区東五反田3丁目6-17,本立寺,寺院,35.629413,139.729477
品川区,南品川四丁目,-,東京都品川区南品川4-2-17,天龍寺,寺院,35.614481,139.739780
品川区,東大井二丁目,-,東京都品川区東大井2丁目15-10,嶺雲寺,寺院,35.600580,139.740651
品川区,大井六丁目,-,東京都品川区大井6-18-8,来迎院,寺院,35.595861,139.730755
品川区,南品川四丁目,-,東京都品川区南品川4丁目2-16,大竜寺,寺院,35.615315,139.739756
品川区,南品川一丁目,-,東京都品川区南品川1-10-11,本覚寺,寺院,35.615217,139.742619
品川区,南品川四丁目,-,東京都品川区南品川4丁目2-35,清光院,寺院,35.615210,139.738957
品川区,南品川二丁目,-,東京都品川区南品川2丁目1-12,願行寺,寺院,35.614022,139.741700
品川区,南品川三丁目,-,東京都品川区南品川3-5-21,海雲寺,寺院,35.608923,139.743508
品川区,南品川二丁目,-,東京都品川区南品川2-7-25,真了寺,寺院,35.611493,139.743614
品川区,北品川三丁目,-,東京都品川区北品川3丁目11-9,東海寺,寺院,35.616169,139.738977
品川区,二葉一丁目,-,東京都品川区二葉1丁目16-10,相慈寺,寺院,35.606483,139.728022
品川区,西五反田五丁目,-,東京都品川区西五反田5-6-8,安楽寺,寺院,35.624570,139.716489
品川区,大井四丁目,-,東京都品川区大井4丁目22-16,西光寺,寺院,35.600441,139.733035
品川区,北品川二丁目,-,東京都品川区北品川2丁目9-26,眞宗正徳寺,寺院,35.618503,139.742650
品川区,南品川一丁目,-,東京都品川区南品川1丁目2-10,海徳寺,寺院,35.616055,139.742809
品川区,大井六丁目,-,東京都品川区大井6丁目9-17,光福寺,寺院,35.597659,139.731845
品川区,東五反田三丁目,-,東京都品川区東五反田3丁目8-11,宗教法人寿昌寺,寺院,35.628949,139.729817
品川区,南品川四丁目,-,東京都品川区南品川4丁目2-8,清光寺,寺院,35.615542,139.740827
品川区,南品川五丁目,-,東京都品川区南品川5丁目16-22,海晏寺,寺院,35.607940,139.742676
品川区,西大井五丁目,-,東京都品川区西大井5丁目4-9,英倫寺,寺院,35.598808,139.714973
品川区,豊町一丁目,-,東京都品川区豊町1丁目8-12,西教寺,寺院,35.612768,139.723113
品川区,戸越六丁目,-,東京都品川区戸越6丁目13-11,照明寺,寺院,35.607692,139.714933
品川区,小山一丁目,-,東京都品川区小山1-4-8,桐ケ谷寺,寺院,35.621641,139.712140
品川区,東大井五丁目,-,東京都品川区東大井5丁目5-4,西宝寺,寺院,35.607627,139.737076
品川区,東五反田四丁目,-,東京都品川区東五反田4-7-21,了真寺,寺院,35.630203,139.727802
品川区,二葉一丁目,-,東京都品川区二葉1丁目14-16,東光寺,寺院,35.605663,139.726894
品川区,南大井二丁目,-,東京都品川区南大井2丁目5-6,大経寺,寺院,35.592127,139.736662
品川区,南品川三丁目,-,東京都品川区南品川3-5-17,仏教情報システムセンター,寺院,35.609355,139.743867
品川区,戸越三丁目,-,東京都品川区戸越3丁目5-3,宗教法人還来寺,寺院,35.613543,139.716369
品川区,西五反田三丁目,-,東京都品川区西五反田3丁目5-15,徳蔵寺,寺院,35.628675,139.719342
品川区,東大井四丁目,-,東京都品川区東大井4丁目5-2,泊船禅寺,寺院,35.606511,139.742453
品川区,小山四丁目,-,東京都品川区小山4-9-15,唯称寺,寺院,35.618704,139.702186
品川区,南品川四丁目,-,東京都品川区南品川4丁目2-8,本光寺,寺院,35.615542,139.740827
品川区,東大井三丁目,-,東京都品川区東大井3-13-1,來福寺,寺院,35.601622,139.737560
品川区,小山一丁目,-,東京都品川区小山1丁目4-15,長応寺,寺院,35.621124,139.711448
品川区,西品川一丁目,-,東京都品川区西品川1丁目6-26,妙光寺宗教法人,寺院,35.613516,139.730256
品川区,西大井五丁目,-,東京都品川区西大井5-22-25,養玉院,寺院,35.596951,139.717187
品川区,南品川二丁目,-,東京都品川区南品川2丁目8-16,長徳寺,寺院,35.613177,139.743220
品川区,南品川二丁目,-,東京都品川区南品川2丁目8-23,天妙国寺,寺院,35.611868,139.742899
品川区,小山三丁目,-,東京都品川区小山3丁目21-6,朗惺寺,寺院,35.619796,139.705757
品川区,戸越六丁目,-,東京都品川区戸越6-2-3,宗教法人覚證寺,寺院,35.608497,139.714973
渋谷区,広尾五丁目,-,東京都渋谷区広尾5丁目1-21,祥雲寺,寺院,35.649706,139.718658
渋谷区,鴬谷町,-,東京都渋谷区鶯谷町10-15,乗泉寺,寺院,35.653022,139.702572
渋谷区,渋谷三丁目,-,東京都渋谷区渋谷3丁目5-8,東福寺,寺院,35.657873,139.706794
渋谷区,神宮前六丁目,-,東京都渋谷区神宮前6-25-12,長泉寺,寺院,35.666126,139.702745
渋谷区,東四丁目,-,東京都渋谷区東4丁目10-33,吸江寺,寺院,35.655882,139.712240
渋谷区,千駄ケ谷二丁目,-,東京都渋谷区千駄ヶ谷2丁目24-1,仙寿院,寺院,35.675746,139.711522
渋谷区,東三丁目,-,東京都渋谷区東3丁目22-12,清流寺・浄土真宗本願寺派,寺院,35.649797,139.708829
渋谷区,代々木四丁目,-,東京都渋谷区代々木4-23-13,立正寺,寺院,35.681294,139.692135
渋谷区,代々木三丁目,-,東京都渋谷区代々木3-27-5,正春寺,寺院,35.684142,139.691596
渋谷区,本町二丁目,-,東京都渋谷区本町2丁目44-3,荘厳寺,寺院,35.684850,139.684397
渋谷区,恵比寿一丁目,-,東京都渋谷区恵比寿1-18-1,台雲寺,寺院,35.647636,139.713676
渋谷区,幡ケ谷二丁目,-,東京都渋谷区幡ヶ谷2-36-1,清岸寺,寺院,35.677434,139.671118
渋谷区,代々木神園町,-,東京都渋谷区代々木神園町1-1,明治神宮 神楽殿,寺院,35.676035,139.703222
渋谷区,広尾五丁目,-,東京都渋谷区広尾5-1-21,香林院,寺院,35.649706,139.718658
渋谷区,神宮前三丁目,-,東京都渋谷区神宮前3丁目8-9,妙円寺,寺院,35.670854,139.711848
渋谷区,広尾二丁目,-,東京都渋谷区広尾2丁目5-11,東北寺,寺院,35.650139,139.714773
渋谷区,東二丁目,-,東京都渋谷区東2丁目6-16,宝泉寺,寺院,35.654307,139.710504
渋谷区,代々木五丁目,-,東京都渋谷区代々木5-15-10,崇信教会,寺院,35.674044,139.688545
渋谷区,恵比寿南二丁目,-,東京都渋谷区恵比寿南2-12-7,麻布山 泉明寺,寺院,35.643274,139.708170
渋谷区,渋谷二丁目,-,東京都渋谷区渋谷2-5-11,東京渋谷念法寺,寺院,35.659537,139.707991
渋谷区,神宮前二丁目,-,東京都渋谷区神宮前2丁目3-2,慈光寺,寺院,35.674300,139.713277
渋谷区,元代々木町,-,東京都渋谷区元代々木町24-3,応慶寺,寺院,35.670477,139.685913
渋谷区,東三丁目,-,東京都渋谷区東3-8-16,室泉寺,寺院,35.651049,139.711502
渋谷区,千駄ケ谷二丁目,-,東京都渋谷区千駄ヶ谷2丁目35-1,瑞円寺,寺院,35.676710,139.710925
渋谷区,広尾五丁目,-,東京都渋谷区広尾5丁目2-29,上宮寺,寺院,35.650518,139.720140
渋谷区,松涛一丁目,-,東京都渋谷区松濤1丁目18-3,聖泉院,寺院,35.662732,139.691397
渋谷区,恵比寿南二丁目,-,東京都渋谷区恵比寿南2-18-1,松泉寺,寺院,35.643301,139.708549
渋谷区,千駄ケ谷一丁目,-,東京都渋谷区千駄ヶ谷1-13-11,聖輪寺,寺院,35.677198,139.711892
渋谷区,広尾五丁目,-,東京都渋谷区広尾5丁目1-21,霊泉院,寺院,35.649706,139.718658
渋谷区,東三丁目,-,東京都渋谷区東3-10-13,福昌寺,寺院,35.649744,139.710970
渋谷区,代々木三丁目,-,東京都渋谷区代々木3-26-1,諦聴寺,寺院,35.684150,139.691971
渋谷区,代々木五丁目,-,東京都渋谷区代々木5-5-4,大日寺,寺院,35.670272,139.689283
渋谷区,松涛二丁目,-,東京都渋谷区松濤2-17-2,本法寺,寺院,35.658528,139.689901
渋谷区,代々木五丁目,-,東京都渋谷区代々木5丁目2-1,福泉寺,寺院,35.671366,139.688884
渋谷区,本町五丁目,-,東京都渋谷区本町5丁目31-5,大善寺,寺院,35.682905,139.676841
渋谷区,神泉町,-,東京都渋谷区神泉町8-7,日本山妙法寺,寺院,35.655350,139.693192
